<?xml version="1.0" encoding="utf-8" standalone="yes"?>
<rss version="2.0" xmlns:atom="http://www.w3.org/2005/Atom">
  <channel>
    <title>重点手撕代码 on Even - A super concise theme for Hugo</title>
    <link>http://doc.lyr-2000.xyz/categories/%E9%87%8D%E7%82%B9%E6%89%8B%E6%92%95%E4%BB%A3%E7%A0%81/</link>
    <description>Recent content in 重点手撕代码 on Even - A super concise theme for Hugo</description>
    <generator>Hugo -- gohugo.io</generator>
    <language>en</language>
    <copyright>lyr</copyright>
    <lastBuildDate>Thu, 01 Apr 2021 15:53:40 +0000</lastBuildDate><atom:link href="http://doc.lyr-2000.xyz/categories/%E9%87%8D%E7%82%B9%E6%89%8B%E6%92%95%E4%BB%A3%E7%A0%81/index.xml" rel="self" type="application/rss+xml" />
    <item>
      <title>高频手撕代码</title>
      <link>http://doc.lyr-2000.xyz/post/06.%E7%AE%97%E6%B3%95%E5%92%8C%E6%95%B0%E6%8D%AE%E7%BB%93%E6%9E%84/06.%E9%87%8D%E7%82%B9%E6%89%8B%E6%92%95%E4%BB%A3%E7%A0%81/09.%E9%AB%98%E9%A2%91%E6%89%8B%E5%8A%BF%E4%BB%A3%E7%A0%81/</link>
      <pubDate>Thu, 01 Apr 2021 15:53:40 +0000</pubDate>
      
      <guid>http://doc.lyr-2000.xyz/post/06.%E7%AE%97%E6%B3%95%E5%92%8C%E6%95%B0%E6%8D%AE%E7%BB%93%E6%9E%84/06.%E9%87%8D%E7%82%B9%E6%89%8B%E6%92%95%E4%BB%A3%E7%A0%81/09.%E9%AB%98%E9%A2%91%E6%89%8B%E5%8A%BF%E4%BB%A3%E7%A0%81/</guid>
      <description>注意，这些代码我都会用GO来进行实现，参考： 想去看机会？这10道最高频的手撕代码题都会了吗？ - 云+社区 - 腾讯云 (tencent.com) 快速排序 这个非常的经典，必须</description>
    </item>
    
    <item>
      <title>二分查找</title>
      <link>http://doc.lyr-2000.xyz/post/06.%E7%AE%97%E6%B3%95%E5%92%8C%E6%95%B0%E6%8D%AE%E7%BB%93%E6%9E%84/06.%E9%87%8D%E7%82%B9%E6%89%8B%E6%92%95%E4%BB%A3%E7%A0%81/07.%E4%BA%8C%E5%88%86%E6%9F%A5%E6%89%BE/</link>
      <pubDate>Mon, 29 Mar 2021 19:41:39 +0000</pubDate>
      
      <guid>http://doc.lyr-2000.xyz/post/06.%E7%AE%97%E6%B3%95%E5%92%8C%E6%95%B0%E6%8D%AE%E7%BB%93%E6%9E%84/06.%E9%87%8D%E7%82%B9%E6%89%8B%E6%92%95%E4%BB%A3%E7%A0%81/07.%E4%BA%8C%E5%88%86%E6%9F%A5%E6%89%BE/</guid>
      <description>旋转数组的查找 33. 搜索旋转排序数组 - 力扣（LeetCode） (leetcode-cn.com) 区间查找 327. 区间和的个数 - 力扣（LeetCode） (leetcode-cn.com) 逆序数 剑指 Offer 51. 数组中的逆序对 -</description>
    </item>
    
    <item>
      <title>二叉树</title>
      <link>http://doc.lyr-2000.xyz/post/06.%E7%AE%97%E6%B3%95%E5%92%8C%E6%95%B0%E6%8D%AE%E7%BB%93%E6%9E%84/06.%E9%87%8D%E7%82%B9%E6%89%8B%E6%92%95%E4%BB%A3%E7%A0%81/05.%E4%BA%8C%E5%8F%89%E6%A0%91/</link>
      <pubDate>Mon, 29 Mar 2021 19:41:39 +0000</pubDate>
      
      <guid>http://doc.lyr-2000.xyz/post/06.%E7%AE%97%E6%B3%95%E5%92%8C%E6%95%B0%E6%8D%AE%E7%BB%93%E6%9E%84/06.%E9%87%8D%E7%82%B9%E6%89%8B%E6%92%95%E4%BB%A3%E7%A0%81/05.%E4%BA%8C%E5%8F%89%E6%A0%91/</guid>
      <description>二叉树转链表 114. 二叉树展开为链表 - 力扣（LeetCode） (leetcode-cn.com) 路径之和 113. 路径总和 II - 力扣（LeetCode） (leetcode-cn.com) 最近公共祖先 Loading Question&amp;hellip; - 力扣（LeetC</description>
    </item>
    
    <item>
      <title>动态规划</title>
      <link>http://doc.lyr-2000.xyz/post/06.%E7%AE%97%E6%B3%95%E5%92%8C%E6%95%B0%E6%8D%AE%E7%BB%93%E6%9E%84/06.%E9%87%8D%E7%82%B9%E6%89%8B%E6%92%95%E4%BB%A3%E7%A0%81/08.%E5%8A%A8%E6%80%81%E8%A7%84%E5%88%92/</link>
      <pubDate>Mon, 29 Mar 2021 19:41:39 +0000</pubDate>
      
      <guid>http://doc.lyr-2000.xyz/post/06.%E7%AE%97%E6%B3%95%E5%92%8C%E6%95%B0%E6%8D%AE%E7%BB%93%E6%9E%84/06.%E9%87%8D%E7%82%B9%E6%89%8B%E6%92%95%E4%BB%A3%E7%A0%81/08.%E5%8A%A8%E6%80%81%E8%A7%84%E5%88%92/</guid>
      <description>最小路径和 64. 最小路径和 - 力扣（LeetCode） (leetcode-cn.com) 最长上升子序列 300. 最长递增子序列 - 力扣（LeetCode） (leetcode-cn.com) 三角形 120. 三角形最小路径和 - 力扣（</description>
    </item>
    
    <item>
      <title>字符串</title>
      <link>http://doc.lyr-2000.xyz/post/06.%E7%AE%97%E6%B3%95%E5%92%8C%E6%95%B0%E6%8D%AE%E7%BB%93%E6%9E%84/06.%E9%87%8D%E7%82%B9%E6%89%8B%E6%92%95%E4%BB%A3%E7%A0%81/06.%E5%AD%97%E7%AC%A6%E4%B8%B2/</link>
      <pubDate>Mon, 29 Mar 2021 19:41:39 +0000</pubDate>
      
      <guid>http://doc.lyr-2000.xyz/post/06.%E7%AE%97%E6%B3%95%E5%92%8C%E6%95%B0%E6%8D%AE%E7%BB%93%E6%9E%84/06.%E9%87%8D%E7%82%B9%E6%89%8B%E6%92%95%E4%BB%A3%E7%A0%81/06.%E5%AD%97%E7%AC%A6%E4%B8%B2/</guid>
      <description>最长回文串 409. 最长回文串 - 力扣（LeetCode） (leetcode-cn.com) 5. 最长回文子串 - 力扣（LeetCode） (leetcode-cn.com) 重复DNA序列 187. 重复的DNA序列 - 力扣（Leet</description>
    </item>
    
    <item>
      <title>栈、队列、堆</title>
      <link>http://doc.lyr-2000.xyz/post/06.%E7%AE%97%E6%B3%95%E5%92%8C%E6%95%B0%E6%8D%AE%E7%BB%93%E6%9E%84/06.%E9%87%8D%E7%82%B9%E6%89%8B%E6%92%95%E4%BB%A3%E7%A0%81/02.%E6%A0%88%E9%98%9F%E5%88%97%E5%A0%86/</link>
      <pubDate>Mon, 29 Mar 2021 19:41:39 +0000</pubDate>
      
      <guid>http://doc.lyr-2000.xyz/post/06.%E7%AE%97%E6%B3%95%E5%92%8C%E6%95%B0%E6%8D%AE%E7%BB%93%E6%9E%84/06.%E9%87%8D%E7%82%B9%E6%89%8B%E6%92%95%E4%BB%A3%E7%A0%81/02.%E6%A0%88%E9%98%9F%E5%88%97%E5%A0%86/</guid>
      <description>使用队列实现栈 225. 用队列实现栈 - 力扣（LeetCode） (leetcode-cn.com) 使用栈实现队列 232. 用栈实现队列 - 力扣（LeetCode） (leetcode-cn.com) 包含min函数的栈 面试题30</description>
    </item>
    
    <item>
      <title>贪心算法</title>
      <link>http://doc.lyr-2000.xyz/post/06.%E7%AE%97%E6%B3%95%E5%92%8C%E6%95%B0%E6%8D%AE%E7%BB%93%E6%9E%84/06.%E9%87%8D%E7%82%B9%E6%89%8B%E6%92%95%E4%BB%A3%E7%A0%81/03.%E8%B4%AA%E5%BF%83%E7%AE%97%E6%B3%95/</link>
      <pubDate>Mon, 29 Mar 2021 19:41:39 +0000</pubDate>
      
      <guid>http://doc.lyr-2000.xyz/post/06.%E7%AE%97%E6%B3%95%E5%92%8C%E6%95%B0%E6%8D%AE%E7%BB%93%E6%9E%84/06.%E9%87%8D%E7%82%B9%E6%89%8B%E6%92%95%E4%BB%A3%E7%A0%81/03.%E8%B4%AA%E5%BF%83%E7%AE%97%E6%B3%95/</guid>
      <description>分糖果 575. 分糖果 - 力扣（LeetCode） (leetcode-cn.com) 跳跃游戏1 2 55. 跳跃游戏 - 力扣（LeetCode） (leetcode-cn.com) 最优加油方法 871. 最低加油次数 - 力扣（LeetCod</description>
    </item>
    
    <item>
      <title>递归、回溯、分治</title>
      <link>http://doc.lyr-2000.xyz/post/06.%E7%AE%97%E6%B3%95%E5%92%8C%E6%95%B0%E6%8D%AE%E7%BB%93%E6%9E%84/06.%E9%87%8D%E7%82%B9%E6%89%8B%E6%92%95%E4%BB%A3%E7%A0%81/04.%E9%80%92%E5%BD%92%E5%9B%9E%E6%BA%AF%E5%88%86%E6%B2%BB/</link>
      <pubDate>Mon, 29 Mar 2021 19:41:39 +0000</pubDate>
      
      <guid>http://doc.lyr-2000.xyz/post/06.%E7%AE%97%E6%B3%95%E5%92%8C%E6%95%B0%E6%8D%AE%E7%BB%93%E6%9E%84/06.%E9%87%8D%E7%82%B9%E6%89%8B%E6%92%95%E4%BB%A3%E7%A0%81/04.%E9%80%92%E5%BD%92%E5%9B%9E%E6%BA%AF%E5%88%86%E6%B2%BB/</guid>
      <description>n皇后 51. N 皇后 - 力扣（LeetCode） (leetcode-cn.com) 生成括号 22. 括号生成 - 力扣（LeetCode） (leetcode-cn.com) 求子集1 2 78. 子集 - 力扣（LeetCode） (leetcode-cn.com) 组合数之</description>
    </item>
    
    <item>
      <title>链表</title>
      <link>http://doc.lyr-2000.xyz/post/06.%E7%AE%97%E6%B3%95%E5%92%8C%E6%95%B0%E6%8D%AE%E7%BB%93%E6%9E%84/06.%E9%87%8D%E7%82%B9%E6%89%8B%E6%92%95%E4%BB%A3%E7%A0%81/01.%E9%93%BE%E8%A1%A8/</link>
      <pubDate>Mon, 29 Mar 2021 19:41:39 +0000</pubDate>
      
      <guid>http://doc.lyr-2000.xyz/post/06.%E7%AE%97%E6%B3%95%E5%92%8C%E6%95%B0%E6%8D%AE%E7%BB%93%E6%9E%84/06.%E9%87%8D%E7%82%B9%E6%89%8B%E6%92%95%E4%BB%A3%E7%A0%81/01.%E9%93%BE%E8%A1%A8/</guid>
      <description>链表逆序 剑指 Offer 24. 反转链表 - 力扣（LeetCode） (leetcode-cn.com) 链表求交点 面试题 02.07. 链表相交 - 力扣（LeetCode） (leetcode-cn.com) 链表求环 142. 环形链表 II - 力扣（Lee</description>
    </item>
    
  </channel>
</rss>
