<?xml version="1.0" encoding="utf-8" standalone="yes"?>
<rss version="2.0" xmlns:atom="http://www.w3.org/2005/Atom">
  <channel>
    <title>消息队列 on Even - A super concise theme for Hugo</title>
    <link>http://doc.lyr-2000.xyz/categories/%E6%B6%88%E6%81%AF%E9%98%9F%E5%88%97/</link>
    <description>Recent content in 消息队列 on Even - A super concise theme for Hugo</description>
    <generator>Hugo -- gohugo.io</generator>
    <language>en</language>
    <copyright>lyr</copyright>
    <lastBuildDate>Sat, 27 Mar 2021 14:09:54 +0000</lastBuildDate><atom:link href="http://doc.lyr-2000.xyz/categories/%E6%B6%88%E6%81%AF%E9%98%9F%E5%88%97/index.xml" rel="self" type="application/rss+xml" />
    <item>
      <title>面试问题</title>
      <link>http://doc.lyr-2000.xyz/post/04.%E6%A1%86%E6%9E%B6/03.%E4%B8%AD%E9%97%B4%E4%BB%B6/1.%E9%9D%A2%E8%AF%95%E9%97%AE%E9%A2%98/</link>
      <pubDate>Sat, 27 Mar 2021 14:09:54 +0000</pubDate>
      
      <guid>http://doc.lyr-2000.xyz/post/04.%E6%A1%86%E6%9E%B6/03.%E4%B8%AD%E9%97%B4%E4%BB%B6/1.%E9%9D%A2%E8%AF%95%E9%97%AE%E9%A2%98/</guid>
      <description>基本概念 说白了就是把请求的信息都放入一个队列，然后多台服务器从这个消息队列中获取所需要的的信息 常见的消息队列有那些 有如老牌的ActiveMQ</description>
    </item>
    
  </channel>
</rss>
