<?xml version="1.0" encoding="utf-8" standalone="yes"?>
<rss version="2.0" xmlns:atom="http://www.w3.org/2005/Atom">
  <channel>
    <title>JavaScript和HTML on Even - A super concise theme for Hugo</title>
    <link>http://doc.lyr-2000.xyz/categories/javascript%E5%92%8Chtml/</link>
    <description>Recent content in JavaScript和HTML on Even - A super concise theme for Hugo</description>
    <generator>Hugo -- gohugo.io</generator>
    <language>en</language>
    <copyright>lyr</copyright>
    <lastBuildDate>Tue, 13 Apr 2021 20:31:38 +0000</lastBuildDate><atom:link href="http://doc.lyr-2000.xyz/categories/javascript%E5%92%8Chtml/index.xml" rel="self" type="application/rss+xml" />
    <item>
      <title>前端</title>
      <link>http://doc.lyr-2000.xyz/post/01.%E7%A8%8B%E5%BA%8F%E8%AF%AD%E8%A8%80/04.javascript%E5%92%8Chtml/03.%E5%89%8D%E7%AB%AF/</link>
      <pubDate>Tue, 13 Apr 2021 20:31:38 +0000</pubDate>
      
      <guid>http://doc.lyr-2000.xyz/post/01.%E7%A8%8B%E5%BA%8F%E8%AF%AD%E8%A8%80/04.javascript%E5%92%8Chtml/03.%E5%89%8D%E7%AB%AF/</guid>
      <description>跨域问题怎么处理 通过jsonp跨域 document.domain + iframe跨域 location.hash + iframe window.name + iframe跨域 postMessage跨域 跨域资源共享（CORS） nginx</description>
    </item>
    
    <item>
      <title>HTML</title>
      <link>http://doc.lyr-2000.xyz/post/01.%E7%A8%8B%E5%BA%8F%E8%AF%AD%E8%A8%80/04.javascript%E5%92%8Chtml/02.html/</link>
      <pubDate>Tue, 13 Apr 2021 19:59:35 +0000</pubDate>
      
      <guid>http://doc.lyr-2000.xyz/post/01.%E7%A8%8B%E5%BA%8F%E8%AF%AD%E8%A8%80/04.javascript%E5%92%8Chtml/02.html/</guid>
      <description>优化相关 怎么优化界面，让用户体验更好 减少 HTTP 请求 使用 HTTP2 使用服务端渲染 客户端渲染: 获取 HTML 文件，根据需要下载 JavaScript 文件，运行文件，生成 DOM，再渲染。</description>
    </item>
    
  </channel>
</rss>
