<?xml version="1.0" encoding="utf-8" standalone="yes"?>
<rss version="2.0" xmlns:atom="http://www.w3.org/2005/Atom">
  <channel>
    <title>Nodejs on Even - A super concise theme for Hugo</title>
    <link>http://doc.lyr-2000.xyz/categories/nodejs/</link>
    <description>Recent content in Nodejs on Even - A super concise theme for Hugo</description>
    <generator>Hugo -- gohugo.io</generator>
    <language>en</language>
    <copyright>lyr</copyright>
    <lastBuildDate>Thu, 26 Dec 2019 15:57:32 +0000</lastBuildDate><atom:link href="http://doc.lyr-2000.xyz/categories/nodejs/index.xml" rel="self" type="application/rss+xml" />
    <item>
      <title>nodejs递归读取所有文件</title>
      <link>http://doc.lyr-2000.xyz/post/09.%E5%89%8D%E7%AB%AF/03.%E6%8A%80%E6%9C%AF/03.nodejs/01.nodejs%E9%80%92%E5%BD%92%E8%AF%BB%E5%8F%96%E6%89%80%E6%9C%89%E6%96%87%E4%BB%B6/</link>
      <pubDate>Thu, 26 Dec 2019 15:57:32 +0000</pubDate>
      
      <guid>http://doc.lyr-2000.xyz/post/09.%E5%89%8D%E7%AB%AF/03.%E6%8A%80%E6%9C%AF/03.nodejs/01.nodejs%E9%80%92%E5%BD%92%E8%AF%BB%E5%8F%96%E6%89%80%E6%9C%89%E6%96%87%E4%BB%B6/</guid>
      <description>nodejs递归读取所有文件 1 2 3 4 5 6 7 8 9 10 11 12 13 14 15 16 17 18 19 20 21 var fs = require(&amp;#39;fs&amp;#39;); var path = require(&amp;#39;path&amp;#39;); function readFileList(dir, filesList = []) { const files = fs.readdirSync(dir); console.log(files); files.forEach((item, index) =&amp;gt; { var fullPath = path.join(dir, item); const stat = fs.statSync(fullPath); if (stat.isDirectory()) {</description>
    </item>
    
  </channel>
</rss>
