<?xml version="1.0" encoding="utf-8" standalone="yes"?>
<rss version="2.0" xmlns:atom="http://www.w3.org/2005/Atom">
  <channel>
    <title>Vuex on Even - A super concise theme for Hugo</title>
    <link>http://doc.lyr-2000.xyz/categories/vuex/</link>
    <description>Recent content in Vuex on Even - A super concise theme for Hugo</description>
    <generator>Hugo -- gohugo.io</generator>
    <language>en</language>
    <copyright>lyr</copyright>
    <lastBuildDate>Sat, 08 Aug 2020 10:38:33 +0000</lastBuildDate><atom:link href="http://doc.lyr-2000.xyz/categories/vuex/index.xml" rel="self" type="application/rss+xml" />
    <item>
      <title>Vuex</title>
      <link>http://doc.lyr-2000.xyz/post/09.%E5%89%8D%E7%AB%AF/10.vue%E7%AC%94%E8%AE%B0/10.vuex/01.vuex/</link>
      <pubDate>Sat, 08 Aug 2020 10:38:33 +0000</pubDate>
      
      <guid>http://doc.lyr-2000.xyz/post/09.%E5%89%8D%E7%AB%AF/10.vue%E7%AC%94%E8%AE%B0/10.vuex/01.vuex/</guid>
      <description>Vuex Vuex 是一个专为 Vue.js 应用程序开发的状态管理模式。 Vuex使用过程演示 以vue-cli3新创建出来的项目为例，演示Vuex的使用过程。 创建项目: 1</description>
    </item>
    
  </channel>
</rss>
