<?xml version="1.0" encoding="utf-8" standalone="yes"?>
<rss version="2.0" xmlns:atom="http://www.w3.org/2005/Atom">
  <channel>
    <title>ts-axios 部署与发布 on Even - A super concise theme for Hugo</title>
    <link>http://doc.lyr-2000.xyz/categories/ts-axios-%E9%83%A8%E7%BD%B2%E4%B8%8E%E5%8F%91%E5%B8%83/</link>
    <description>Recent content in ts-axios 部署与发布 on Even - A super concise theme for Hugo</description>
    <generator>Hugo -- gohugo.io</generator>
    <language>en</language>
    <copyright>lyr</copyright>
    <lastBuildDate>Sun, 05 Jan 2020 10:56:02 +0000</lastBuildDate><atom:link href="http://doc.lyr-2000.xyz/categories/ts-axios-%E9%83%A8%E7%BD%B2%E4%B8%8E%E5%8F%91%E5%B8%83/index.xml" rel="self" type="application/rss+xml" />
    <item>
      <title>ts-axios 编译与发布</title>
      <link>http://doc.lyr-2000.xyz/post/09.%E5%89%8D%E7%AB%AF/11.typescript-%E4%BB%8E%E9%9B%B6%E5%AE%9E%E7%8E%B0-axios/12.ts-axios-%E9%83%A8%E7%BD%B2%E4%B8%8E%E5%8F%91%E5%B8%83/01.ts-axios-%E7%BC%96%E8%AF%91%E4%B8%8E%E5%8F%91%E5%B8%83/</link>
      <pubDate>Sun, 05 Jan 2020 10:56:02 +0000</pubDate>
      
      <guid>http://doc.lyr-2000.xyz/post/09.%E5%89%8D%E7%AB%AF/11.typescript-%E4%BB%8E%E9%9B%B6%E5%AE%9E%E7%8E%B0-axios/12.ts-axios-%E9%83%A8%E7%BD%B2%E4%B8%8E%E5%8F%91%E5%B8%83/01.ts-axios-%E7%BC%96%E8%AF%91%E4%B8%8E%E5%8F%91%E5%B8%83/</guid>
      <description>ts-axios 编译与发布 需求分析 前面的章节我们完成 ts-axios 库的代码编写和单元测试。这一章我们希望把代码部署发布到公共 npm 上，供别人下载使用。但是并不是所有人都会</description>
    </item>
    
    <item>
      <title>引用 ts-axios 库</title>
      <link>http://doc.lyr-2000.xyz/post/09.%E5%89%8D%E7%AB%AF/11.typescript-%E4%BB%8E%E9%9B%B6%E5%AE%9E%E7%8E%B0-axios/12.ts-axios-%E9%83%A8%E7%BD%B2%E4%B8%8E%E5%8F%91%E5%B8%83/02.%E5%BC%95%E7%94%A8-ts-axios-%E5%BA%93/</link>
      <pubDate>Sun, 05 Jan 2020 10:56:02 +0000</pubDate>
      
      <guid>http://doc.lyr-2000.xyz/post/09.%E5%89%8D%E7%AB%AF/11.typescript-%E4%BB%8E%E9%9B%B6%E5%AE%9E%E7%8E%B0-axios/12.ts-axios-%E9%83%A8%E7%BD%B2%E4%B8%8E%E5%8F%91%E5%B8%83/02.%E5%BC%95%E7%94%A8-ts-axios-%E5%BA%93/</guid>
      <description>引用 ts-axios 库 在 TS 项目中引用 我们借助于 vue-cli 脚手架创建一个 TypeScript 的 Vue 项目，然后我们把 Vue 官网上一段使用 axios 发请求的 demo 代码抄过来。 我们需要先执行 npm install ts-axios-new 安装 ts-axios 库。</description>
    </item>
    
  </channel>
</rss>
