<?xml version="1.0" encoding="utf-8" standalone="yes"?>
<rss version="2.0" xmlns:atom="http://www.w3.org/2005/Atom">
  <channel>
    <title>更多 on Even - A super concise theme for Hugo</title>
    <link>http://doc.lyr-2000.xyz/categories/%E6%9B%B4%E5%A4%9A/</link>
    <description>Recent content in 更多 on Even - A super concise theme for Hugo</description>
    <generator>Hugo -- gohugo.io</generator>
    <language>en</language>
    <copyright>lyr</copyright>
    <lastBuildDate>Mon, 09 Nov 2020 11:05:29 +0000</lastBuildDate><atom:link href="http://doc.lyr-2000.xyz/categories/%E6%9B%B4%E5%A4%9A/index.xml" rel="self" type="application/rss+xml" />
    <item>
      <title>2分钟规则</title>
      <link>http://doc.lyr-2000.xyz/post/09.%E5%89%8D%E7%AB%AF/04.%E6%9B%B4%E5%A4%9A/10.%E5%AE%9E%E7%94%A8%E6%8A%80%E5%B7%A7/01.2%E5%88%86%E9%92%9F%E8%A7%84%E5%88%99/</link>
      <pubDate>Mon, 09 Nov 2020 11:05:29 +0000</pubDate>
      
      <guid>http://doc.lyr-2000.xyz/post/09.%E5%89%8D%E7%AB%AF/04.%E6%9B%B4%E5%A4%9A/10.%E5%AE%9E%E7%94%A8%E6%8A%80%E5%B7%A7/01.2%E5%88%86%E9%92%9F%E8%A7%84%E5%88%99/</guid>
      <description>每当你发现很难开始执行某项任务时，可以试试将其缩减成2分钟的版本。 看一本书 → 看一页书 写一篇文章 → 写一句话 跑10公里 → 穿上跑鞋 做100次俯卧撑</description>
    </item>
    
    <item>
      <title>反向拆解让人上瘾的套路，找回自律</title>
      <link>http://doc.lyr-2000.xyz/post/09.%E5%89%8D%E7%AB%AF/04.%E6%9B%B4%E5%A4%9A/05.%E5%BF%83%E6%83%85%E6%9D%82%E8%B4%A7/10.%E5%8F%8D%E5%90%91%E6%8B%86%E8%A7%A3%E8%AE%A9%E4%BA%BA%E4%B8%8A%E7%98%BE%E7%9A%84%E5%A5%97%E8%B7%AF%E6%89%BE%E5%9B%9E%E8%87%AA%E5%BE%8B/</link>
      <pubDate>Wed, 22 Jul 2020 13:05:49 +0000</pubDate>
      
      <guid>http://doc.lyr-2000.xyz/post/09.%E5%89%8D%E7%AB%AF/04.%E6%9B%B4%E5%A4%9A/05.%E5%BF%83%E6%83%85%E6%9D%82%E8%B4%A7/10.%E5%8F%8D%E5%90%91%E6%8B%86%E8%A7%A3%E8%AE%A9%E4%BA%BA%E4%B8%8A%E7%98%BE%E7%9A%84%E5%A5%97%E8%B7%AF%E6%89%BE%E5%9B%9E%E8%87%AA%E5%BE%8B/</guid>
      <description>反向拆解让人上瘾的套路，找回自律 当你打开手机准备学习或者查个资料的时候，很有可能不知不觉的就脱离的正规&amp;hellip; 某某app发来通知：x</description>
    </item>
    
    <item>
      <title>笔记方法</title>
      <link>http://doc.lyr-2000.xyz/post/09.%E5%89%8D%E7%AB%AF/04.%E6%9B%B4%E5%A4%9A/01.%E5%AD%A6%E4%B9%A0/01.%E7%AC%94%E8%AE%B0%E6%96%B9%E6%B3%95/</link>
      <pubDate>Thu, 16 Jul 2020 11:00:55 +0000</pubDate>
      
      <guid>http://doc.lyr-2000.xyz/post/09.%E5%89%8D%E7%AB%AF/04.%E6%9B%B4%E5%A4%9A/01.%E5%AD%A6%E4%B9%A0/01.%E7%AC%94%E8%AE%B0%E6%96%B9%E6%B3%95/</guid>
      <description>::: center 康奈尔笔记法 思维导图法 金三角笔记法 曼陀罗九宫格笔记法 记号记录法 六色笔记法 加工笔记法 整理笔记要点1-科学标记重点 整理笔记要点2-修改不涂改</description>
    </item>
    
    <item>
      <title>费曼学习法</title>
      <link>http://doc.lyr-2000.xyz/post/09.%E5%89%8D%E7%AB%AF/04.%E6%9B%B4%E5%A4%9A/01.%E5%AD%A6%E4%B9%A0/00.%E8%B4%B9%E6%9B%BC%E5%AD%A6%E4%B9%A0%E6%B3%95/</link>
      <pubDate>Thu, 16 Jul 2020 10:04:14 +0000</pubDate>
      
      <guid>http://doc.lyr-2000.xyz/post/09.%E5%89%8D%E7%AB%AF/04.%E6%9B%B4%E5%A4%9A/01.%E5%AD%A6%E4%B9%A0/00.%E8%B4%B9%E6%9B%BC%E5%AD%A6%E4%B9%A0%E6%B3%95/</guid>
      <description>费曼学习法，我很喜欢的一个学习方法，简单来说，就是：通过向别人清楚的解说某一件事或是写一篇浅显易懂的教程文章，来确认自己是否真正弄懂了这件事</description>
    </item>
    
    <item>
      <title>搜索引擎使用技巧</title>
      <link>http://doc.lyr-2000.xyz/post/09.%E5%89%8D%E7%AB%AF/04.%E6%9B%B4%E5%A4%9A/01.%E5%AD%A6%E4%B9%A0/10.%E6%90%9C%E7%B4%A2%E5%BC%95%E6%93%8E%E4%BD%BF%E7%94%A8%E6%8A%80%E5%B7%A7/</link>
      <pubDate>Sun, 24 May 2020 11:44:19 +0000</pubDate>
      
      <guid>http://doc.lyr-2000.xyz/post/09.%E5%89%8D%E7%AB%AF/04.%E6%9B%B4%E5%A4%9A/01.%E5%AD%A6%E4%B9%A0/10.%E6%90%9C%E7%B4%A2%E5%BC%95%E6%93%8E%E4%BD%BF%E7%94%A8%E6%8A%80%E5%B7%A7/</guid>
      <description>搜索引擎相信大家经常在使用，但是有时候想搜某个信息时却搜出来一大堆不相关的（百度：你们都在看我干什么？）。下面我们来介绍几种搜索技巧，可以提</description>
    </item>
    
    <item>
      <title>一个完美主义者的自我救赎</title>
      <link>http://doc.lyr-2000.xyz/post/09.%E5%89%8D%E7%AB%AF/04.%E6%9B%B4%E5%A4%9A/05.%E5%BF%83%E6%83%85%E6%9D%82%E8%B4%A7/01.%E4%B8%80%E4%B8%AA%E5%AE%8C%E7%BE%8E%E4%B8%BB%E4%B9%89%E8%80%85%E7%9A%84%E8%87%AA%E6%88%91%E6%95%91%E8%B5%8E/</link>
      <pubDate>Thu, 16 Jan 2020 15:15:27 +0000</pubDate>
      
      <guid>http://doc.lyr-2000.xyz/post/09.%E5%89%8D%E7%AB%AF/04.%E6%9B%B4%E5%A4%9A/05.%E5%BF%83%E6%83%85%E6%9D%82%E8%B4%A7/01.%E4%B8%80%E4%B8%AA%E5%AE%8C%E7%BE%8E%E4%B8%BB%E4%B9%89%E8%80%85%E7%9A%84%E8%87%AA%E6%88%91%E6%95%91%E8%B5%8E/</guid>
      <description>一个完美主义者的自我救赎 最近，看到一个心理测试题是测试你是否有完美主义： （1）你是不是经常为自己设定目标，而且最终往往达不到那些目标？ （2）</description>
    </item>
    
    <item>
      <title>提高学习效率的策略</title>
      <link>http://doc.lyr-2000.xyz/post/09.%E5%89%8D%E7%AB%AF/04.%E6%9B%B4%E5%A4%9A/01.%E5%AD%A6%E4%B9%A0/02.%E6%8F%90%E9%AB%98%E5%AD%A6%E4%B9%A0%E6%95%88%E7%8E%87%E7%9A%84%E7%AD%96%E7%95%A5/</link>
      <pubDate>Sat, 04 Jan 2020 11:54:14 +0000</pubDate>
      
      <guid>http://doc.lyr-2000.xyz/post/09.%E5%89%8D%E7%AB%AF/04.%E6%9B%B4%E5%A4%9A/01.%E5%AD%A6%E4%B9%A0/02.%E6%8F%90%E9%AB%98%E5%AD%A6%E4%B9%A0%E6%95%88%E7%8E%87%E7%9A%84%E7%AD%96%E7%95%A5/</guid>
      <description>提高学习效率的策略 推荐一本关于学习方法的书《认知天性》，里面有讲到有一些简单实用的学习策略，能让大家学的更好、记得更牢，而且这些策略人人可用</description>
    </item>
    
    <item>
      <title>处理问题的思路</title>
      <link>http://doc.lyr-2000.xyz/post/09.%E5%89%8D%E7%AB%AF/04.%E6%9B%B4%E5%A4%9A/01.%E5%AD%A6%E4%B9%A0/05.%E5%A4%84%E7%90%86%E9%97%AE%E9%A2%98%E7%9A%84%E6%80%9D%E8%B7%AF/</link>
      <pubDate>Fri, 03 Jan 2020 14:36:02 +0000</pubDate>
      
      <guid>http://doc.lyr-2000.xyz/post/09.%E5%89%8D%E7%AB%AF/04.%E6%9B%B4%E5%A4%9A/01.%E5%AD%A6%E4%B9%A0/05.%E5%A4%84%E7%90%86%E9%97%AE%E9%A2%98%E7%9A%84%E6%80%9D%E8%B7%AF/</guid>
      <description>处理问题的思路 工作中遇到问题？ 遇到问题卡住了，可以先休息一会儿，调整一下状态，喝杯水走走放松放松，然后想想有没有遗漏的地方，或者其他的解决方</description>
    </item>
    
    <item>
      <title>自律小建议</title>
      <link>http://doc.lyr-2000.xyz/post/09.%E5%89%8D%E7%AB%AF/04.%E6%9B%B4%E5%A4%9A/01.%E5%AD%A6%E4%B9%A0/04.%E8%87%AA%E5%BE%8B%E5%B0%8F%E5%BB%BA%E8%AE%AE/</link>
      <pubDate>Fri, 03 Jan 2020 14:35:18 +0000</pubDate>
      
      <guid>http://doc.lyr-2000.xyz/post/09.%E5%89%8D%E7%AB%AF/04.%E6%9B%B4%E5%A4%9A/01.%E5%AD%A6%E4%B9%A0/04.%E8%87%AA%E5%BE%8B%E5%B0%8F%E5%BB%BA%E8%AE%AE/</guid>
      <description>自律小建议 培养专注 练习冥想、瑜伽等 排除外界干扰 手机调到勿扰，在图书馆学习等 规定学习时间 番茄时间管理——使用番茄时间管理法，选择一个待完成的任</description>
    </item>
    
    <item>
      <title>提高记忆的技巧</title>
      <link>http://doc.lyr-2000.xyz/post/09.%E5%89%8D%E7%AB%AF/04.%E6%9B%B4%E5%A4%9A/01.%E5%AD%A6%E4%B9%A0/03.%E6%8F%90%E9%AB%98%E8%AE%B0%E5%BF%86%E7%9A%84%E6%8A%80%E5%B7%A7/</link>
      <pubDate>Fri, 03 Jan 2020 14:34:48 +0000</pubDate>
      
      <guid>http://doc.lyr-2000.xyz/post/09.%E5%89%8D%E7%AB%AF/04.%E6%9B%B4%E5%A4%9A/01.%E5%AD%A6%E4%B9%A0/03.%E6%8F%90%E9%AB%98%E8%AE%B0%E5%BF%86%E7%9A%84%E6%8A%80%E5%B7%A7/</guid>
      <description>提高记忆的技巧 多个感官并用 记忆时调用一切感官。没人的话可以大声阅读，有人的话可以默念，轻微摇晃手指等，有助于保持专注。 重复记忆 每天留出半个到</description>
    </item>
    
    <item>
      <title>面试问题集锦</title>
      <link>http://doc.lyr-2000.xyz/post/09.%E5%89%8D%E7%AB%AF/04.%E6%9B%B4%E5%A4%9A/03.%E9%9D%A2%E8%AF%95/01.%E9%9D%A2%E8%AF%95%E9%97%AE%E9%A2%98%E9%9B%86%E9%94%A6/</link>
      <pubDate>Wed, 25 Dec 2019 14:27:01 +0000</pubDate>
      
      <guid>http://doc.lyr-2000.xyz/post/09.%E5%89%8D%E7%AB%AF/04.%E6%9B%B4%E5%A4%9A/03.%E9%9D%A2%E8%AF%95/01.%E9%9D%A2%E8%AF%95%E9%97%AE%E9%A2%98%E9%9B%86%E9%94%A6/</guid>
      <description>面试问题集锦 请做一下自我介绍 回答提示： 一般人回答这个问题过于平常，只说姓名、年龄、工作经验，这些在简历上都有。其实，企业最希望知道的是求职者</description>
    </item>
    
  </channel>
</rss>
