<?xml version="1.0" encoding="utf-8" standalone="yes"?>
<rss version="2.0" xmlns:atom="http://www.w3.org/2005/Atom">
  <channel>
    <title>字节跳动 on Even - A super concise theme for Hugo</title>
    <link>http://doc.lyr-2000.xyz/categories/%E5%AD%97%E8%8A%82%E8%B7%B3%E5%8A%A8/</link>
    <description>Recent content in 字节跳动 on Even - A super concise theme for Hugo</description>
    <generator>Hugo -- gohugo.io</generator>
    <language>en</language>
    <copyright>lyr</copyright>
    <lastBuildDate>Mon, 22 Mar 2021 10:43:52 +0000</lastBuildDate><atom:link href="http://doc.lyr-2000.xyz/categories/%E5%AD%97%E8%8A%82%E8%B7%B3%E5%8A%A8/index.xml" rel="self" type="application/rss+xml" />
    <item>
      <title>第一次面试</title>
      <link>http://doc.lyr-2000.xyz/post/07.%E4%B8%AA%E4%BA%BA%E9%9D%A2%E8%AF%95/01.3%E6%9C%88%E4%BB%BD%E9%9D%A2%E8%AF%95/01.%E7%AC%AC%E4%B8%80%E6%AC%A1%E9%9D%A2%E8%AF%95/</link>
      <pubDate>Mon, 22 Mar 2021 10:43:52 +0000</pubDate>
      
      <guid>http://doc.lyr-2000.xyz/post/07.%E4%B8%AA%E4%BA%BA%E9%9D%A2%E8%AF%95/01.3%E6%9C%88%E4%BB%BD%E9%9D%A2%E8%AF%95/01.%E7%AC%AC%E4%B8%80%E6%AC%A1%E9%9D%A2%E8%AF%95/</guid>
      <description>Vue原理 实例化过程 初始化生命周期，初始化事件，初始化渲染，触发执行beforeCreate生命周期方法，初始化data/props数据监听</description>
    </item>
    
    <item>
      <title>第二次面试</title>
      <link>http://doc.lyr-2000.xyz/post/07.%E4%B8%AA%E4%BA%BA%E9%9D%A2%E8%AF%95/01.3%E6%9C%88%E4%BB%BD%E9%9D%A2%E8%AF%95/02.%E7%AC%AC%E4%BA%8C%E6%AC%A1%E9%9D%A2%E8%AF%95/</link>
      <pubDate>Mon, 22 Mar 2021 10:43:52 +0000</pubDate>
      
      <guid>http://doc.lyr-2000.xyz/post/07.%E4%B8%AA%E4%BA%BA%E9%9D%A2%E8%AF%95/01.3%E6%9C%88%E4%BB%BD%E9%9D%A2%E8%AF%95/02.%E7%AC%AC%E4%BA%8C%E6%AC%A1%E9%9D%A2%E8%AF%95/</guid>
      <description>go的几个web框架 beego，iris，gin，echo，revel 为什么Echo框架查找速度快 基于 radix tree ，Echo 的路由查询速度非常快。路</description>
    </item>
    
  </channel>
</rss>
