<?xml version="1.0" encoding="utf-8" standalone="yes"?>
<rss version="2.0" xmlns:atom="http://www.w3.org/2005/Atom">
  <channel>
    <title>案例演示 on Even - A super concise theme for Hugo</title>
    <link>http://doc.lyr-2000.xyz/categories/%E6%A1%88%E4%BE%8B%E6%BC%94%E7%A4%BA/</link>
    <description>Recent content in 案例演示 on Even - A super concise theme for Hugo</description>
    <generator>Hugo -- gohugo.io</generator>
    <language>en</language>
    <copyright>lyr</copyright>
    <lastBuildDate>Sat, 27 Mar 2021 15:04:09 +0000</lastBuildDate><atom:link href="http://doc.lyr-2000.xyz/categories/%E6%A1%88%E4%BE%8B%E6%BC%94%E7%A4%BA/index.xml" rel="self" type="application/rss+xml" />
    <item>
      <title>案例演示</title>
      <link>http://doc.lyr-2000.xyz/post/09.%E5%89%8D%E7%AB%AF/12.react%E7%AC%94%E8%AE%B0/04.%E6%A1%88%E4%BE%8B%E6%BC%94%E7%A4%BA/01.%E6%A1%88%E4%BE%8B%E6%BC%94%E7%A4%BA/</link>
      <pubDate>Sat, 27 Mar 2021 15:04:09 +0000</pubDate>
      
      <guid>http://doc.lyr-2000.xyz/post/09.%E5%89%8D%E7%AB%AF/12.react%E7%AC%94%E8%AE%B0/04.%E6%A1%88%E4%BE%8B%E6%BC%94%E7%A4%BA/01.%E6%A1%88%E4%BE%8B%E6%BC%94%E7%A4%BA/</guid>
      <description>案例演示 本节内容根据官方文档的 教程 编写。 在线demo 案例代码 1 2 3 4 5 6 7 8 9 10 11 12 13 14 15 16 17 18 19 20 21 22 23 24 25 26 27 28 29 30 31 32 33 34 35 36 37 38 39 40</description>
    </item>
    
  </channel>
</rss>
