<?xml version="1.0" encoding="utf-8" standalone="yes"?>
<rss version="2.0" xmlns:atom="http://www.w3.org/2005/Atom">
  <channel>
    <title>HTML on Even - A super concise theme for Hugo</title>
    <link>http://doc.lyr-2000.xyz/categories/html/</link>
    <description>Recent content in HTML on Even - A super concise theme for Hugo</description>
    <generator>Hugo -- gohugo.io</generator>
    <language>en</language>
    <copyright>lyr</copyright>
    <lastBuildDate>Fri, 21 Feb 2020 12:20:10 +0000</lastBuildDate><atom:link href="http://doc.lyr-2000.xyz/categories/html/index.xml" rel="self" type="application/rss+xml" />
    <item>
      <title>常用meta整理</title>
      <link>http://doc.lyr-2000.xyz/post/09.%E5%89%8D%E7%AB%AF/02.%E9%A1%B5%E9%9D%A2/10.html/10.%E5%B8%B8%E7%94%A8meta%E6%95%B4%E7%90%86/</link>
      <pubDate>Fri, 21 Feb 2020 12:20:10 +0000</pubDate>
      
      <guid>http://doc.lyr-2000.xyz/post/09.%E5%89%8D%E7%AB%AF/02.%E9%A1%B5%E9%9D%A2/10.html/10.%E5%B8%B8%E7%94%A8meta%E6%95%B4%E7%90%86/</guid>
      <description>常用meta整理 &amp;lt;meta&amp;gt; 元素 概要 meta标签提供关于HTML文档的元数据。元数据不会显示在页面上，但是对于机器是可读的。它可用于浏览器（如何显示内</description>
    </item>
    
  </channel>
</rss>
