<?xml version="1.0" encoding="utf-8" standalone="yes"?>
<rss version="2.0" xmlns:atom="http://www.w3.org/2005/Atom">
  <channel>
    <title>剑指offer on Even - A super concise theme for Hugo</title>
    <link>http://doc.lyr-2000.xyz/categories/%E5%89%91%E6%8C%87offer/</link>
    <description>Recent content in 剑指offer on Even - A super concise theme for Hugo</description>
    <generator>Hugo -- gohugo.io</generator>
    <language>en</language>
    <copyright>lyr</copyright>
    <lastBuildDate>Mon, 29 Mar 2021 08:56:23 +0000</lastBuildDate><atom:link href="http://doc.lyr-2000.xyz/categories/%E5%89%91%E6%8C%87offer/index.xml" rel="self" type="application/rss+xml" />
    <item>
      <title>11-20</title>
      <link>http://doc.lyr-2000.xyz/post/06.%E7%AE%97%E6%B3%95%E5%92%8C%E6%95%B0%E6%8D%AE%E7%BB%93%E6%9E%84/05.%E5%89%91%E6%8C%87offer/2.11-20/</link>
      <pubDate>Mon, 29 Mar 2021 08:56:23 +0000</pubDate>
      
      <guid>http://doc.lyr-2000.xyz/post/06.%E7%AE%97%E6%B3%95%E5%92%8C%E6%95%B0%E6%8D%AE%E7%BB%93%E6%9E%84/05.%E5%89%91%E6%8C%87offer/2.11-20/</guid>
      <description>11.旋转数组最小的数字（看） 剑指 Offer 11. 旋转数组的最小数字 - 力扣（LeetCode） (leetcode-cn.com) 解法一 二分查找 这题目主要还是考理解，下面简单介绍一下原理</description>
    </item>
    
    <item>
      <title>21-30</title>
      <link>http://doc.lyr-2000.xyz/post/06.%E7%AE%97%E6%B3%95%E5%92%8C%E6%95%B0%E6%8D%AE%E7%BB%93%E6%9E%84/05.%E5%89%91%E6%8C%87offer/3.21-30/</link>
      <pubDate>Mon, 29 Mar 2021 08:56:23 +0000</pubDate>
      
      <guid>http://doc.lyr-2000.xyz/post/06.%E7%AE%97%E6%B3%95%E5%92%8C%E6%95%B0%E6%8D%AE%E7%BB%93%E6%9E%84/05.%E5%89%91%E6%8C%87offer/3.21-30/</guid>
      <description>21.调整数组顺序使奇数位于偶数前面 剑指 Offer 21. 调整数组顺序使奇数位于偶数前面 - 力扣（LeetCode） (leetcode-cn.com) 哈哈，居然做出来了，这题其实最简单的方</description>
    </item>
    
    <item>
      <title>3-10</title>
      <link>http://doc.lyr-2000.xyz/post/06.%E7%AE%97%E6%B3%95%E5%92%8C%E6%95%B0%E6%8D%AE%E7%BB%93%E6%9E%84/05.%E5%89%91%E6%8C%87offer/1.3-10/</link>
      <pubDate>Mon, 29 Mar 2021 08:56:23 +0000</pubDate>
      
      <guid>http://doc.lyr-2000.xyz/post/06.%E7%AE%97%E6%B3%95%E5%92%8C%E6%95%B0%E6%8D%AE%E7%BB%93%E6%9E%84/05.%E5%89%91%E6%8C%87offer/1.3-10/</guid>
      <description>前面那个CMU硕士100题大概知道了大致的算法和套路，目前还没时间去完善，下面的这个剑指offer我打算每道题都认真总结一下。。 题目链接：《</description>
    </item>
    
    <item>
      <title>31-40</title>
      <link>http://doc.lyr-2000.xyz/post/06.%E7%AE%97%E6%B3%95%E5%92%8C%E6%95%B0%E6%8D%AE%E7%BB%93%E6%9E%84/05.%E5%89%91%E6%8C%87offer/4.31-40/</link>
      <pubDate>Mon, 29 Mar 2021 08:56:23 +0000</pubDate>
      
      <guid>http://doc.lyr-2000.xyz/post/06.%E7%AE%97%E6%B3%95%E5%92%8C%E6%95%B0%E6%8D%AE%E7%BB%93%E6%9E%84/05.%E5%89%91%E6%8C%87offer/4.31-40/</guid>
      <description>31.栈的压入，弹出序列 剑指 Offer 31. 栈的压入、弹出序列 - 力扣（LeetCode） (leetcode-cn.com) 太难了，这题连思路都没有。。。只能看大佬的题解了呜呜呜 解法一：</description>
    </item>
    
    <item>
      <title>41-50</title>
      <link>http://doc.lyr-2000.xyz/post/06.%E7%AE%97%E6%B3%95%E5%92%8C%E6%95%B0%E6%8D%AE%E7%BB%93%E6%9E%84/05.%E5%89%91%E6%8C%87offer/5.41-50/</link>
      <pubDate>Mon, 29 Mar 2021 08:56:23 +0000</pubDate>
      
      <guid>http://doc.lyr-2000.xyz/post/06.%E7%AE%97%E6%B3%95%E5%92%8C%E6%95%B0%E6%8D%AE%E7%BB%93%E6%9E%84/05.%E5%89%91%E6%8C%87offer/5.41-50/</guid>
      <description>41.数据流中的中位数 剑指 Offer 41. 数据流中的中位数 - 力扣（LeetCode） (leetcode-cn.com) 这题先暂时跳过，后续再来研究一下 42.连续子数组的最大和 剑指 Offer 42. 连</description>
    </item>
    
    <item>
      <title>51-60</title>
      <link>http://doc.lyr-2000.xyz/post/06.%E7%AE%97%E6%B3%95%E5%92%8C%E6%95%B0%E6%8D%AE%E7%BB%93%E6%9E%84/05.%E5%89%91%E6%8C%87offer/6.51-60/</link>
      <pubDate>Mon, 29 Mar 2021 08:56:23 +0000</pubDate>
      
      <guid>http://doc.lyr-2000.xyz/post/06.%E7%AE%97%E6%B3%95%E5%92%8C%E6%95%B0%E6%8D%AE%E7%BB%93%E6%9E%84/05.%E5%89%91%E6%8C%87offer/6.51-60/</guid>
      <description>51.数组中的逆序对 剑指 Offer 51. 数组中的逆序对 - 力扣（LeetCode） (leetcode-cn.com) 这困难题先跳过吧，实在是把我刷累了 52.两个链表的第一个公共节点、 剑指</description>
    </item>
    
    <item>
      <title>61-70</title>
      <link>http://doc.lyr-2000.xyz/post/06.%E7%AE%97%E6%B3%95%E5%92%8C%E6%95%B0%E6%8D%AE%E7%BB%93%E6%9E%84/05.%E5%89%91%E6%8C%87offer/7.61-70/</link>
      <pubDate>Mon, 29 Mar 2021 08:56:23 +0000</pubDate>
      
      <guid>http://doc.lyr-2000.xyz/post/06.%E7%AE%97%E6%B3%95%E5%92%8C%E6%95%B0%E6%8D%AE%E7%BB%93%E6%9E%84/05.%E5%89%91%E6%8C%87offer/7.61-70/</guid>
      <description>61.扑克牌中的顺子 剑指 Offer 61. 扑克牌中的顺子 - 力扣（LeetCode） (leetcode-cn.com) 没看懂这题啥意思。。。。我怎么这么菜啊 解法一：集合Set+遍历 首先我们</description>
    </item>
    
  </channel>
</rss>
