<?xml version="1.0" encoding="utf-8" standalone="yes"?>
<rss version="2.0" xmlns:atom="http://www.w3.org/2005/Atom">
  <channel>
    <title>博客搭建 on Even - A super concise theme for Hugo</title>
    <link>http://doc.lyr-2000.xyz/categories/%E5%8D%9A%E5%AE%A2%E6%90%AD%E5%BB%BA/</link>
    <description>Recent content in 博客搭建 on Even - A super concise theme for Hugo</description>
    <generator>Hugo -- gohugo.io</generator>
    <language>en</language>
    <copyright>lyr</copyright>
    <lastBuildDate>Fri, 03 Jan 2020 12:55:43 +0000</lastBuildDate><atom:link href="http://doc.lyr-2000.xyz/categories/%E5%8D%9A%E5%AE%A2%E6%90%AD%E5%BB%BA/index.xml" rel="self" type="application/rss+xml" />
    <item>
      <title>GitHub &#43; jsDelivr &#43; TinyPNG&#43; PicGo 打造稳定快速、高效免费图床</title>
      <link>http://doc.lyr-2000.xyz/post/09.%E5%89%8D%E7%AB%AF/03.%E6%8A%80%E6%9C%AF/04.%E5%8D%9A%E5%AE%A2%E6%90%AD%E5%BB%BA/03.github-&#43;-jsdelivr-&#43;-tinypng&#43;-picgo-%E6%89%93%E9%80%A0%E7%A8%B3%E5%AE%9A%E5%BF%AB%E9%80%9F%E9%AB%98%E6%95%88%E5%85%8D%E8%B4%B9%E5%9B%BE%E5%BA%8A/</link>
      <pubDate>Fri, 03 Jan 2020 12:55:43 +0000</pubDate>
      
      <guid>http://doc.lyr-2000.xyz/post/09.%E5%89%8D%E7%AB%AF/03.%E6%8A%80%E6%9C%AF/04.%E5%8D%9A%E5%AE%A2%E6%90%AD%E5%BB%BA/03.github-&#43;-jsdelivr-&#43;-tinypng&#43;-picgo-%E6%89%93%E9%80%A0%E7%A8%B3%E5%AE%9A%E5%BF%AB%E9%80%9F%E9%AB%98%E6%95%88%E5%85%8D%E8%B4%B9%E5%9B%BE%E5%BA%8A/</guid>
      <description>GitHub + jsDelivr + TinyPNG+ PicGo 打造稳定快速、高效免费图床 前言 Q：为什么要使用图床呢？什么是图床？ A：写博客文章时，图片的上传和存放是一个问题，有的朋友可能会把</description>
    </item>
    
    <item>
      <title>使用Gitalk实现静态博客无后台评论系统</title>
      <link>http://doc.lyr-2000.xyz/post/09.%E5%89%8D%E7%AB%AF/03.%E6%8A%80%E6%9C%AF/04.%E5%8D%9A%E5%AE%A2%E6%90%AD%E5%BB%BA/02.%E4%BD%BF%E7%94%A8gitalk%E5%AE%9E%E7%8E%B0%E9%9D%99%E6%80%81%E5%8D%9A%E5%AE%A2%E6%97%A0%E5%90%8E%E5%8F%B0%E8%AF%84%E8%AE%BA%E7%B3%BB%E7%BB%9F/</link>
      <pubDate>Wed, 25 Dec 2019 14:27:01 +0000</pubDate>
      
      <guid>http://doc.lyr-2000.xyz/post/09.%E5%89%8D%E7%AB%AF/03.%E6%8A%80%E6%9C%AF/04.%E5%8D%9A%E5%AE%A2%E6%90%AD%E5%BB%BA/02.%E4%BD%BF%E7%94%A8gitalk%E5%AE%9E%E7%8E%B0%E9%9D%99%E6%80%81%E5%8D%9A%E5%AE%A2%E6%97%A0%E5%90%8E%E5%8F%B0%E8%AF%84%E8%AE%BA%E7%B3%BB%E7%BB%9F/</guid>
      <description>使用Gitalk实现静态博客无后台评论系统 前言 Gitalk，一个基于 Github Issue 和 Preact 开发的评论插件。 下面我们来用它在vuepress搭建的博客中搭建</description>
    </item>
    
    <item>
      <title>解决百度无法收录搭建在GitHub上的个人博客的问题</title>
      <link>http://doc.lyr-2000.xyz/post/09.%E5%89%8D%E7%AB%AF/03.%E6%8A%80%E6%9C%AF/04.%E5%8D%9A%E5%AE%A2%E6%90%AD%E5%BB%BA/01.%E8%A7%A3%E5%86%B3%E7%99%BE%E5%BA%A6%E6%97%A0%E6%B3%95%E6%94%B6%E5%BD%95%E6%90%AD%E5%BB%BA%E5%9C%A8github%E4%B8%8A%E7%9A%84%E4%B8%AA%E4%BA%BA%E5%8D%9A%E5%AE%A2%E7%9A%84%E9%97%AE%E9%A2%98/</link>
      <pubDate>Wed, 25 Dec 2019 14:27:01 +0000</pubDate>
      
      <guid>http://doc.lyr-2000.xyz/post/09.%E5%89%8D%E7%AB%AF/03.%E6%8A%80%E6%9C%AF/04.%E5%8D%9A%E5%AE%A2%E6%90%AD%E5%BB%BA/01.%E8%A7%A3%E5%86%B3%E7%99%BE%E5%BA%A6%E6%97%A0%E6%B3%95%E6%94%B6%E5%BD%95%E6%90%AD%E5%BB%BA%E5%9C%A8github%E4%B8%8A%E7%9A%84%E4%B8%AA%E4%BA%BA%E5%8D%9A%E5%AE%A2%E7%9A%84%E9%97%AE%E9%A2%98/</guid>
      <description>解决百度无法收录搭建在GitHub上的静态博客的问题 ::: warning 如果你正在寻找本博客的搭建文档，博主建议您查看这个仓库的README。 ::: 背景 由于Gi</description>
    </item>
    
  </channel>
</rss>
