<?xml version="1.0" encoding="utf-8" standalone="yes"?>
<rss version="2.0" xmlns:atom="http://www.w3.org/2005/Atom">
  <channel>
    <title>4月份面试 on Even - A super concise theme for Hugo</title>
    <link>http://doc.lyr-2000.xyz/categories/4%E6%9C%88%E4%BB%BD%E9%9D%A2%E8%AF%95/</link>
    <description>Recent content in 4月份面试 on Even - A super concise theme for Hugo</description>
    <generator>Hugo -- gohugo.io</generator>
    <language>en</language>
    <copyright>lyr</copyright>
    <lastBuildDate>Sat, 08 May 2021 15:27:22 +0000</lastBuildDate><atom:link href="http://doc.lyr-2000.xyz/categories/4%E6%9C%88%E4%BB%BD%E9%9D%A2%E8%AF%95/index.xml" rel="self" type="application/rss+xml" />
    <item>
      <title>同学的面试</title>
      <link>http://doc.lyr-2000.xyz/post/07.%E4%B8%AA%E4%BA%BA%E9%9D%A2%E8%AF%95/02.4%E6%9C%88%E4%BB%BD%E9%9D%A2%E8%AF%95/11.%E5%90%8C%E5%AD%A6%E7%9A%84%E9%9D%A2%E8%AF%95/</link>
      <pubDate>Sat, 08 May 2021 15:27:22 +0000</pubDate>
      
      <guid>http://doc.lyr-2000.xyz/post/07.%E4%B8%AA%E4%BA%BA%E9%9D%A2%E8%AF%95/02.4%E6%9C%88%E4%BB%BD%E9%9D%A2%E8%AF%95/11.%E5%90%8C%E5%AD%A6%E7%9A%84%E9%9D%A2%E8%AF%95/</guid>
      <description>spring的scope有几种 @component 默认是那种 spring mvc整个流程 int i1 = 10000, int i2 = 10000 两个是否相等（相等） 两个Integer大于或等于128时是不等的，</description>
    </item>
    
    <item>
      <title>腾讯（三面）</title>
      <link>http://doc.lyr-2000.xyz/post/07.%E4%B8%AA%E4%BA%BA%E9%9D%A2%E8%AF%95/02.4%E6%9C%88%E4%BB%BD%E9%9D%A2%E8%AF%95/10.%E8%85%BE%E8%AE%AF%E4%B8%89%E9%9D%A2/</link>
      <pubDate>Mon, 26 Apr 2021 20:46:59 +0000</pubDate>
      
      <guid>http://doc.lyr-2000.xyz/post/07.%E4%B8%AA%E4%BA%BA%E9%9D%A2%E8%AF%95/02.4%E6%9C%88%E4%BB%BD%E9%9D%A2%E8%AF%95/10.%E8%85%BE%E8%AE%AF%E4%B8%89%E9%9D%A2/</guid>
      <description>实在没想到，居然可以进三面，三面没问技术，只问了我一些项目啊和团队合作相关的东西。 自我介绍 人数最多的团队有多少人 你是怎么和别人合作的（需不需</description>
    </item>
    
    <item>
      <title>腾讯（二面）</title>
      <link>http://doc.lyr-2000.xyz/post/07.%E4%B8%AA%E4%BA%BA%E9%9D%A2%E8%AF%95/02.4%E6%9C%88%E4%BB%BD%E9%9D%A2%E8%AF%95/09.%E8%85%BE%E8%AE%AF%E4%BA%8C%E9%9D%A2/</link>
      <pubDate>Sun, 25 Apr 2021 21:29:16 +0000</pubDate>
      
      <guid>http://doc.lyr-2000.xyz/post/07.%E4%B8%AA%E4%BA%BA%E9%9D%A2%E8%AF%95/02.4%E6%9C%88%E4%BB%BD%E9%9D%A2%E8%AF%95/09.%E8%85%BE%E8%AE%AF%E4%BA%8C%E9%9D%A2/</guid>
      <description>本来我都以为我要凉了的。。当时笔试完后去官网看了一下，流程结束了。今天本来打算摸会鱼的。。。突然给我发封邮件，说面试。。。可能是被捞了。搞得</description>
    </item>
    
    <item>
      <title>汉得（一面）</title>
      <link>http://doc.lyr-2000.xyz/post/07.%E4%B8%AA%E4%BA%BA%E9%9D%A2%E8%AF%95/02.4%E6%9C%88%E4%BB%BD%E9%9D%A2%E8%AF%95/08.%E6%B1%89%E5%BE%97%E4%B8%80%E9%9D%A2/</link>
      <pubDate>Wed, 21 Apr 2021 21:17:02 +0000</pubDate>
      
      <guid>http://doc.lyr-2000.xyz/post/07.%E4%B8%AA%E4%BA%BA%E9%9D%A2%E8%AF%95/02.4%E6%9C%88%E4%BB%BD%E9%9D%A2%E8%AF%95/08.%E6%B1%89%E5%BE%97%E4%B8%80%E9%9D%A2/</guid>
      <description>这次汉得是在腾讯会议上面的，其实没问啥，大部分时间都在讲项目，还好我是做过项目的，所以我直接给它看了jenkins然后他让我打开项目，讲一下</description>
    </item>
    
    <item>
      <title>阿里（一面）</title>
      <link>http://doc.lyr-2000.xyz/post/07.%E4%B8%AA%E4%BA%BA%E9%9D%A2%E8%AF%95/02.4%E6%9C%88%E4%BB%BD%E9%9D%A2%E8%AF%95/07.%E9%98%BF%E9%87%8C%E4%B8%80%E9%9D%A2/</link>
      <pubDate>Mon, 19 Apr 2021 18:21:51 +0000</pubDate>
      
      <guid>http://doc.lyr-2000.xyz/post/07.%E4%B8%AA%E4%BA%BA%E9%9D%A2%E8%AF%95/02.4%E6%9C%88%E4%BB%BD%E9%9D%A2%E8%AF%95/07.%E9%98%BF%E9%87%8C%E4%B8%80%E9%9D%A2/</guid>
      <description>这次体验极其不友好，首先就是阿里这边卡我流程，我从3月21号投递，然后就被拒了。。。后面不知道咋回事招聘动态显示的是新投递（4号2号申请的。</description>
    </item>
    
    <item>
      <title>字节（二面）</title>
      <link>http://doc.lyr-2000.xyz/post/07.%E4%B8%AA%E4%BA%BA%E9%9D%A2%E8%AF%95/02.4%E6%9C%88%E4%BB%BD%E9%9D%A2%E8%AF%95/06.%E5%AD%97%E8%8A%82%E4%BA%8C%E9%9D%A2/</link>
      <pubDate>Tue, 13 Apr 2021 16:57:58 +0000</pubDate>
      
      <guid>http://doc.lyr-2000.xyz/post/07.%E4%B8%AA%E4%BA%BA%E9%9D%A2%E8%AF%95/02.4%E6%9C%88%E4%BB%BD%E9%9D%A2%E8%AF%95/06.%E5%AD%97%E8%8A%82%E4%BA%8C%E9%9D%A2/</guid>
      <description>这面不知道为啥感觉好水，，，，都没问我啥难的东西。。。有点谎，不知道结果怎么样 TCP和UDP 运输层(TCP,UDP) | 面试问题浓缩总结 (xiaoyou66.com) TC</description>
    </item>
    
    <item>
      <title>腾讯（一面）</title>
      <link>http://doc.lyr-2000.xyz/post/07.%E4%B8%AA%E4%BA%BA%E9%9D%A2%E8%AF%95/02.4%E6%9C%88%E4%BB%BD%E9%9D%A2%E8%AF%95/05.%E8%85%BE%E8%AE%AF%E4%B8%80%E9%9D%A2/</link>
      <pubDate>Mon, 12 Apr 2021 20:03:45 +0000</pubDate>
      
      <guid>http://doc.lyr-2000.xyz/post/07.%E4%B8%AA%E4%BA%BA%E9%9D%A2%E8%AF%95/02.4%E6%9C%88%E4%BB%BD%E9%9D%A2%E8%AF%95/05.%E8%85%BE%E8%AE%AF%E4%B8%80%E9%9D%A2/</guid>
      <description>我太难了，一直在背后端的东西，突然来个前端的，我心态崩了。。。我太难了，前端的有时间也去看看吧 go的协程 经典问题，不多说 协程调度，GPM调度</description>
    </item>
    
    <item>
      <title>牛客面经总结</title>
      <link>http://doc.lyr-2000.xyz/post/07.%E4%B8%AA%E4%BA%BA%E9%9D%A2%E8%AF%95/02.4%E6%9C%88%E4%BB%BD%E9%9D%A2%E8%AF%95/04.%E7%89%9B%E5%AE%A2%E9%9D%A2%E7%BB%8F%E6%80%BB%E7%BB%93/</link>
      <pubDate>Sat, 10 Apr 2021 17:11:16 +0000</pubDate>
      
      <guid>http://doc.lyr-2000.xyz/post/07.%E4%B8%AA%E4%BA%BA%E9%9D%A2%E8%AF%95/02.4%E6%9C%88%E4%BB%BD%E9%9D%A2%E8%AF%95/04.%E7%89%9B%E5%AE%A2%E9%9D%A2%E7%BB%8F%E6%80%BB%E7%BB%93/</guid>
      <description>特地在牛客上看了100多篇面经，目的就是为了看一下go到底能问多少东西。这一轮看下来发现东西还是很多的，有些东西不好整理，所以我就统一放这里</description>
    </item>
    
    <item>
      <title>蘑菇街(一面)</title>
      <link>http://doc.lyr-2000.xyz/post/07.%E4%B8%AA%E4%BA%BA%E9%9D%A2%E8%AF%95/02.4%E6%9C%88%E4%BB%BD%E9%9D%A2%E8%AF%95/03.%E8%98%91%E8%8F%87%E8%A1%97%E4%B8%80%E9%9D%A2/</link>
      <pubDate>Fri, 02 Apr 2021 10:56:15 +0000</pubDate>
      
      <guid>http://doc.lyr-2000.xyz/post/07.%E4%B8%AA%E4%BA%BA%E9%9D%A2%E8%AF%95/02.4%E6%9C%88%E4%BB%BD%E9%9D%A2%E8%AF%95/03.%E8%98%91%E8%8F%87%E8%A1%97%E4%B8%80%E9%9D%A2/</guid>
      <description>这个也太难了，springboot其实我了解的不是特别深入，然后这面试官就一直逮着我不放。。。后悔啊，下次得把springboot给背一背了</description>
    </item>
    
    <item>
      <title>面试稿子</title>
      <link>http://doc.lyr-2000.xyz/post/07.%E4%B8%AA%E4%BA%BA%E9%9D%A2%E8%AF%95/02.4%E6%9C%88%E4%BB%BD%E9%9D%A2%E8%AF%95/02.%E9%9D%A2%E8%AF%95%E7%A8%BF%E5%AD%90/</link>
      <pubDate>Thu, 01 Apr 2021 19:24:29 +0000</pubDate>
      
      <guid>http://doc.lyr-2000.xyz/post/07.%E4%B8%AA%E4%BA%BA%E9%9D%A2%E8%AF%95/02.4%E6%9C%88%E4%BB%BD%E9%9D%A2%E8%AF%95/02.%E9%9D%A2%E8%AF%95%E7%A8%BF%E5%AD%90/</guid>
      <description>面了几次之后，总感觉自己每次说的都不太流利,这里特意写一下自己的面试稿子，到时候照着背吧，还有就是自己准备好一些话术，到时候就可以照着写了 先</description>
    </item>
    
    <item>
      <title>字节跳动(一面)</title>
      <link>http://doc.lyr-2000.xyz/post/07.%E4%B8%AA%E4%BA%BA%E9%9D%A2%E8%AF%95/02.4%E6%9C%88%E4%BB%BD%E9%9D%A2%E8%AF%95/01.%E5%AD%97%E8%8A%82%E8%B7%B3%E5%8A%A8%E4%B8%80%E9%9D%A2/</link>
      <pubDate>Thu, 01 Apr 2021 19:22:10 +0000</pubDate>
      
      <guid>http://doc.lyr-2000.xyz/post/07.%E4%B8%AA%E4%BA%BA%E9%9D%A2%E8%AF%95/02.4%E6%9C%88%E4%BB%BD%E9%9D%A2%E8%AF%95/01.%E5%AD%97%E8%8A%82%E8%B7%B3%E5%8A%A8%E4%B8%80%E9%9D%A2/</guid>
      <description>这次面试实在是太尬了，后面的算法题我就一直尬在哪里想思路，然后面试官一直在那看着，我想到一个办法，然后面试官就说空间复杂度太大了，想办法让空</description>
    </item>
    
  </channel>
</rss>
