<?xml version="1.0" encoding="utf-8" standalone="yes"?>
<rss version="2.0" xmlns:atom="http://www.w3.org/2005/Atom">
  <channel>
    <title>业务问题 on Even - A super concise theme for Hugo</title>
    <link>http://doc.lyr-2000.xyz/categories/%E4%B8%9A%E5%8A%A1%E9%97%AE%E9%A2%98/</link>
    <description>Recent content in 业务问题 on Even - A super concise theme for Hugo</description>
    <generator>Hugo -- gohugo.io</generator>
    <language>en</language>
    <copyright>lyr</copyright>
    <lastBuildDate>Wed, 31 Mar 2021 20:48:35 +0000</lastBuildDate><atom:link href="http://doc.lyr-2000.xyz/categories/%E4%B8%9A%E5%8A%A1%E9%97%AE%E9%A2%98/index.xml" rel="self" type="application/rss+xml" />
    <item>
      <title>设计一个IM系统</title>
      <link>http://doc.lyr-2000.xyz/post/08.%E5%85%B6%E4%BB%96/02.%E4%B8%9A%E5%8A%A1%E9%97%AE%E9%A2%98/3.%E8%AE%BE%E8%AE%A1%E4%B8%80%E4%B8%AAim%E7%B3%BB%E7%BB%9F/</link>
      <pubDate>Wed, 31 Mar 2021 20:48:35 +0000</pubDate>
      
      <guid>http://doc.lyr-2000.xyz/post/08.%E5%85%B6%E4%BB%96/02.%E4%B8%9A%E5%8A%A1%E9%97%AE%E9%A2%98/3.%E8%AE%BE%E8%AE%A1%E4%B8%80%E4%B8%AAim%E7%B3%BB%E7%BB%9F/</guid>
      <description>主要参考下面几个链接 如何设计一个亿级消息量的IM系统 - InfoQ 写作平台 一个海量在线用户即时通讯系统（IM）的完整设计Plus - 云+社区 - 腾讯云 (tencent.com) .</description>
    </item>
    
    <item>
      <title>设计一个数据库连接池</title>
      <link>http://doc.lyr-2000.xyz/post/08.%E5%85%B6%E4%BB%96/02.%E4%B8%9A%E5%8A%A1%E9%97%AE%E9%A2%98/4.%E8%AE%BE%E8%AE%A1%E4%B8%80%E4%B8%AA%E6%95%B0%E6%8D%AE%E5%BA%93%E8%BF%9E%E6%8E%A5%E6%B1%A0/</link>
      <pubDate>Wed, 31 Mar 2021 20:48:35 +0000</pubDate>
      
      <guid>http://doc.lyr-2000.xyz/post/08.%E5%85%B6%E4%BB%96/02.%E4%B8%9A%E5%8A%A1%E9%97%AE%E9%A2%98/4.%E8%AE%BE%E8%AE%A1%E4%B8%80%E4%B8%AA%E6%95%B0%E6%8D%AE%E5%BA%93%E8%BF%9E%E6%8E%A5%E6%B1%A0/</guid>
      <description>可以参考下面这几个 如何设计并实现一个db连接池？ (juejin.cn)</description>
    </item>
    
    <item>
      <title>秒杀系统设计</title>
      <link>http://doc.lyr-2000.xyz/post/08.%E5%85%B6%E4%BB%96/02.%E4%B8%9A%E5%8A%A1%E9%97%AE%E9%A2%98/2.%E7%A7%92%E6%9D%80%E7%B3%BB%E7%BB%9F%E8%AE%BE%E8%AE%A1/</link>
      <pubDate>Tue, 30 Mar 2021 18:22:43 +0000</pubDate>
      
      <guid>http://doc.lyr-2000.xyz/post/08.%E5%85%B6%E4%BB%96/02.%E4%B8%9A%E5%8A%A1%E9%97%AE%E9%A2%98/2.%E7%A7%92%E6%9D%80%E7%B3%BB%E7%BB%9F%E8%AE%BE%E8%AE%A1/</guid>
      <description>知乎上就有好多现成的例子，我就拿敖丙的来举例吧 秒杀系统会遇到的几个问题 高并发 超卖 恶意请求 链接暴露 暴露了请求地址，被人恶意请求 数据库 请求太多，</description>
    </item>
    
    <item>
      <title>设计一个抢红包功能</title>
      <link>http://doc.lyr-2000.xyz/post/08.%E5%85%B6%E4%BB%96/02.%E4%B8%9A%E5%8A%A1%E9%97%AE%E9%A2%98/1.%E8%AE%BE%E8%AE%A1%E4%B8%80%E4%B8%AA%E6%8A%A2%E7%BA%A2%E5%8C%85%E5%8A%9F%E8%83%BD/</link>
      <pubDate>Tue, 30 Mar 2021 18:17:15 +0000</pubDate>
      
      <guid>http://doc.lyr-2000.xyz/post/08.%E5%85%B6%E4%BB%96/02.%E4%B8%9A%E5%8A%A1%E9%97%AE%E9%A2%98/1.%E8%AE%BE%E8%AE%A1%E4%B8%80%E4%B8%AA%E6%8A%A2%E7%BA%A2%E5%8C%85%E5%8A%9F%E8%83%BD/</guid>
      <description>这个其实可以使用事务来实现，比如我们可以用MySQL，抢红包时先开启事务，然后加上行锁，修改完毕后我们提交事务，释放行锁 或者我们可以使用Re</description>
    </item>
    
  </channel>
</rss>
