<?xml version="1.0" encoding="utf-8" standalone="yes"?>
<rss version="2.0" xmlns:atom="http://www.w3.org/2005/Atom">
  <channel>
    <title>《JavaScript教程》笔记 on Even - A super concise theme for Hugo</title>
    <link>http://doc.lyr-2000.xyz/categories/javascript%E6%95%99%E7%A8%8B%E7%AC%94%E8%AE%B0/</link>
    <description>Recent content in 《JavaScript教程》笔记 on Even - A super concise theme for Hugo</description>
    <generator>Hugo -- gohugo.io</generator>
    <language>en</language>
    <copyright>lyr</copyright>
    <lastBuildDate>Sun, 12 Jan 2020 11:49:16 +0000</lastBuildDate><atom:link href="http://doc.lyr-2000.xyz/categories/javascript%E6%95%99%E7%A8%8B%E7%AC%94%E8%AE%B0/index.xml" rel="self" type="application/rss+xml" />
    <item>
      <title>DOM</title>
      <link>http://doc.lyr-2000.xyz/post/09.%E5%89%8D%E7%AB%AF/09.javascript%E6%95%99%E7%A8%8B%E7%AC%94%E8%AE%B0/05.dom/</link>
      <pubDate>Sun, 12 Jan 2020 11:49:16 +0000</pubDate>
      
      <guid>http://doc.lyr-2000.xyz/post/09.%E5%89%8D%E7%AB%AF/09.javascript%E6%95%99%E7%A8%8B%E7%AC%94%E8%AE%B0/05.dom/</guid>
      <description>DOM 一、概述 1、DOM DOM 是 JavaScript 操作网页的接口，全称为“文档对象模型”（Document Object Model）。它的作用是将网页转为一个 JavaScript 对象，从而可以用</description>
    </item>
    
    <item>
      <title>事件</title>
      <link>http://doc.lyr-2000.xyz/post/09.%E5%89%8D%E7%AB%AF/09.javascript%E6%95%99%E7%A8%8B%E7%AC%94%E8%AE%B0/06.%E4%BA%8B%E4%BB%B6/</link>
      <pubDate>Sun, 12 Jan 2020 11:49:16 +0000</pubDate>
      
      <guid>http://doc.lyr-2000.xyz/post/09.%E5%89%8D%E7%AB%AF/09.javascript%E6%95%99%E7%A8%8B%E7%AC%94%E8%AE%B0/06.%E4%BA%8B%E4%BB%B6/</guid>
      <description>事件 一、EventTarget 接口 事件的本质是程序各个组成部分之间的一种通信方式，也是异步编程的一种实现。DOM 支持大量的事件，本章开始介绍</description>
    </item>
    
    <item>
      <title>内置对象</title>
      <link>http://doc.lyr-2000.xyz/post/09.%E5%89%8D%E7%AB%AF/09.javascript%E6%95%99%E7%A8%8B%E7%AC%94%E8%AE%B0/02.%E5%86%85%E7%BD%AE%E5%AF%B9%E8%B1%A1/</link>
      <pubDate>Sun, 12 Jan 2020 11:49:16 +0000</pubDate>
      
      <guid>http://doc.lyr-2000.xyz/post/09.%E5%89%8D%E7%AB%AF/09.javascript%E6%95%99%E7%A8%8B%E7%AC%94%E8%AE%B0/02.%E5%86%85%E7%BD%AE%E5%AF%B9%E8%B1%A1/</guid>
      <description>内置对象篇 一、Object对象 1、概述 JavaScript 原生提供Object对象（注意起首的O是大写），本章介绍该对象原生的各种方法。 JavaScript 的所有其他对象都继承</description>
    </item>
    
    <item>
      <title>基础</title>
      <link>http://doc.lyr-2000.xyz/post/09.%E5%89%8D%E7%AB%AF/09.javascript%E6%95%99%E7%A8%8B%E7%AC%94%E8%AE%B0/01.%E5%9F%BA%E7%A1%80/</link>
      <pubDate>Sun, 12 Jan 2020 11:49:16 +0000</pubDate>
      
      <guid>http://doc.lyr-2000.xyz/post/09.%E5%89%8D%E7%AB%AF/09.javascript%E6%95%99%E7%A8%8B%E7%AC%94%E8%AE%B0/01.%E5%9F%BA%E7%A1%80/</guid>
      <description>说明：本章内容为博主在原教程基础上添加自己的学习笔记，来源https://wangdoc.com/javascript/，教程版权归原作者所</description>
    </item>
    
    <item>
      <title>异步操作</title>
      <link>http://doc.lyr-2000.xyz/post/09.%E5%89%8D%E7%AB%AF/09.javascript%E6%95%99%E7%A8%8B%E7%AC%94%E8%AE%B0/04.%E5%BC%82%E6%AD%A5%E6%93%8D%E4%BD%9C/</link>
      <pubDate>Sun, 12 Jan 2020 11:49:16 +0000</pubDate>
      
      <guid>http://doc.lyr-2000.xyz/post/09.%E5%89%8D%E7%AB%AF/09.javascript%E6%95%99%E7%A8%8B%E7%AC%94%E8%AE%B0/04.%E5%BC%82%E6%AD%A5%E6%93%8D%E4%BD%9C/</guid>
      <description>异步操作 一、异步操作概述 1、单线程模型 单线程模型指的是，JavaScript 只在一个线程上运行。也就是说，JavaScript 同时只能执行一</description>
    </item>
    
    <item>
      <title>浏览器模型</title>
      <link>http://doc.lyr-2000.xyz/post/09.%E5%89%8D%E7%AB%AF/09.javascript%E6%95%99%E7%A8%8B%E7%AC%94%E8%AE%B0/07.%E6%B5%8F%E8%A7%88%E5%99%A8%E6%A8%A1%E5%9E%8B/</link>
      <pubDate>Sun, 12 Jan 2020 11:49:16 +0000</pubDate>
      
      <guid>http://doc.lyr-2000.xyz/post/09.%E5%89%8D%E7%AB%AF/09.javascript%E6%95%99%E7%A8%8B%E7%AC%94%E8%AE%B0/07.%E6%B5%8F%E8%A7%88%E5%99%A8%E6%A8%A1%E5%9E%8B/</guid>
      <description>浏览器模型 一、浏览器环境概述 JavaScript 是浏览器的内置脚本语言。也就是说，浏览器内置了 JavaScript 引擎，并且提供各种接口，让 JavaScript 脚本可以控制浏览器的各种功能。一旦</description>
    </item>
    
    <item>
      <title>面向对象</title>
      <link>http://doc.lyr-2000.xyz/post/09.%E5%89%8D%E7%AB%AF/09.javascript%E6%95%99%E7%A8%8B%E7%AC%94%E8%AE%B0/03.%E9%9D%A2%E5%90%91%E5%AF%B9%E8%B1%A1/</link>
      <pubDate>Sun, 12 Jan 2020 11:49:16 +0000</pubDate>
      
      <guid>http://doc.lyr-2000.xyz/post/09.%E5%89%8D%E7%AB%AF/09.javascript%E6%95%99%E7%A8%8B%E7%AC%94%E8%AE%B0/03.%E9%9D%A2%E5%90%91%E5%AF%B9%E8%B1%A1/</guid>
      <description>面向对象编程 一、实例对象与new命令 1、对象是什么 面向对象编程（Object Oriented Programming，缩写为 OOP）是目前主流的编程范式。它</description>
    </item>
    
  </channel>
</rss>
