<?xml version="1.0" encoding="utf-8" standalone="yes"?>
<rss version="2.0" xmlns:atom="http://www.w3.org/2005/Atom">
  <channel>
    <title>JavaScript文章 on Even - A super concise theme for Hugo</title>
    <link>http://doc.lyr-2000.xyz/categories/javascript%E6%96%87%E7%AB%A0/</link>
    <description>Recent content in JavaScript文章 on Even - A super concise theme for Hugo</description>
    <generator>Hugo -- gohugo.io</generator>
    <language>en</language>
    <copyright>lyr</copyright>
    <lastBuildDate>Mon, 13 Apr 2020 15:56:54 +0000</lastBuildDate><atom:link href="http://doc.lyr-2000.xyz/categories/javascript%E6%96%87%E7%AB%A0/index.xml" rel="self" type="application/rss+xml" />
    <item>
      <title>比typeof运算符更准确的类型判断</title>
      <link>http://doc.lyr-2000.xyz/post/09.%E5%89%8D%E7%AB%AF/01.%E5%89%8D%E7%AB%AF/01.javascript%E6%96%87%E7%AB%A0/100.%E6%AF%94typeof%E8%BF%90%E7%AE%97%E7%AC%A6%E6%9B%B4%E5%87%86%E7%A1%AE%E7%9A%84%E7%B1%BB%E5%9E%8B%E5%88%A4%E6%96%AD/</link>
      <pubDate>Mon, 13 Apr 2020 15:56:54 +0000</pubDate>
      
      <guid>http://doc.lyr-2000.xyz/post/09.%E5%89%8D%E7%AB%AF/01.%E5%89%8D%E7%AB%AF/01.javascript%E6%96%87%E7%AB%A0/100.%E6%AF%94typeof%E8%BF%90%E7%AE%97%E7%AC%A6%E6%9B%B4%E5%87%86%E7%A1%AE%E7%9A%84%E7%B1%BB%E5%9E%8B%E5%88%A4%E6%96%AD/</guid>
      <description>比typeof运算符更准确的类型判断 不同数据类型的Object.prototype.toString方法返回值如下。 数值：返回[object</description>
    </item>
    
    <item>
      <title>JS获取和修改url参数</title>
      <link>http://doc.lyr-2000.xyz/post/09.%E5%89%8D%E7%AB%AF/01.%E5%89%8D%E7%AB%AF/01.javascript%E6%96%87%E7%AB%A0/90.js%E8%8E%B7%E5%8F%96%E5%92%8C%E4%BF%AE%E6%94%B9url%E5%8F%82%E6%95%B0/</link>
      <pubDate>Thu, 05 Mar 2020 12:45:37 +0000</pubDate>
      
      <guid>http://doc.lyr-2000.xyz/post/09.%E5%89%8D%E7%AB%AF/01.%E5%89%8D%E7%AB%AF/01.javascript%E6%96%87%E7%AB%A0/90.js%E8%8E%B7%E5%8F%96%E5%92%8C%E4%BF%AE%E6%94%B9url%E5%8F%82%E6%95%B0/</guid>
      <description>JS获取和修改url参数 获取url参数 1 2 3 4 5 6 7 8 9 10 11 12 /** * 获取url里的参数 * @param arg 参数名 * @returns */ function getURLString(arg) { var reg = new RegExp(&amp;#34;(^|&amp;amp;)&amp;#34; + arg + &amp;#34;=([^&amp;amp;]*)(&amp;amp;|$)&amp;#34;, &amp;#34;i&amp;#34;); var r = window.location.search.substr(1).match(reg); if (r</description>
    </item>
    
    <item>
      <title>防抖与节流函数</title>
      <link>http://doc.lyr-2000.xyz/post/09.%E5%89%8D%E7%AB%AF/01.%E5%89%8D%E7%AB%AF/01.javascript%E6%96%87%E7%AB%A0/80.%E9%98%B2%E6%8A%96%E4%B8%8E%E8%8A%82%E6%B5%81%E5%87%BD%E6%95%B0/</link>
      <pubDate>Sat, 29 Feb 2020 15:07:47 +0000</pubDate>
      
      <guid>http://doc.lyr-2000.xyz/post/09.%E5%89%8D%E7%AB%AF/01.%E5%89%8D%E7%AB%AF/01.javascript%E6%96%87%E7%AB%A0/80.%E9%98%B2%E6%8A%96%E4%B8%8E%E8%8A%82%E6%B5%81%E5%87%BD%E6%95%B0/</guid>
      <description>防抖与节流函数 防抖和节流的作用都是在高频事件中防止函数被多次调用，是一种性能优化的方案。 区别在于，防抖函数只会在高频事件结束后n毫秒调用一次</description>
    </item>
    
    <item>
      <title>将一维数组按指定长度转为二维数组</title>
      <link>http://doc.lyr-2000.xyz/post/09.%E5%89%8D%E7%AB%AF/01.%E5%89%8D%E7%AB%AF/01.javascript%E6%96%87%E7%AB%A0/70.%E5%B0%86%E4%B8%80%E7%BB%B4%E6%95%B0%E7%BB%84%E6%8C%89%E6%8C%87%E5%AE%9A%E9%95%BF%E5%BA%A6%E8%BD%AC%E4%B8%BA%E4%BA%8C%E7%BB%B4%E6%95%B0%E7%BB%84/</link>
      <pubDate>Sun, 23 Feb 2020 13:49:31 +0000</pubDate>
      
      <guid>http://doc.lyr-2000.xyz/post/09.%E5%89%8D%E7%AB%AF/01.%E5%89%8D%E7%AB%AF/01.javascript%E6%96%87%E7%AB%A0/70.%E5%B0%86%E4%B8%80%E7%BB%B4%E6%95%B0%E7%BB%84%E6%8C%89%E6%8C%87%E5%AE%9A%E9%95%BF%E5%BA%A6%E8%BD%AC%E4%B8%BA%E4%BA%8C%E7%BB%B4%E6%95%B0%E7%BB%84/</guid>
      <description>将一维数组按指定长度转为二维数组 将一维数组按指定长度转为二维数组 1 2 3 4 5 6 7 8 9 10 11 12 13 14 15 16 function pages(arr, len) { const pages = [] arr.forEach((item, index) =&amp;gt; { const page = Math.floor(index / len) if (!pages[page]) { pages[page]</description>
    </item>
    
    <item>
      <title>ES5面向对象</title>
      <link>http://doc.lyr-2000.xyz/post/09.%E5%89%8D%E7%AB%AF/01.%E5%89%8D%E7%AB%AF/01.javascript%E6%96%87%E7%AB%A0/03.es5%E9%9D%A2%E5%90%91%E5%AF%B9%E8%B1%A1/</link>
      <pubDate>Sat, 22 Feb 2020 10:35:43 +0000</pubDate>
      
      <guid>http://doc.lyr-2000.xyz/post/09.%E5%89%8D%E7%AB%AF/01.%E5%89%8D%E7%AB%AF/01.javascript%E6%96%87%E7%AB%A0/03.es5%E9%9D%A2%E5%90%91%E5%AF%B9%E8%B1%A1/</guid>
      <description>ES5面向对象 1 2 3 4 5 6 7 8 9 10 11 12 13 14 15 16 17 18 19 20 21 22 23 24 25 26 27 28 29 30 31 32 33 34 35 36 37 38 39 40 41 42 43 44 45 46 47 48 49 50 51 52 53 54 55 56 57 //面向对象</description>
    </item>
    
    <item>
      <title>JS随机打乱数组</title>
      <link>http://doc.lyr-2000.xyz/post/09.%E5%89%8D%E7%AB%AF/01.%E5%89%8D%E7%AB%AF/01.javascript%E6%96%87%E7%AB%A0/50.js%E9%9A%8F%E6%9C%BA%E6%89%93%E4%B9%B1%E6%95%B0%E7%BB%84/</link>
      <pubDate>Sat, 08 Feb 2020 17:42:03 +0000</pubDate>
      
      <guid>http://doc.lyr-2000.xyz/post/09.%E5%89%8D%E7%AB%AF/01.%E5%89%8D%E7%AB%AF/01.javascript%E6%96%87%E7%AB%A0/50.js%E9%9A%8F%E6%9C%BA%E6%89%93%E4%B9%B1%E6%95%B0%E7%BB%84/</guid>
      <description>JS随机打乱数组 1 2 3 4 5 6 7 8 9 10 11 12 13 function shuffle(arr) { // 随机打乱数组 let _arr = arr.slice() // 调用数组副本，不改变原数组 for (let i = 0; i &amp;lt; _arr.length; i++) { let j = getRandomInt(0, i) let t = _arr[i] _arr[i] =</description>
    </item>
    
    <item>
      <title>判断是否为移动端浏览器</title>
      <link>http://doc.lyr-2000.xyz/post/09.%E5%89%8D%E7%AB%AF/01.%E5%89%8D%E7%AB%AF/01.javascript%E6%96%87%E7%AB%A0/60.%E5%88%A4%E6%96%AD%E6%98%AF%E5%90%A6%E4%B8%BA%E7%A7%BB%E5%8A%A8%E7%AB%AF%E6%B5%8F%E8%A7%88%E5%99%A8/</link>
      <pubDate>Sat, 04 Jan 2020 15:25:11 +0000</pubDate>
      
      <guid>http://doc.lyr-2000.xyz/post/09.%E5%89%8D%E7%AB%AF/01.%E5%89%8D%E7%AB%AF/01.javascript%E6%96%87%E7%AB%A0/60.%E5%88%A4%E6%96%AD%E6%98%AF%E5%90%A6%E4%B8%BA%E7%A7%BB%E5%8A%A8%E7%AB%AF%E6%B5%8F%E8%A7%88%E5%99%A8/</guid>
      <description>判断是否为移动端浏览器 1 2 3 4 5 6 const flag = navigator.userAgent.match(/(phone|pad|pod|iPhone|iPod|ios|iPad|Android|Mobile|BlackBerry|IEMobile|MQQBrowser|JUC|Fennec|wOSBrowser|BrowserNG|WebOS|Symbian|Windows Phone)/i); if(flag){ // 移动端 } else { // PC端 }</description>
    </item>
    
    <item>
      <title>ES6面向对象</title>
      <link>http://doc.lyr-2000.xyz/post/09.%E5%89%8D%E7%AB%AF/01.%E5%89%8D%E7%AB%AF/01.javascript%E6%96%87%E7%AB%A0/04.es6%E9%9D%A2%E5%90%91%E5%AF%B9%E8%B1%A1/</link>
      <pubDate>Wed, 25 Dec 2019 14:27:01 +0000</pubDate>
      
      <guid>http://doc.lyr-2000.xyz/post/09.%E5%89%8D%E7%AB%AF/01.%E5%89%8D%E7%AB%AF/01.javascript%E6%96%87%E7%AB%A0/04.es6%E9%9D%A2%E5%90%91%E5%AF%B9%E8%B1%A1/</guid>
      <description>ES6面向对象 1 2 3 4 5 6 7 8 9 10 11 12 13 14 15 16 17 18 19 20 21 22 23 24 25 26 27 28 29 30 31 32 33 34 35 36 37 38 39 40 41 42 43 44 45 46 47 48 49 50 51 52 53 54 //面向对象封装 class</description>
    </item>
    
    <item>
      <title>new命令原理</title>
      <link>http://doc.lyr-2000.xyz/post/09.%E5%89%8D%E7%AB%AF/01.%E5%89%8D%E7%AB%AF/01.javascript%E6%96%87%E7%AB%A0/02.new%E5%91%BD%E4%BB%A4%E5%8E%9F%E7%90%86/</link>
      <pubDate>Wed, 25 Dec 2019 14:27:01 +0000</pubDate>
      
      <guid>http://doc.lyr-2000.xyz/post/09.%E5%89%8D%E7%AB%AF/01.%E5%89%8D%E7%AB%AF/01.javascript%E6%96%87%E7%AB%A0/02.new%E5%91%BD%E4%BB%A4%E5%8E%9F%E7%90%86/</guid>
      <description>new命令原理 使用new命令时，它后面的函数依次执行下面的步骤： 创建一个空对象，作为将要返回的实例对象。 将这个空对象的原型，指向构造函数的p</description>
    </item>
    
    <item>
      <title>多种数组去重性能对比</title>
      <link>http://doc.lyr-2000.xyz/post/09.%E5%89%8D%E7%AB%AF/01.%E5%89%8D%E7%AB%AF/01.javascript%E6%96%87%E7%AB%A0/06.%E5%A4%9A%E7%A7%8D%E6%95%B0%E7%BB%84%E5%8E%BB%E9%87%8D%E6%80%A7%E8%83%BD%E5%AF%B9%E6%AF%94/</link>
      <pubDate>Wed, 25 Dec 2019 14:27:01 +0000</pubDate>
      
      <guid>http://doc.lyr-2000.xyz/post/09.%E5%89%8D%E7%AB%AF/01.%E5%89%8D%E7%AB%AF/01.javascript%E6%96%87%E7%AB%A0/06.%E5%A4%9A%E7%A7%8D%E6%95%B0%E7%BB%84%E5%8E%BB%E9%87%8D%E6%80%A7%E8%83%BD%E5%AF%B9%E6%AF%94/</guid>
      <description>多种数组去重性能对比 测试模板 1 2 3 4 5 6 7 8 9 10 11 12 13 14 15 16 17 18 19 20 21 22 23 // 创建一个 1 ~ 10w 的数组，Array.from为ES6语法 let arr1 = Array.from(new Array(1000000),</description>
    </item>
    
  </channel>
</rss>
