<?xml version="1.0" encoding="utf-8" standalone="yes"?>
<rss version="2.0" xmlns:atom="http://www.w3.org/2005/Atom">
  <channel>
    <title>3月份面试 on Even - A super concise theme for Hugo</title>
    <link>http://doc.lyr-2000.xyz/categories/3%E6%9C%88%E4%BB%BD%E9%9D%A2%E8%AF%95/</link>
    <description>Recent content in 3月份面试 on Even - A super concise theme for Hugo</description>
    <generator>Hugo -- gohugo.io</generator>
    <language>en</language>
    <copyright>lyr</copyright>
    <lastBuildDate>Sat, 27 Mar 2021 15:45:53 +0000</lastBuildDate><atom:link href="http://doc.lyr-2000.xyz/categories/3%E6%9C%88%E4%BB%BD%E9%9D%A2%E8%AF%95/index.xml" rel="self" type="application/rss+xml" />
    <item>
      <title>福州蓝鲨信息技术（一面）</title>
      <link>http://doc.lyr-2000.xyz/post/07.%E4%B8%AA%E4%BA%BA%E9%9D%A2%E8%AF%95/01.3%E6%9C%88%E4%BB%BD%E9%9D%A2%E8%AF%95/03.%E7%A6%8F%E5%B7%9E%E8%93%9D%E9%B2%A8%E4%BF%A1%E6%81%AF%E6%8A%80%E6%9C%AF%E4%B8%80%E9%9D%A2/</link>
      <pubDate>Sat, 27 Mar 2021 15:45:53 +0000</pubDate>
      
      <guid>http://doc.lyr-2000.xyz/post/07.%E4%B8%AA%E4%BA%BA%E9%9D%A2%E8%AF%95/01.3%E6%9C%88%E4%BB%BD%E9%9D%A2%E8%AF%95/03.%E7%A6%8F%E5%B7%9E%E8%93%9D%E9%B2%A8%E4%BF%A1%E6%81%AF%E6%8A%80%E6%9C%AF%E4%B8%80%E9%9D%A2/</guid>
      <description>这家公司详细信息我还没有太多了解，搞得面试官问我，我答不出来（下次面试前得先摸清楚详细信息） 数组和切片的区别 数组不可变，切片可变数据结构 | 面</description>
    </item>
    
  </channel>
</rss>
