<?xml version="1.0" encoding="utf-8" standalone="yes"?>
<rss version="2.0" xmlns:atom="http://www.w3.org/2005/Atom">
  <channel>
    <title>ts-axios 项目初始化 on Even - A super concise theme for Hugo</title>
    <link>http://doc.lyr-2000.xyz/categories/ts-axios-%E9%A1%B9%E7%9B%AE%E5%88%9D%E5%A7%8B%E5%8C%96/</link>
    <description>Recent content in ts-axios 项目初始化 on Even - A super concise theme for Hugo</description>
    <generator>Hugo -- gohugo.io</generator>
    <language>en</language>
    <copyright>lyr</copyright>
    <lastBuildDate>Sun, 05 Jan 2020 10:56:02 +0000</lastBuildDate><atom:link href="http://doc.lyr-2000.xyz/categories/ts-axios-%E9%A1%B9%E7%9B%AE%E5%88%9D%E5%A7%8B%E5%8C%96/index.xml" rel="self" type="application/rss+xml" />
    <item>
      <title>初始化项目</title>
      <link>http://doc.lyr-2000.xyz/post/09.%E5%89%8D%E7%AB%AF/11.typescript-%E4%BB%8E%E9%9B%B6%E5%AE%9E%E7%8E%B0-axios/03.ts-axios-%E9%A1%B9%E7%9B%AE%E5%88%9D%E5%A7%8B%E5%8C%96/02.%E5%88%9D%E5%A7%8B%E5%8C%96%E9%A1%B9%E7%9B%AE/</link>
      <pubDate>Sun, 05 Jan 2020 10:56:02 +0000</pubDate>
      
      <guid>http://doc.lyr-2000.xyz/post/09.%E5%89%8D%E7%AB%AF/11.typescript-%E4%BB%8E%E9%9B%B6%E5%AE%9E%E7%8E%B0-axios/03.ts-axios-%E9%A1%B9%E7%9B%AE%E5%88%9D%E5%A7%8B%E5%8C%96/02.%E5%88%9D%E5%A7%8B%E5%8C%96%E9%A1%B9%E7%9B%AE/</guid>
      <description>初始化项目 创建代码仓库 接下来，我们开始初始化项目，首先我们先去 GitHub 上创建一个 repo，填好 repo 名称，以及写一下 README，对项目先做个简单的描</description>
    </item>
    
    <item>
      <title>编写基础请求代码</title>
      <link>http://doc.lyr-2000.xyz/post/09.%E5%89%8D%E7%AB%AF/11.typescript-%E4%BB%8E%E9%9B%B6%E5%AE%9E%E7%8E%B0-axios/03.ts-axios-%E9%A1%B9%E7%9B%AE%E5%88%9D%E5%A7%8B%E5%8C%96/03.%E7%BC%96%E5%86%99%E5%9F%BA%E7%A1%80%E8%AF%B7%E6%B1%82%E4%BB%A3%E7%A0%81/</link>
      <pubDate>Sun, 05 Jan 2020 10:56:02 +0000</pubDate>
      
      <guid>http://doc.lyr-2000.xyz/post/09.%E5%89%8D%E7%AB%AF/11.typescript-%E4%BB%8E%E9%9B%B6%E5%AE%9E%E7%8E%B0-axios/03.ts-axios-%E9%A1%B9%E7%9B%AE%E5%88%9D%E5%A7%8B%E5%8C%96/03.%E7%BC%96%E5%86%99%E5%9F%BA%E7%A1%80%E8%AF%B7%E6%B1%82%E4%BB%A3%E7%A0%81/</guid>
      <description>编写基础请求代码 我们这节课开始编写 ts-axios 库，我们的目标是实现简单的发送请求功能，即客户端通过 XMLHttpRequest 对象把请求发送到 server 端，server 端能收到请求并响</description>
    </item>
    
    <item>
      <title>需求分析</title>
      <link>http://doc.lyr-2000.xyz/post/09.%E5%89%8D%E7%AB%AF/11.typescript-%E4%BB%8E%E9%9B%B6%E5%AE%9E%E7%8E%B0-axios/03.ts-axios-%E9%A1%B9%E7%9B%AE%E5%88%9D%E5%A7%8B%E5%8C%96/01.%E9%9C%80%E6%B1%82%E5%88%86%E6%9E%90/</link>
      <pubDate>Sun, 05 Jan 2020 10:56:02 +0000</pubDate>
      
      <guid>http://doc.lyr-2000.xyz/post/09.%E5%89%8D%E7%AB%AF/11.typescript-%E4%BB%8E%E9%9B%B6%E5%AE%9E%E7%8E%B0-axios/03.ts-axios-%E9%A1%B9%E7%9B%AE%E5%88%9D%E5%A7%8B%E5%8C%96/01.%E9%9C%80%E6%B1%82%E5%88%86%E6%9E%90/</guid>
      <description>需求分析 接下来的章节，我们会使用 TypeScript 来重构 axios，重构之前，我们需要简单地做一些需求分析，看一下我们这次重构需要支持哪些 feature。 Features</description>
    </item>
    
  </channel>
</rss>
