<?xml version="1.0" encoding="utf-8" standalone="yes"?>
<rss version="2.0" xmlns:atom="http://www.w3.org/2005/Atom">
  <channel>
    <title>CC&#43;&#43;语言 on Even - A super concise theme for Hugo</title>
    <link>http://doc.lyr-2000.xyz/categories/cc&#43;&#43;%E8%AF%AD%E8%A8%80/</link>
    <description>Recent content in CC&#43;&#43;语言 on Even - A super concise theme for Hugo</description>
    <generator>Hugo -- gohugo.io</generator>
    <language>en</language>
    <copyright>lyr</copyright>
    <lastBuildDate>Mon, 12 Apr 2021 22:07:02 +0000</lastBuildDate><atom:link href="http://doc.lyr-2000.xyz/categories/cc++%E8%AF%AD%E8%A8%80/index.xml" rel="self" type="application/rss+xml" />
    <item>
      <title>面试常问问题</title>
      <link>http://doc.lyr-2000.xyz/post/01.%E7%A8%8B%E5%BA%8F%E8%AF%AD%E8%A8%80/03.cc&#43;&#43;%E8%AF%AD%E8%A8%80/02.%E9%9D%A2%E8%AF%95%E5%B8%B8%E9%97%AE%E9%97%AE%E9%A2%98/</link>
      <pubDate>Mon, 12 Apr 2021 22:07:02 +0000</pubDate>
      
      <guid>http://doc.lyr-2000.xyz/post/01.%E7%A8%8B%E5%BA%8F%E8%AF%AD%E8%A8%80/03.cc&#43;&#43;%E8%AF%AD%E8%A8%80/02.%E9%9D%A2%E8%AF%95%E5%B8%B8%E9%97%AE%E9%97%AE%E9%A2%98/</guid>
      <description>this指针是干嘛的 其作用就是指向成员函数所作用的对象， 所以非静态成员函数中可以直接使用 this 来代表指向该函数作用的对象的指针。 静态成员函数是不</description>
    </item>
    
  </channel>
</rss>
