<?xml version="1.0" encoding="utf-8" standalone="yes"?>
<rss version="2.0" xmlns:atom="http://www.w3.org/2005/Atom">
  <channel>
    <title>CodeTop企业题库 on Even - A super concise theme for Hugo</title>
    <link>http://doc.lyr-2000.xyz/categories/codetop%E4%BC%81%E4%B8%9A%E9%A2%98%E5%BA%93/</link>
    <description>Recent content in CodeTop企业题库 on Even - A super concise theme for Hugo</description>
    <generator>Hugo -- gohugo.io</generator>
    <language>en</language>
    <copyright>lyr</copyright>
    <lastBuildDate>Thu, 15 Apr 2021 08:34:10 +0000</lastBuildDate><atom:link href="http://doc.lyr-2000.xyz/categories/codetop%E4%BC%81%E4%B8%9A%E9%A2%98%E5%BA%93/index.xml" rel="self" type="application/rss+xml" />
    <item>
      <title>腾讯</title>
      <link>http://doc.lyr-2000.xyz/post/06.%E7%AE%97%E6%B3%95%E5%92%8C%E6%95%B0%E6%8D%AE%E7%BB%93%E6%9E%84/08.codetop%E4%BC%81%E4%B8%9A%E9%A2%98%E5%BA%93/01.%E8%85%BE%E8%AE%AF/</link>
      <pubDate>Thu, 15 Apr 2021 08:34:10 +0000</pubDate>
      
      <guid>http://doc.lyr-2000.xyz/post/06.%E7%AE%97%E6%B3%95%E5%92%8C%E6%95%B0%E6%8D%AE%E7%BB%93%E6%9E%84/08.codetop%E4%BC%81%E4%B8%9A%E9%A2%98%E5%BA%93/01.%E8%85%BE%E8%AE%AF/</guid>
      <description>1.反转链表 206. 反转链表 - 力扣（LeetCode） (leetcode-cn.com) 这题考察的就是你对递归和迭代的综合运用 解法一：递归 这递归好久没做了，还有有点蒙，下面我简单</description>
    </item>
    
  </channel>
</rss>
