<?xml version="1.0" encoding="utf-8" standalone="yes"?>
<rss version="2.0" xmlns:atom="http://www.w3.org/2005/Atom">
  <channel>
    <title>心情杂货 on Even - A super concise theme for Hugo</title>
    <link>http://doc.lyr-2000.xyz/categories/%E5%BF%83%E6%83%85%E6%9D%82%E8%B4%A7/</link>
    <description>Recent content in 心情杂货 on Even - A super concise theme for Hugo</description>
    <generator>Hugo -- gohugo.io</generator>
    <language>en</language>
    <copyright>lyr</copyright>
    <lastBuildDate>Wed, 22 Jul 2020 13:05:49 +0000</lastBuildDate><atom:link href="http://doc.lyr-2000.xyz/categories/%E5%BF%83%E6%83%85%E6%9D%82%E8%B4%A7/index.xml" rel="self" type="application/rss+xml" />
    <item>
      <title>反向拆解让人上瘾的套路，找回自律</title>
      <link>http://doc.lyr-2000.xyz/post/09.%E5%89%8D%E7%AB%AF/04.%E6%9B%B4%E5%A4%9A/05.%E5%BF%83%E6%83%85%E6%9D%82%E8%B4%A7/10.%E5%8F%8D%E5%90%91%E6%8B%86%E8%A7%A3%E8%AE%A9%E4%BA%BA%E4%B8%8A%E7%98%BE%E7%9A%84%E5%A5%97%E8%B7%AF%E6%89%BE%E5%9B%9E%E8%87%AA%E5%BE%8B/</link>
      <pubDate>Wed, 22 Jul 2020 13:05:49 +0000</pubDate>
      
      <guid>http://doc.lyr-2000.xyz/post/09.%E5%89%8D%E7%AB%AF/04.%E6%9B%B4%E5%A4%9A/05.%E5%BF%83%E6%83%85%E6%9D%82%E8%B4%A7/10.%E5%8F%8D%E5%90%91%E6%8B%86%E8%A7%A3%E8%AE%A9%E4%BA%BA%E4%B8%8A%E7%98%BE%E7%9A%84%E5%A5%97%E8%B7%AF%E6%89%BE%E5%9B%9E%E8%87%AA%E5%BE%8B/</guid>
      <description>反向拆解让人上瘾的套路，找回自律 当你打开手机准备学习或者查个资料的时候，很有可能不知不觉的就脱离的正规&amp;hellip; 某某app发来通知：x</description>
    </item>
    
    <item>
      <title>一个完美主义者的自我救赎</title>
      <link>http://doc.lyr-2000.xyz/post/09.%E5%89%8D%E7%AB%AF/04.%E6%9B%B4%E5%A4%9A/05.%E5%BF%83%E6%83%85%E6%9D%82%E8%B4%A7/01.%E4%B8%80%E4%B8%AA%E5%AE%8C%E7%BE%8E%E4%B8%BB%E4%B9%89%E8%80%85%E7%9A%84%E8%87%AA%E6%88%91%E6%95%91%E8%B5%8E/</link>
      <pubDate>Thu, 16 Jan 2020 15:15:27 +0000</pubDate>
      
      <guid>http://doc.lyr-2000.xyz/post/09.%E5%89%8D%E7%AB%AF/04.%E6%9B%B4%E5%A4%9A/05.%E5%BF%83%E6%83%85%E6%9D%82%E8%B4%A7/01.%E4%B8%80%E4%B8%AA%E5%AE%8C%E7%BE%8E%E4%B8%BB%E4%B9%89%E8%80%85%E7%9A%84%E8%87%AA%E6%88%91%E6%95%91%E8%B5%8E/</guid>
      <description>一个完美主义者的自我救赎 最近，看到一个心理测试题是测试你是否有完美主义： （1）你是不是经常为自己设定目标，而且最终往往达不到那些目标？ （2）</description>
    </item>
    
  </channel>
</rss>
