<?xml version="1.0" encoding="utf-8" standalone="yes"?>
<rss version="2.0" xmlns:atom="http://www.w3.org/2005/Atom">
  <channel>
    <title>ts-axios 拦截器实现 on Even - A super concise theme for Hugo</title>
    <link>http://doc.lyr-2000.xyz/categories/ts-axios-%E6%8B%A6%E6%88%AA%E5%99%A8%E5%AE%9E%E7%8E%B0/</link>
    <description>Recent content in ts-axios 拦截器实现 on Even - A super concise theme for Hugo</description>
    <generator>Hugo -- gohugo.io</generator>
    <language>en</language>
    <copyright>lyr</copyright>
    <lastBuildDate>Sun, 05 Jan 2020 10:56:02 +0000</lastBuildDate><atom:link href="http://doc.lyr-2000.xyz/categories/ts-axios-%E6%8B%A6%E6%88%AA%E5%99%A8%E5%AE%9E%E7%8E%B0/index.xml" rel="self" type="application/rss+xml" />
    <item>
      <title>拦截器设计与实现</title>
      <link>http://doc.lyr-2000.xyz/post/09.%E5%89%8D%E7%AB%AF/11.typescript-%E4%BB%8E%E9%9B%B6%E5%AE%9E%E7%8E%B0-axios/07.ts-axios-%E6%8B%A6%E6%88%AA%E5%99%A8%E5%AE%9E%E7%8E%B0/01.%E6%8B%A6%E6%88%AA%E5%99%A8%E8%AE%BE%E8%AE%A1%E4%B8%8E%E5%AE%9E%E7%8E%B0/</link>
      <pubDate>Sun, 05 Jan 2020 10:56:02 +0000</pubDate>
      
      <guid>http://doc.lyr-2000.xyz/post/09.%E5%89%8D%E7%AB%AF/11.typescript-%E4%BB%8E%E9%9B%B6%E5%AE%9E%E7%8E%B0-axios/07.ts-axios-%E6%8B%A6%E6%88%AA%E5%99%A8%E5%AE%9E%E7%8E%B0/01.%E6%8B%A6%E6%88%AA%E5%99%A8%E8%AE%BE%E8%AE%A1%E4%B8%8E%E5%AE%9E%E7%8E%B0/</guid>
      <description>拦截器设计与实现 需求分析 我们希望能对请求的发送和响应做拦截，也就是在发送请求之前和接收到响应之后做一些额外逻辑。 我们希望设计的拦截器的使用方</description>
    </item>
    
  </channel>
</rss>
