<?xml version="1.0" encoding="utf-8" standalone="yes"?>
<rss version="2.0" xmlns:atom="http://www.w3.org/2005/Atom">
  <channel>
    <title>软件工程 on Even - A super concise theme for Hugo</title>
    <link>http://doc.lyr-2000.xyz/categories/%E8%BD%AF%E4%BB%B6%E5%B7%A5%E7%A8%8B/</link>
    <description>Recent content in 软件工程 on Even - A super concise theme for Hugo</description>
    <generator>Hugo -- gohugo.io</generator>
    <language>en</language>
    <copyright>lyr</copyright>
    <lastBuildDate>Sat, 17 Apr 2021 15:24:16 +0000</lastBuildDate><atom:link href="http://doc.lyr-2000.xyz/categories/%E8%BD%AF%E4%BB%B6%E5%B7%A5%E7%A8%8B/index.xml" rel="self" type="application/rss+xml" />
    <item>
      <title>面试问题</title>
      <link>http://doc.lyr-2000.xyz/post/03.%E5%9F%BA%E7%A1%80%E5%AD%A6%E7%A7%91/03.%E8%BD%AF%E4%BB%B6%E5%B7%A5%E7%A8%8B/01.%E9%9D%A2%E8%AF%95%E9%97%AE%E9%A2%98/</link>
      <pubDate>Sat, 17 Apr 2021 15:24:16 +0000</pubDate>
      
      <guid>http://doc.lyr-2000.xyz/post/03.%E5%9F%BA%E7%A1%80%E5%AD%A6%E7%A7%91/03.%E8%BD%AF%E4%BB%B6%E5%B7%A5%E7%A8%8B/01.%E9%9D%A2%E8%AF%95%E9%97%AE%E9%A2%98/</guid>
      <description>对象图有几种 UML大科普：一文梳理清 14种 UML图！ (yinxiang.com) UML图分为结构图和行为图。 结构图分为类图、轮廓图、组件图、组合结构图、对象图、部署图</description>
    </item>
    
  </channel>
</rss>
