<?xml version="1.0" encoding="utf-8" standalone="yes"?>
<rss version="2.0" xmlns:atom="http://www.w3.org/2005/Atom">
  <channel>
    <title>可复用性&amp;组合 on Even - A super concise theme for Hugo</title>
    <link>http://doc.lyr-2000.xyz/categories/%E5%8F%AF%E5%A4%8D%E7%94%A8%E6%80%A7%E7%BB%84%E5%90%88/</link>
    <description>Recent content in 可复用性&amp;组合 on Even - A super concise theme for Hugo</description>
    <generator>Hugo -- gohugo.io</generator>
    <language>en</language>
    <copyright>lyr</copyright>
    <lastBuildDate>Wed, 19 Feb 2020 15:22:41 +0000</lastBuildDate><atom:link href="http://doc.lyr-2000.xyz/categories/%E5%8F%AF%E5%A4%8D%E7%94%A8%E6%80%A7%E7%BB%84%E5%90%88/index.xml" rel="self" type="application/rss+xml" />
    <item>
      <title>Mixin混入</title>
      <link>http://doc.lyr-2000.xyz/post/09.%E5%89%8D%E7%AB%AF/10.vue%E7%AC%94%E8%AE%B0/04.%E5%8F%AF%E5%A4%8D%E7%94%A8%E6%80%A7%E7%BB%84%E5%90%88/01.mixin%E6%B7%B7%E5%85%A5/</link>
      <pubDate>Wed, 19 Feb 2020 15:22:41 +0000</pubDate>
      
      <guid>http://doc.lyr-2000.xyz/post/09.%E5%89%8D%E7%AB%AF/10.vue%E7%AC%94%E8%AE%B0/04.%E5%8F%AF%E5%A4%8D%E7%94%A8%E6%80%A7%E7%BB%84%E5%90%88/01.mixin%E6%B7%B7%E5%85%A5/</guid>
      <description>Mixin混入 基础 混入 (mixin) 提供了一种非常灵活的方式，来分发 Vue 组件中的可复用功能。一个混入对象可以包含任意组件选项。当组件使用混入对象时，所有混</description>
    </item>
    
  </channel>
</rss>
