<?xml version="1.0" encoding="utf-8" standalone="yes"?>
<rss version="2.0" xmlns:atom="http://www.w3.org/2005/Atom">
  <channel>
    <title>MongoDB on Even - A super concise theme for Hugo</title>
    <link>http://doc.lyr-2000.xyz/categories/mongodb/</link>
    <description>Recent content in MongoDB on Even - A super concise theme for Hugo</description>
    <generator>Hugo -- gohugo.io</generator>
    <language>en</language>
    <copyright>lyr</copyright>
    <lastBuildDate>Tue, 06 Apr 2021 13:26:55 +0000</lastBuildDate><atom:link href="http://doc.lyr-2000.xyz/categories/mongodb/index.xml" rel="self" type="application/rss+xml" />
    <item>
      <title>常用命令</title>
      <link>http://doc.lyr-2000.xyz/post/02.%E6%95%B0%E6%8D%AE%E5%BA%93/03.mongodb/6.%E5%B8%B8%E7%94%A8%E5%91%BD%E4%BB%A4/</link>
      <pubDate>Tue, 06 Apr 2021 13:26:55 +0000</pubDate>
      
      <guid>http://doc.lyr-2000.xyz/post/02.%E6%95%B0%E6%8D%AE%E5%BA%93/03.mongodb/6.%E5%B8%B8%E7%94%A8%E5%91%BD%E4%BB%A4/</guid>
      <description>常用操作命令 数据库操作命令 1 2 3 4 5 6 7 8 9 10 11 12 13 # 查看数据库 show dbs; # 切换数据库（如果没有对应的数据库则创建） use 数据库名; # 创建集合 db.c</description>
    </item>
    
    <item>
      <title>体系和架构</title>
      <link>http://doc.lyr-2000.xyz/post/02.%E6%95%B0%E6%8D%AE%E5%BA%93/03.mongodb/5.%E4%BD%93%E7%B3%BB%E5%92%8C%E6%9E%B6%E6%9E%84/</link>
      <pubDate>Tue, 06 Apr 2021 13:18:04 +0000</pubDate>
      
      <guid>http://doc.lyr-2000.xyz/post/02.%E6%95%B0%E6%8D%AE%E5%BA%93/03.mongodb/5.%E4%BD%93%E7%B3%BB%E5%92%8C%E6%9E%B6%E6%9E%84/</guid>
      <description>MongoDB体系结构 MongoDB的体系结构如下所示：磁盘文件经过加载之后后形成 MongoDB 实例，一个 MongoDB 实例中可以存放多个数据库（图中的MongoD</description>
    </item>
    
    <item>
      <title>分布式和集群</title>
      <link>http://doc.lyr-2000.xyz/post/02.%E6%95%B0%E6%8D%AE%E5%BA%93/03.mongodb/4.%E5%88%86%E5%B8%83%E5%BC%8F%E5%92%8C%E9%9B%86%E7%BE%A4/</link>
      <pubDate>Tue, 06 Apr 2021 13:16:20 +0000</pubDate>
      
      <guid>http://doc.lyr-2000.xyz/post/02.%E6%95%B0%E6%8D%AE%E5%BA%93/03.mongodb/4.%E5%88%86%E5%B8%83%E5%BC%8F%E5%92%8C%E9%9B%86%E7%BE%A4/</guid>
      <description>MongoDB集群 MongoDB有三种集群的搭建方式 Replica Set 副本集 Sharding 切片 Master-Slaver 主从（不推荐使用） 其中，Sharding集群也是三种集群中最复杂的。副</description>
    </item>
    
    <item>
      <title>索引</title>
      <link>http://doc.lyr-2000.xyz/post/02.%E6%95%B0%E6%8D%AE%E5%BA%93/03.mongodb/3.%E7%B4%A2%E5%BC%95/</link>
      <pubDate>Tue, 06 Apr 2021 11:04:00 +0000</pubDate>
      
      <guid>http://doc.lyr-2000.xyz/post/02.%E6%95%B0%E6%8D%AE%E5%BA%93/03.mongodb/3.%E7%B4%A2%E5%BC%95/</guid>
      <description>MongoDB也是有索引的 索引是对数据库一列或多列值进行排序的存储结构，底层一般是一种树状结构，没有索引查询会进行全表扫描，数据量大的时候会</description>
    </item>
    
    <item>
      <title>存储引擎</title>
      <link>http://doc.lyr-2000.xyz/post/02.%E6%95%B0%E6%8D%AE%E5%BA%93/03.mongodb/2.%E5%AD%98%E5%82%A8%E5%BC%95%E6%93%8E/</link>
      <pubDate>Tue, 06 Apr 2021 10:50:32 +0000</pubDate>
      
      <guid>http://doc.lyr-2000.xyz/post/02.%E6%95%B0%E6%8D%AE%E5%BA%93/03.mongodb/2.%E5%AD%98%E5%82%A8%E5%BC%95%E6%93%8E/</guid>
      <description>存储引擎介绍 MongoDB支持的引擎有：WiredTiger，MMAPv1和In-Memory。 从MongoDB 3.2 版本开始，WiredTig</description>
    </item>
    
    <item>
      <title>面试问题汇总</title>
      <link>http://doc.lyr-2000.xyz/post/02.%E6%95%B0%E6%8D%AE%E5%BA%93/03.mongodb/1.%E9%9D%A2%E8%AF%95%E9%97%AE%E9%A2%98%E6%B1%87%E6%80%BB/</link>
      <pubDate>Wed, 31 Mar 2021 16:58:03 +0000</pubDate>
      
      <guid>http://doc.lyr-2000.xyz/post/02.%E6%95%B0%E6%8D%AE%E5%BA%93/03.mongodb/1.%E9%9D%A2%E8%AF%95%E9%97%AE%E9%A2%98%E6%B1%87%E6%80%BB/</guid>
      <description>MongoDB是由哪种语言写的 MongoDB用c++编写的，流行的开源数据库MySQL也是用C++开发的。C++1983年发行是一种使用广泛</description>
    </item>
    
  </channel>
</rss>
