<?xml version="1.0" encoding="utf-8" standalone="yes"?>
<rss version="2.0" xmlns:atom="http://www.w3.org/2005/Atom">
  <channel>
    <title>技术文档 on Even - A super concise theme for Hugo</title>
    <link>http://doc.lyr-2000.xyz/categories/%E6%8A%80%E6%9C%AF%E6%96%87%E6%A1%A3/</link>
    <description>Recent content in 技术文档 on Even - A super concise theme for Hugo</description>
    <generator>Hugo -- gohugo.io</generator>
    <language>en</language>
    <copyright>lyr</copyright>
    <lastBuildDate>Wed, 08 Apr 2020 17:16:38 +0000</lastBuildDate><atom:link href="http://doc.lyr-2000.xyz/categories/%E6%8A%80%E6%9C%AF%E6%96%87%E6%A1%A3/index.xml" rel="self" type="application/rss+xml" />
    <item>
      <title>npm packageJson属性详解</title>
      <link>http://doc.lyr-2000.xyz/post/09.%E5%89%8D%E7%AB%AF/03.%E6%8A%80%E6%9C%AF/01.%E6%8A%80%E6%9C%AF%E6%96%87%E6%A1%A3/10.npm-packagejson%E5%B1%9E%E6%80%A7%E8%AF%A6%E8%A7%A3/</link>
      <pubDate>Wed, 08 Apr 2020 17:16:38 +0000</pubDate>
      
      <guid>http://doc.lyr-2000.xyz/post/09.%E5%89%8D%E7%AB%AF/03.%E6%8A%80%E6%9C%AF/01.%E6%8A%80%E6%9C%AF%E6%96%87%E6%A1%A3/10.npm-packagejson%E5%B1%9E%E6%80%A7%E8%AF%A6%E8%A7%A3/</guid>
      <description>npm package.json属性详解 本文转自https://www.cnblogs.com/tzyy/p/5193811.html，作者：TZ</description>
    </item>
    
    <item>
      <title>Git使用手册</title>
      <link>http://doc.lyr-2000.xyz/post/09.%E5%89%8D%E7%AB%AF/03.%E6%8A%80%E6%9C%AF/01.%E6%8A%80%E6%9C%AF%E6%96%87%E6%A1%A3/01.git%E4%BD%BF%E7%94%A8%E6%89%8B%E5%86%8C/</link>
      <pubDate>Wed, 25 Dec 2019 14:27:01 +0000</pubDate>
      
      <guid>http://doc.lyr-2000.xyz/post/09.%E5%89%8D%E7%AB%AF/03.%E6%8A%80%E6%9C%AF/01.%E6%8A%80%E6%9C%AF%E6%96%87%E6%A1%A3/01.git%E4%BD%BF%E7%94%A8%E6%89%8B%E5%86%8C/</guid>
      <description>Git使用手册 安装 官网下载：https://git-scm.com/downloads 下载完成后使用默认进行安装。 安装完成后，在开始菜单里找</description>
    </item>
    
    <item>
      <title>Markdown使用教程</title>
      <link>http://doc.lyr-2000.xyz/post/09.%E5%89%8D%E7%AB%AF/03.%E6%8A%80%E6%9C%AF/01.%E6%8A%80%E6%9C%AF%E6%96%87%E6%A1%A3/02.markdown%E4%BD%BF%E7%94%A8%E6%95%99%E7%A8%8B/</link>
      <pubDate>Wed, 25 Dec 2019 14:27:01 +0000</pubDate>
      
      <guid>http://doc.lyr-2000.xyz/post/09.%E5%89%8D%E7%AB%AF/03.%E6%8A%80%E6%9C%AF/01.%E6%8A%80%E6%9C%AF%E6%96%87%E6%A1%A3/02.markdown%E4%BD%BF%E7%94%A8%E6%95%99%E7%A8%8B/</guid>
      <description>Markdown使用教程 一、Markdown 简介 Markdown 是一种轻量级标记语言，它允许人们使用易读易写的纯文本格式编写文档。 应用 当前许多网站都广泛使</description>
    </item>
    
    <item>
      <title>npm常用命令</title>
      <link>http://doc.lyr-2000.xyz/post/09.%E5%89%8D%E7%AB%AF/03.%E6%8A%80%E6%9C%AF/01.%E6%8A%80%E6%9C%AF%E6%96%87%E6%A1%A3/03.npm%E5%B8%B8%E7%94%A8%E5%91%BD%E4%BB%A4/</link>
      <pubDate>Wed, 25 Dec 2019 14:27:01 +0000</pubDate>
      
      <guid>http://doc.lyr-2000.xyz/post/09.%E5%89%8D%E7%AB%AF/03.%E6%8A%80%E6%9C%AF/01.%E6%8A%80%E6%9C%AF%E6%96%87%E6%A1%A3/03.npm%E5%B8%B8%E7%94%A8%E5%91%BD%E4%BB%A4/</guid>
      <description>npm常用命令 简介 npm是跟随node一起安装的包（模块）管理器。常见的使用场景有以下几种： 允许用户从npm服务器下载别人编写的第三方包到本</description>
    </item>
    
    <item>
      <title>yaml语言教程</title>
      <link>http://doc.lyr-2000.xyz/post/09.%E5%89%8D%E7%AB%AF/03.%E6%8A%80%E6%9C%AF/01.%E6%8A%80%E6%9C%AF%E6%96%87%E6%A1%A3/15.yaml%E8%AF%AD%E8%A8%80%E6%95%99%E7%A8%8B/</link>
      <pubDate>Wed, 25 Dec 2019 14:27:01 +0000</pubDate>
      
      <guid>http://doc.lyr-2000.xyz/post/09.%E5%89%8D%E7%AB%AF/03.%E6%8A%80%E6%9C%AF/01.%E6%8A%80%E6%9C%AF%E6%96%87%E6%A1%A3/15.yaml%E8%AF%AD%E8%A8%80%E6%95%99%E7%A8%8B/</guid>
      <description>yaml语言教程 简介 YAML 是 &amp;ldquo;YAML Ain&amp;rsquo;t a Markup Language&amp;rdquo;（YAML 不是一种标记语言）的递归缩写。在开发的这种语言时，YAML 的意思其实</description>
    </item>
    
  </channel>
</rss>
