<?xml version="1.0" encoding="utf-8" standalone="yes"?>
<rss version="2.0" xmlns:atom="http://www.w3.org/2005/Atom">
  <channel>
    <title>CSS on Even - A super concise theme for Hugo</title>
    <link>http://doc.lyr-2000.xyz/categories/css/</link>
    <description>Recent content in CSS on Even - A super concise theme for Hugo</description>
    <generator>Hugo -- gohugo.io</generator>
    <language>en</language>
    <copyright>lyr</copyright>
    <lastBuildDate>Tue, 11 Aug 2020 17:13:52 +0000</lastBuildDate><atom:link href="http://doc.lyr-2000.xyz/categories/css/index.xml" rel="self" type="application/rss+xml" />
    <item>
      <title>CSS教程和技巧收藏</title>
      <link>http://doc.lyr-2000.xyz/post/09.%E5%89%8D%E7%AB%AF/02.%E9%A1%B5%E9%9D%A2/20.css/00.css%E6%95%99%E7%A8%8B%E5%92%8C%E6%8A%80%E5%B7%A7%E6%94%B6%E8%97%8F/</link>
      <pubDate>Tue, 11 Aug 2020 17:13:52 +0000</pubDate>
      
      <guid>http://doc.lyr-2000.xyz/post/09.%E5%89%8D%E7%AB%AF/02.%E9%A1%B5%E9%9D%A2/20.css/00.css%E6%95%99%E7%A8%8B%E5%92%8C%E6%8A%80%E5%B7%A7%E6%94%B6%E8%97%8F/</guid>
      <description>Flex 布局教程：语法篇 http://www.ruanyifeng.com/blog/2015/07/flex-grammar.html CSS Grid 网格布局教程 http://www.ruanyifeng.com/blog/2019/03/grid-layout-tutorial.html 只要一行代码，实现五种 CSS 经典布局 http://www.ruanyifeng.com/blog/2020/08/five-css-layouts-in-one-line.html 空间居中布局 不管容器的大小，项目总是占据中心点 并列式布局 多个项目并列</description>
    </item>
    
    <item>
      <title>CSS-function汇总</title>
      <link>http://doc.lyr-2000.xyz/post/09.%E5%89%8D%E7%AB%AF/02.%E9%A1%B5%E9%9D%A2/20.css/60.css-function%E6%B1%87%E6%80%BB/</link>
      <pubDate>Tue, 12 May 2020 09:36:44 +0000</pubDate>
      
      <guid>http://doc.lyr-2000.xyz/post/09.%E5%89%8D%E7%AB%AF/02.%E9%A1%B5%E9%9D%A2/20.css/60.css-function%E6%B1%87%E6%80%BB/</guid>
      <description></description>
    </item>
    
    <item>
      <title>「css技巧」使用hover和attr()定制悬浮提示</title>
      <link>http://doc.lyr-2000.xyz/post/09.%E5%89%8D%E7%AB%AF/02.%E9%A1%B5%E9%9D%A2/20.css/50.css%E6%8A%80%E5%B7%A7%E4%BD%BF%E7%94%A8hover%E5%92%8Cattr%E5%AE%9A%E5%88%B6%E6%82%AC%E6%B5%AE%E6%8F%90%E7%A4%BA/</link>
      <pubDate>Sat, 18 Apr 2020 12:14:09 +0000</pubDate>
      
      <guid>http://doc.lyr-2000.xyz/post/09.%E5%89%8D%E7%AB%AF/02.%E9%A1%B5%E9%9D%A2/20.css/50.css%E6%8A%80%E5%B7%A7%E4%BD%BF%E7%94%A8hover%E5%92%8Cattr%E5%AE%9A%E5%88%B6%E6%82%AC%E6%B5%AE%E6%8F%90%E7%A4%BA/</guid>
      <description>「css技巧」使用hover和attr()定制悬浮提示-demo See the Pen 【CSS：行为】使用:hover和attr()定制悬浮提示 by xugaoyi (@xugaoyi) on CodePen.</description>
    </item>
    
    <item>
      <title>如何根据系统主题自动响应CSS深色模式</title>
      <link>http://doc.lyr-2000.xyz/post/09.%E5%89%8D%E7%AB%AF/02.%E9%A1%B5%E9%9D%A2/20.css/45.%E5%A6%82%E4%BD%95%E6%A0%B9%E6%8D%AE%E7%B3%BB%E7%BB%9F%E4%B8%BB%E9%A2%98%E8%87%AA%E5%8A%A8%E5%93%8D%E5%BA%94css%E6%B7%B1%E8%89%B2%E6%A8%A1%E5%BC%8F/</link>
      <pubDate>Tue, 31 Mar 2020 14:06:26 +0000</pubDate>
      
      <guid>http://doc.lyr-2000.xyz/post/09.%E5%89%8D%E7%AB%AF/02.%E9%A1%B5%E9%9D%A2/20.css/45.%E5%A6%82%E4%BD%95%E6%A0%B9%E6%8D%AE%E7%B3%BB%E7%BB%9F%E4%B8%BB%E9%A2%98%E8%87%AA%E5%8A%A8%E5%93%8D%E5%BA%94css%E6%B7%B1%E8%89%B2%E6%A8%A1%E5%BC%8F/</guid>
      <description>如何根据系统主题自动响应CSS深色模式 很多人喜欢选择APP或网站中的深色模式，也许他们更喜欢这样的外观，或者他们想让自己的眼睛免受疲劳。这篇</description>
    </item>
    
    <item>
      <title>水平垂直居中的几种方式-案例</title>
      <link>http://doc.lyr-2000.xyz/post/09.%E5%89%8D%E7%AB%AF/02.%E9%A1%B5%E9%9D%A2/20.css/40.%E6%B0%B4%E5%B9%B3%E5%9E%82%E7%9B%B4%E5%B1%85%E4%B8%AD%E7%9A%84%E5%87%A0%E7%A7%8D%E6%96%B9%E5%BC%8F-%E6%A1%88%E4%BE%8B/</link>
      <pubDate>Fri, 13 Mar 2020 16:13:43 +0000</pubDate>
      
      <guid>http://doc.lyr-2000.xyz/post/09.%E5%89%8D%E7%AB%AF/02.%E9%A1%B5%E9%9D%A2/20.css/40.%E6%B0%B4%E5%B9%B3%E5%9E%82%E7%9B%B4%E5%B1%85%E4%B8%AD%E7%9A%84%E5%87%A0%E7%A7%8D%E6%96%B9%E5%BC%8F-%E6%A1%88%E4%BE%8B/</guid>
      <description>水平垂直居中的几种方式-案例 See the Pen 水平垂直居中的几种方式 by xugaoyi (@xugaoyi) on CodePen.</description>
    </item>
    
    <item>
      <title>从box-sizing属性入手，了解盒子模型</title>
      <link>http://doc.lyr-2000.xyz/post/09.%E5%89%8D%E7%AB%AF/02.%E9%A1%B5%E9%9D%A2/20.css/35.%E4%BB%8Ebox-sizing%E5%B1%9E%E6%80%A7%E5%85%A5%E6%89%8B%E4%BA%86%E8%A7%A3%E7%9B%92%E5%AD%90%E6%A8%A1%E5%9E%8B/</link>
      <pubDate>Thu, 27 Feb 2020 17:08:48 +0000</pubDate>
      
      <guid>http://doc.lyr-2000.xyz/post/09.%E5%89%8D%E7%AB%AF/02.%E9%A1%B5%E9%9D%A2/20.css/35.%E4%BB%8Ebox-sizing%E5%B1%9E%E6%80%A7%E5%85%A5%E6%89%8B%E4%BA%86%E8%A7%A3%E7%9B%92%E5%AD%90%E6%A8%A1%E5%9E%8B/</guid>
      <description>从box-sizing属性入手，了解盒子模型 背景 先声明一下运用的场景，假如项目布局使用的是自适应的布局方式，div给出的宽度是百分比的形式，</description>
    </item>
    
    <item>
      <title>文字在一行或多行时超出显示省略号</title>
      <link>http://doc.lyr-2000.xyz/post/09.%E5%89%8D%E7%AB%AF/02.%E9%A1%B5%E9%9D%A2/20.css/30.%E6%96%87%E5%AD%97%E5%9C%A8%E4%B8%80%E8%A1%8C%E6%88%96%E5%A4%9A%E8%A1%8C%E6%97%B6%E8%B6%85%E5%87%BA%E6%98%BE%E7%A4%BA%E7%9C%81%E7%95%A5%E5%8F%B7/</link>
      <pubDate>Sun, 23 Feb 2020 15:07:08 +0000</pubDate>
      
      <guid>http://doc.lyr-2000.xyz/post/09.%E5%89%8D%E7%AB%AF/02.%E9%A1%B5%E9%9D%A2/20.css/30.%E6%96%87%E5%AD%97%E5%9C%A8%E4%B8%80%E8%A1%8C%E6%88%96%E5%A4%9A%E8%A1%8C%E6%97%B6%E8%B6%85%E5%87%BA%E6%98%BE%E7%A4%BA%E7%9C%81%E7%95%A5%E5%8F%B7/</guid>
      <description>文字在一行或多行时超出显示省略号 一行超出显示省略 1 2 3 overflow: hidden; white-space: nowrap; text-overflow: ellipsis; :::demo [vanilla] 1 2 3 4 5 6 7 8 9 10 11 12 13 &amp;lt;html&amp;gt; &amp;lt;div class=&amp;#34;box-42b6&amp;</description>
    </item>
    
    <item>
      <title>「布局技巧」图片未加载前自动撑开元素高度</title>
      <link>http://doc.lyr-2000.xyz/post/09.%E5%89%8D%E7%AB%AF/02.%E9%A1%B5%E9%9D%A2/20.css/20.%E5%B8%83%E5%B1%80%E6%8A%80%E5%B7%A7%E5%9B%BE%E7%89%87%E6%9C%AA%E5%8A%A0%E8%BD%BD%E5%89%8D%E8%87%AA%E5%8A%A8%E6%92%91%E5%BC%80%E5%85%83%E7%B4%A0%E9%AB%98%E5%BA%A6/</link>
      <pubDate>Sat, 22 Feb 2020 16:37:10 +0000</pubDate>
      
      <guid>http://doc.lyr-2000.xyz/post/09.%E5%89%8D%E7%AB%AF/02.%E9%A1%B5%E9%9D%A2/20.css/20.%E5%B8%83%E5%B1%80%E6%8A%80%E5%B7%A7%E5%9B%BE%E7%89%87%E6%9C%AA%E5%8A%A0%E8%BD%BD%E5%89%8D%E8%87%AA%E5%8A%A8%E6%92%91%E5%BC%80%E5%85%83%E7%B4%A0%E9%AB%98%E5%BA%A6/</guid>
      <description>「布局技巧」图片未加载前自动撑开元素高度 在移动端开发中，有一些元素是根据图片高度来自动撑开的 ，高度不能写死（如轮播图的外层元素）。在网络较慢</description>
    </item>
    
    <item>
      <title>CSS3之animation动画</title>
      <link>http://doc.lyr-2000.xyz/post/09.%E5%89%8D%E7%AB%AF/02.%E9%A1%B5%E9%9D%A2/20.css/08.css3%E4%B9%8Banimation%E5%8A%A8%E7%94%BB/</link>
      <pubDate>Wed, 25 Dec 2019 14:27:01 +0000</pubDate>
      
      <guid>http://doc.lyr-2000.xyz/post/09.%E5%89%8D%E7%AB%AF/02.%E9%A1%B5%E9%9D%A2/20.css/08.css3%E4%B9%8Banimation%E5%8A%A8%E7%94%BB/</guid>
      <description>CSS3之animation动画 可用F12开发者工具查看元素及样式，可打开codepen在线编辑代码。 ::: demo [vanilla] 1 2 3 4 5 6 7 8 9 10 11 12 13 14 15 16</description>
    </item>
    
    <item>
      <title>CSS3之transition过渡</title>
      <link>http://doc.lyr-2000.xyz/post/09.%E5%89%8D%E7%AB%AF/02.%E9%A1%B5%E9%9D%A2/20.css/07.css3%E4%B9%8Btransition%E8%BF%87%E6%B8%A1/</link>
      <pubDate>Wed, 25 Dec 2019 14:27:01 +0000</pubDate>
      
      <guid>http://doc.lyr-2000.xyz/post/09.%E5%89%8D%E7%AB%AF/02.%E9%A1%B5%E9%9D%A2/20.css/07.css3%E4%B9%8Btransition%E8%BF%87%E6%B8%A1/</guid>
      <description>CSS3之transition过渡 html结构 1 2 3 4 5 &amp;lt;div class=&amp;#34;box1&amp;#34;&amp;gt; &amp;lt;div class=&amp;#34;div1&amp;#34;&amp;gt;&amp;lt;/div&amp;gt; &amp;lt;div class=&amp;#34;div2&amp;#34;&amp;gt;&amp;lt;/div&amp;gt; &amp;lt;div class=&amp;#34;div3&amp;#34;&amp;gt;&amp;lt;/div&amp;gt; &amp;lt;/div&amp;gt; 先给元素设置transition过渡，指定样式和时间，这里设置al</description>
    </item>
    
    <item>
      <title>flex布局案例-圣杯布局</title>
      <link>http://doc.lyr-2000.xyz/post/09.%E5%89%8D%E7%AB%AF/02.%E9%A1%B5%E9%9D%A2/20.css/04.flex%E5%B8%83%E5%B1%80%E6%A1%88%E4%BE%8B-%E5%9C%A3%E6%9D%AF%E5%B8%83%E5%B1%80/</link>
      <pubDate>Wed, 25 Dec 2019 14:27:01 +0000</pubDate>
      
      <guid>http://doc.lyr-2000.xyz/post/09.%E5%89%8D%E7%AB%AF/02.%E9%A1%B5%E9%9D%A2/20.css/04.flex%E5%B8%83%E5%B1%80%E6%A1%88%E4%BE%8B-%E5%9C%A3%E6%9D%AF%E5%B8%83%E5%B1%80/</guid>
      <description>flex布局案例-圣杯布局 可用F12开发者工具查看元素及样式，可打开codepen在线编辑代码。 ::: demo [vanilla] 1 2 3 4 5 6 7 8 9 10 11 12 13 14 15 16 17 18 19</description>
    </item>
    
    <item>
      <title>flex布局案例-基础</title>
      <link>http://doc.lyr-2000.xyz/post/09.%E5%89%8D%E7%AB%AF/02.%E9%A1%B5%E9%9D%A2/20.css/02.flex%E5%B8%83%E5%B1%80%E6%A1%88%E4%BE%8B-%E5%9F%BA%E7%A1%80/</link>
      <pubDate>Wed, 25 Dec 2019 14:27:01 +0000</pubDate>
      
      <guid>http://doc.lyr-2000.xyz/post/09.%E5%89%8D%E7%AB%AF/02.%E9%A1%B5%E9%9D%A2/20.css/02.flex%E5%B8%83%E5%B1%80%E6%A1%88%E4%BE%8B-%E5%9F%BA%E7%A1%80/</guid>
      <description>flex布局案例-基础 可用F12开发者工具查看元素及样式，可打开codepen在线编辑代码。 ::: demo [vanilla] 1 2 3 4 5 6 7 8 9 10 11 12 13 14 15 16 17 18 19 20 21</description>
    </item>
    
    <item>
      <title>flex布局案例-网格布局</title>
      <link>http://doc.lyr-2000.xyz/post/09.%E5%89%8D%E7%AB%AF/02.%E9%A1%B5%E9%9D%A2/20.css/05.flex%E5%B8%83%E5%B1%80%E6%A1%88%E4%BE%8B-%E7%BD%91%E6%A0%BC%E5%B8%83%E5%B1%80/</link>
      <pubDate>Wed, 25 Dec 2019 14:27:01 +0000</pubDate>
      
      <guid>http://doc.lyr-2000.xyz/post/09.%E5%89%8D%E7%AB%AF/02.%E9%A1%B5%E9%9D%A2/20.css/05.flex%E5%B8%83%E5%B1%80%E6%A1%88%E4%BE%8B-%E7%BD%91%E6%A0%BC%E5%B8%83%E5%B1%80/</guid>
      <description>flex布局案例-网格布局 可用F12开发者工具查看元素及样式，可打开codepen在线编辑代码。 ::: demo [vanilla] 1 2 3 4 5 6 7 8 9 10 11 12 13 14 15 16 17 18 19</description>
    </item>
    
    <item>
      <title>flex布局案例-输入框布局</title>
      <link>http://doc.lyr-2000.xyz/post/09.%E5%89%8D%E7%AB%AF/02.%E9%A1%B5%E9%9D%A2/20.css/06.flex%E5%B8%83%E5%B1%80%E6%A1%88%E4%BE%8B-%E8%BE%93%E5%85%A5%E6%A1%86%E5%B8%83%E5%B1%80/</link>
      <pubDate>Wed, 25 Dec 2019 14:27:01 +0000</pubDate>
      
      <guid>http://doc.lyr-2000.xyz/post/09.%E5%89%8D%E7%AB%AF/02.%E9%A1%B5%E9%9D%A2/20.css/06.flex%E5%B8%83%E5%B1%80%E6%A1%88%E4%BE%8B-%E8%BE%93%E5%85%A5%E6%A1%86%E5%B8%83%E5%B1%80/</guid>
      <description>flex布局案例-输入框布局 可用F12开发者工具查看元素及样式，可打开codepen在线编辑代码。 ::: demo [vanilla] 1 2 3 4 5 6 7 8 9 10 11 12 13 14 15 16 17 18</description>
    </item>
    
    <item>
      <title>flex布局案例-骰子</title>
      <link>http://doc.lyr-2000.xyz/post/09.%E5%89%8D%E7%AB%AF/02.%E9%A1%B5%E9%9D%A2/20.css/03.flex%E5%B8%83%E5%B1%80%E6%A1%88%E4%BE%8B-%E9%AA%B0%E5%AD%90/</link>
      <pubDate>Wed, 25 Dec 2019 14:27:01 +0000</pubDate>
      
      <guid>http://doc.lyr-2000.xyz/post/09.%E5%89%8D%E7%AB%AF/02.%E9%A1%B5%E9%9D%A2/20.css/03.flex%E5%B8%83%E5%B1%80%E6%A1%88%E4%BE%8B-%E9%AA%B0%E5%AD%90/</guid>
      <description>flex布局案例-骰子 可用F12开发者工具查看元素及样式，可打开codepen在线编辑代码。 ::: demo [vanilla] 1 2 3 4 5 6 7 8 9 10 11 12 13 14 15 16 17 18 19 20 21</description>
    </item>
    
    <item>
      <title>flex布局语法</title>
      <link>http://doc.lyr-2000.xyz/post/09.%E5%89%8D%E7%AB%AF/02.%E9%A1%B5%E9%9D%A2/20.css/01.flex%E5%B8%83%E5%B1%80%E8%AF%AD%E6%B3%95/</link>
      <pubDate>Wed, 25 Dec 2019 14:27:01 +0000</pubDate>
      
      <guid>http://doc.lyr-2000.xyz/post/09.%E5%89%8D%E7%AB%AF/02.%E9%A1%B5%E9%9D%A2/20.css/01.flex%E5%B8%83%E5%B1%80%E8%AF%AD%E6%B3%95/</guid>
      <description>flex布局语法 一、flex 布局是什么？ Flex是 Flexible Box 的缩写，意为&amp;quot;弹性布局&amp;quot;，用来为盒状模型提供最大的灵活性。 任何一个</description>
    </item>
    
  </channel>
</rss>
