<?xml version="1.0" encoding="utf-8" standalone="yes"?>
<rss version="2.0" xmlns:atom="http://www.w3.org/2005/Atom">
  <channel>
    <title>笔记 on Even - A super concise theme for Hugo</title>
    <link>http://doc.lyr-2000.xyz/categories/%E7%AC%94%E8%AE%B0/</link>
    <description>Recent content in 笔记 on Even - A super concise theme for Hugo</description>
    <generator>Hugo -- gohugo.io</generator>
    <language>en</language>
    <copyright>lyr</copyright>
    <lastBuildDate>Fri, 12 Jun 2020 12:39:01 +0000</lastBuildDate><atom:link href="http://doc.lyr-2000.xyz/categories/%E7%AC%94%E8%AE%B0/index.xml" rel="self" type="application/rss+xml" />
    <item>
      <title>《JavaScript高级程序设计》笔记</title>
      <link>http://doc.lyr-2000.xyz/post/09.%E5%89%8D%E7%AB%AF/01.%E5%89%8D%E7%AB%AF/02.%E5%AD%A6%E4%B9%A0%E7%AC%94%E8%AE%B0/05.javascript%E9%AB%98%E7%BA%A7%E7%A8%8B%E5%BA%8F%E8%AE%BE%E8%AE%A1%E7%AC%94%E8%AE%B0/</link>
      <pubDate>Fri, 12 Jun 2020 12:39:01 +0000</pubDate>
      
      <guid>http://doc.lyr-2000.xyz/post/09.%E5%89%8D%E7%AB%AF/01.%E5%89%8D%E7%AB%AF/02.%E5%AD%A6%E4%B9%A0%E7%AC%94%E8%AE%B0/05.javascript%E9%AB%98%E7%BA%A7%E7%A8%8B%E5%BA%8F%E8%AE%BE%E8%AE%A1%E7%AC%94%E8%AE%B0/</guid>
      <description>《JavaScript高级程序设计》笔记 第1章 JavaScript简介 JavaScript诞生于1995年 一个完整的JavaScript由这</description>
    </item>
    
  </channel>
</rss>
