<?xml version="1.0" encoding="utf-8" standalone="yes"?>
<rss version="2.0" xmlns:atom="http://www.w3.org/2005/Atom">
  <channel>
    <title>ts-axios 更多功能实现 on Even - A super concise theme for Hugo</title>
    <link>http://doc.lyr-2000.xyz/categories/ts-axios-%E6%9B%B4%E5%A4%9A%E5%8A%9F%E8%83%BD%E5%AE%9E%E7%8E%B0/</link>
    <description>Recent content in ts-axios 更多功能实现 on Even - A super concise theme for Hugo</description>
    <generator>Hugo -- gohugo.io</generator>
    <language>en</language>
    <copyright>lyr</copyright>
    <lastBuildDate>Sun, 05 Jan 2020 10:56:02 +0000</lastBuildDate><atom:link href="http://doc.lyr-2000.xyz/categories/ts-axios-%E6%9B%B4%E5%A4%9A%E5%8A%9F%E8%83%BD%E5%AE%9E%E7%8E%B0/index.xml" rel="self" type="application/rss+xml" />
    <item>
      <title>baseURL</title>
      <link>http://doc.lyr-2000.xyz/post/09.%E5%89%8D%E7%AB%AF/11.typescript-%E4%BB%8E%E9%9B%B6%E5%AE%9E%E7%8E%B0-axios/10.ts-axios-%E6%9B%B4%E5%A4%9A%E5%8A%9F%E8%83%BD%E5%AE%9E%E7%8E%B0/07.baseurl/</link>
      <pubDate>Sun, 05 Jan 2020 10:56:02 +0000</pubDate>
      
      <guid>http://doc.lyr-2000.xyz/post/09.%E5%89%8D%E7%AB%AF/11.typescript-%E4%BB%8E%E9%9B%B6%E5%AE%9E%E7%8E%B0-axios/10.ts-axios-%E6%9B%B4%E5%A4%9A%E5%8A%9F%E8%83%BD%E5%AE%9E%E7%8E%B0/07.baseurl/</guid>
      <description>baseURL 需求分析 有些时候，我们会请求某个域名下的多个接口，我们不希望每次发送请求都填写完整的 url，希望可以配置一个 baseURL，之后都可以传相</description>
    </item>
    
    <item>
      <title>HTTP 授权</title>
      <link>http://doc.lyr-2000.xyz/post/09.%E5%89%8D%E7%AB%AF/11.typescript-%E4%BB%8E%E9%9B%B6%E5%AE%9E%E7%8E%B0-axios/10.ts-axios-%E6%9B%B4%E5%A4%9A%E5%8A%9F%E8%83%BD%E5%AE%9E%E7%8E%B0/04.http-%E6%8E%88%E6%9D%83/</link>
      <pubDate>Sun, 05 Jan 2020 10:56:02 +0000</pubDate>
      
      <guid>http://doc.lyr-2000.xyz/post/09.%E5%89%8D%E7%AB%AF/11.typescript-%E4%BB%8E%E9%9B%B6%E5%AE%9E%E7%8E%B0-axios/10.ts-axios-%E6%9B%B4%E5%A4%9A%E5%8A%9F%E8%83%BD%E5%AE%9E%E7%8E%B0/04.http-%E6%8E%88%E6%9D%83/</guid>
      <description>HTTP 授权 需求分析 HTTP 协议中的 Authorization 请求 header 会包含服务器用于验证用户代理身份的凭证，通常会在服务器返回 401 Unauthorized 状态码以及 WWW-Authenticate 消息头之后在后续请求中发送此消息头</description>
    </item>
    
    <item>
      <title>withCredentials</title>
      <link>http://doc.lyr-2000.xyz/post/09.%E5%89%8D%E7%AB%AF/11.typescript-%E4%BB%8E%E9%9B%B6%E5%AE%9E%E7%8E%B0-axios/10.ts-axios-%E6%9B%B4%E5%A4%9A%E5%8A%9F%E8%83%BD%E5%AE%9E%E7%8E%B0/01.withcredentials/</link>
      <pubDate>Sun, 05 Jan 2020 10:56:02 +0000</pubDate>
      
      <guid>http://doc.lyr-2000.xyz/post/09.%E5%89%8D%E7%AB%AF/11.typescript-%E4%BB%8E%E9%9B%B6%E5%AE%9E%E7%8E%B0-axios/10.ts-axios-%E6%9B%B4%E5%A4%9A%E5%8A%9F%E8%83%BD%E5%AE%9E%E7%8E%B0/01.withcredentials/</guid>
      <description>withCredentials 需求分析 有些时候我们会发一些跨域请求，比如 http://domain-a.com 站点发送一个 http://api.domain-b.com/get 的请求，默认情况下，浏览器会根据同源策略限制这种跨域请求，但是可以通过 CORS 技术解决</description>
    </item>
    
    <item>
      <title>XSRF 防御</title>
      <link>http://doc.lyr-2000.xyz/post/09.%E5%89%8D%E7%AB%AF/11.typescript-%E4%BB%8E%E9%9B%B6%E5%AE%9E%E7%8E%B0-axios/10.ts-axios-%E6%9B%B4%E5%A4%9A%E5%8A%9F%E8%83%BD%E5%AE%9E%E7%8E%B0/02.xsrf-%E9%98%B2%E5%BE%A1/</link>
      <pubDate>Sun, 05 Jan 2020 10:56:02 +0000</pubDate>
      
      <guid>http://doc.lyr-2000.xyz/post/09.%E5%89%8D%E7%AB%AF/11.typescript-%E4%BB%8E%E9%9B%B6%E5%AE%9E%E7%8E%B0-axios/10.ts-axios-%E6%9B%B4%E5%A4%9A%E5%8A%9F%E8%83%BD%E5%AE%9E%E7%8E%B0/02.xsrf-%E9%98%B2%E5%BE%A1/</guid>
      <description>XSRF 防御 需求分析 XSRF 又名 CSRF，跨站请求伪造，它是前端常见的一种攻击方式，我们先通过一张图来认识它的攻击手段。 CSRF 的防御手段有很多，比如验证请求</description>
    </item>
    
    <item>
      <title>上传和下载的进度监控</title>
      <link>http://doc.lyr-2000.xyz/post/09.%E5%89%8D%E7%AB%AF/11.typescript-%E4%BB%8E%E9%9B%B6%E5%AE%9E%E7%8E%B0-axios/10.ts-axios-%E6%9B%B4%E5%A4%9A%E5%8A%9F%E8%83%BD%E5%AE%9E%E7%8E%B0/03.%E4%B8%8A%E4%BC%A0%E5%92%8C%E4%B8%8B%E8%BD%BD%E7%9A%84%E8%BF%9B%E5%BA%A6%E7%9B%91%E6%8E%A7/</link>
      <pubDate>Sun, 05 Jan 2020 10:56:02 +0000</pubDate>
      
      <guid>http://doc.lyr-2000.xyz/post/09.%E5%89%8D%E7%AB%AF/11.typescript-%E4%BB%8E%E9%9B%B6%E5%AE%9E%E7%8E%B0-axios/10.ts-axios-%E6%9B%B4%E5%A4%9A%E5%8A%9F%E8%83%BD%E5%AE%9E%E7%8E%B0/03.%E4%B8%8A%E4%BC%A0%E5%92%8C%E4%B8%8B%E8%BD%BD%E7%9A%84%E8%BF%9B%E5%BA%A6%E7%9B%91%E6%8E%A7/</guid>
      <description>上传和下载的进度监控 需求分析 有些时候，当我们上传文件或者是请求一个大体积数据的时候，希望知道实时的进度，甚至可以基于此做一个进度条的展示。 我</description>
    </item>
    
    <item>
      <title>自定义参数序列化</title>
      <link>http://doc.lyr-2000.xyz/post/09.%E5%89%8D%E7%AB%AF/11.typescript-%E4%BB%8E%E9%9B%B6%E5%AE%9E%E7%8E%B0-axios/10.ts-axios-%E6%9B%B4%E5%A4%9A%E5%8A%9F%E8%83%BD%E5%AE%9E%E7%8E%B0/06.%E8%87%AA%E5%AE%9A%E4%B9%89%E5%8F%82%E6%95%B0%E5%BA%8F%E5%88%97%E5%8C%96/</link>
      <pubDate>Sun, 05 Jan 2020 10:56:02 +0000</pubDate>
      
      <guid>http://doc.lyr-2000.xyz/post/09.%E5%89%8D%E7%AB%AF/11.typescript-%E4%BB%8E%E9%9B%B6%E5%AE%9E%E7%8E%B0-axios/10.ts-axios-%E6%9B%B4%E5%A4%9A%E5%8A%9F%E8%83%BD%E5%AE%9E%E7%8E%B0/06.%E8%87%AA%E5%AE%9A%E4%B9%89%E5%8F%82%E6%95%B0%E5%BA%8F%E5%88%97%E5%8C%96/</guid>
      <description>自定义参数序列化 需求分析 在之前的章节，我们对请求的 url 参数做了处理，我们会解析传入的 params 对象，根据一定的规则把它解析成字符串，然后添加在 url 后面。</description>
    </item>
    
    <item>
      <title>自定义合法状态码</title>
      <link>http://doc.lyr-2000.xyz/post/09.%E5%89%8D%E7%AB%AF/11.typescript-%E4%BB%8E%E9%9B%B6%E5%AE%9E%E7%8E%B0-axios/10.ts-axios-%E6%9B%B4%E5%A4%9A%E5%8A%9F%E8%83%BD%E5%AE%9E%E7%8E%B0/05.%E8%87%AA%E5%AE%9A%E4%B9%89%E5%90%88%E6%B3%95%E7%8A%B6%E6%80%81%E7%A0%81/</link>
      <pubDate>Sun, 05 Jan 2020 10:56:02 +0000</pubDate>
      
      <guid>http://doc.lyr-2000.xyz/post/09.%E5%89%8D%E7%AB%AF/11.typescript-%E4%BB%8E%E9%9B%B6%E5%AE%9E%E7%8E%B0-axios/10.ts-axios-%E6%9B%B4%E5%A4%9A%E5%8A%9F%E8%83%BD%E5%AE%9E%E7%8E%B0/05.%E8%87%AA%E5%AE%9A%E4%B9%89%E5%90%88%E6%B3%95%E7%8A%B6%E6%80%81%E7%A0%81/</guid>
      <description>自定义合法状态码 需求分析 之前 ts-axios 在处理响应结果的时候，认为 HTTP status 在 200 和 300 之间是一个合法值，在这个区间之外则创建一个错误。有些时候我们想自定义这个</description>
    </item>
    
    <item>
      <title>静态方法扩展</title>
      <link>http://doc.lyr-2000.xyz/post/09.%E5%89%8D%E7%AB%AF/11.typescript-%E4%BB%8E%E9%9B%B6%E5%AE%9E%E7%8E%B0-axios/10.ts-axios-%E6%9B%B4%E5%A4%9A%E5%8A%9F%E8%83%BD%E5%AE%9E%E7%8E%B0/08.%E9%9D%99%E6%80%81%E6%96%B9%E6%B3%95%E6%89%A9%E5%B1%95/</link>
      <pubDate>Sun, 05 Jan 2020 10:56:02 +0000</pubDate>
      
      <guid>http://doc.lyr-2000.xyz/post/09.%E5%89%8D%E7%AB%AF/11.typescript-%E4%BB%8E%E9%9B%B6%E5%AE%9E%E7%8E%B0-axios/10.ts-axios-%E6%9B%B4%E5%A4%9A%E5%8A%9F%E8%83%BD%E5%AE%9E%E7%8E%B0/08.%E9%9D%99%E6%80%81%E6%96%B9%E6%B3%95%E6%89%A9%E5%B1%95/</guid>
      <description>静态方法扩展 需求分析 官方 axios 库实现了 axios.all、axios.spread 等方法，它们的用法如下： 1 2 3 4 5 6 7 8 9 10 11 12 function getUserAccount() { return axios.get(&amp;#39;/user/12345&amp;#39;); } function</description>
    </item>
    
  </channel>
</rss>
