<?xml version="1.0" encoding="utf-8" standalone="yes"?>
<rss version="2.0" xmlns:atom="http://www.w3.org/2005/Atom">
  <channel>
    <title>软件使用 on Even - A super concise theme for Hugo</title>
    <link>http://doc.lyr-2000.xyz/categories/%E8%BD%AF%E4%BB%B6%E4%BD%BF%E7%94%A8/</link>
    <description>Recent content in 软件使用 on Even - A super concise theme for Hugo</description>
    <generator>Hugo -- gohugo.io</generator>
    <language>en</language>
    <copyright>lyr</copyright>
    <lastBuildDate>Thu, 25 Mar 2021 16:10:58 +0000</lastBuildDate><atom:link href="http://doc.lyr-2000.xyz/categories/%E8%BD%AF%E4%BB%B6%E4%BD%BF%E7%94%A8/index.xml" rel="self" type="application/rss+xml" />
    <item>
      <title>Docker</title>
      <link>http://doc.lyr-2000.xyz/post/05.%E8%BD%AF%E4%BB%B6%E5%92%8C%E7%B3%BB%E7%BB%9F/01.%E8%BD%AF%E4%BB%B6%E4%BD%BF%E7%94%A8/03.docker/</link>
      <pubDate>Thu, 25 Mar 2021 16:10:58 +0000</pubDate>
      
      <guid>http://doc.lyr-2000.xyz/post/05.%E8%BD%AF%E4%BB%B6%E5%92%8C%E7%B3%BB%E7%BB%9F/01.%E8%BD%AF%E4%BB%B6%E4%BD%BF%E7%94%A8/03.docker/</guid>
      <description>docker的底层原理 Docker 采用了 C/S 架构，包括客户端和服务端。Docker 守护进程 （ Daemon ）作为服务端接受来自客户端的请求，并处理这些请求（创建、运</description>
    </item>
    
    <item>
      <title>NGINX</title>
      <link>http://doc.lyr-2000.xyz/post/05.%E8%BD%AF%E4%BB%B6%E5%92%8C%E7%B3%BB%E7%BB%9F/01.%E8%BD%AF%E4%BB%B6%E4%BD%BF%E7%94%A8/02.nginx/</link>
      <pubDate>Tue, 23 Mar 2021 21:23:26 +0000</pubDate>
      
      <guid>http://doc.lyr-2000.xyz/post/05.%E8%BD%AF%E4%BB%B6%E5%92%8C%E7%B3%BB%E7%BB%9F/01.%E8%BD%AF%E4%BB%B6%E4%BD%BF%E7%94%A8/02.nginx/</guid>
      <description>这里同样直接整理面试题 同学问的一些问题 NGINX的优势 可以热部署 支持高并发连接 内存消耗低 处理响应快 可靠性高 NGINX 负载均衡算法 轮询 （默认） 每个请求</description>
    </item>
    
  </channel>
</rss>
