<?xml version="1.0" encoding="utf-8" standalone="yes"?>
<rss version="2.0" xmlns:atom="http://www.w3.org/2005/Atom">
  <channel>
    <title>智力题 on Even - A super concise theme for Hugo</title>
    <link>http://doc.lyr-2000.xyz/categories/%E6%99%BA%E5%8A%9B%E9%A2%98/</link>
    <description>Recent content in 智力题 on Even - A super concise theme for Hugo</description>
    <generator>Hugo -- gohugo.io</generator>
    <language>en</language>
    <copyright>lyr</copyright>
    <lastBuildDate>Sat, 10 Apr 2021 17:17:18 +0000</lastBuildDate><atom:link href="http://doc.lyr-2000.xyz/categories/%E6%99%BA%E5%8A%9B%E9%A2%98/index.xml" rel="self" type="application/rss+xml" />
    <item>
      <title>面试常问</title>
      <link>http://doc.lyr-2000.xyz/post/08.%E5%85%B6%E4%BB%96/01.%E6%99%BA%E5%8A%9B%E9%A2%98/02.%E9%9D%A2%E8%AF%95%E5%B8%B8%E9%97%AE/</link>
      <pubDate>Sat, 10 Apr 2021 17:17:18 +0000</pubDate>
      
      <guid>http://doc.lyr-2000.xyz/post/08.%E5%85%B6%E4%BB%96/01.%E6%99%BA%E5%8A%9B%E9%A2%98/02.%E9%9D%A2%E8%AF%95%E5%B8%B8%E9%97%AE/</guid>
      <description>64匹马，8个赛道，找出跑得最快的4匹马 全部马分为8组，每组8匹，每组各跑一次，然后淘汰掉每组的后四名，如下图（需要比赛8场） 第一步 因为我们</description>
    </item>
    
    <item>
      <title>世界500强的智力题</title>
      <link>http://doc.lyr-2000.xyz/post/08.%E5%85%B6%E4%BB%96/01.%E6%99%BA%E5%8A%9B%E9%A2%98/01.%E4%B8%96%E7%95%8C500%E5%BC%BA%E7%9A%84%E6%99%BA%E5%8A%9B%E9%A2%98/</link>
      <pubDate>Thu, 25 Mar 2021 09:22:51 +0000</pubDate>
      
      <guid>http://doc.lyr-2000.xyz/post/08.%E5%85%B6%E4%BB%96/01.%E6%99%BA%E5%8A%9B%E9%A2%98/01.%E4%B8%96%E7%95%8C500%E5%BC%BA%E7%9A%84%E6%99%BA%E5%8A%9B%E9%A2%98/</guid>
      <description>工人分金条 分蛋糕 过桥问题 黑白帽子 首先就是第一次如果都是白色，那么自己肯定是黑色的。但是没有声音，所以就可以肯定至少有两顶黑帽子，如果有个人发</description>
    </item>
    
  </channel>
</rss>
