<?xml version="1.0" encoding="utf-8" standalone="yes"?>
<rss version="2.0" xmlns:atom="http://www.w3.org/2005/Atom">
  <channel>
    <title>实用技巧 on Even - A super concise theme for Hugo</title>
    <link>http://doc.lyr-2000.xyz/categories/%E5%AE%9E%E7%94%A8%E6%8A%80%E5%B7%A7/</link>
    <description>Recent content in 实用技巧 on Even - A super concise theme for Hugo</description>
    <generator>Hugo -- gohugo.io</generator>
    <language>en</language>
    <copyright>lyr</copyright>
    <lastBuildDate>Mon, 09 Nov 2020 11:05:29 +0000</lastBuildDate><atom:link href="http://doc.lyr-2000.xyz/categories/%E5%AE%9E%E7%94%A8%E6%8A%80%E5%B7%A7/index.xml" rel="self" type="application/rss+xml" />
    <item>
      <title>2分钟规则</title>
      <link>http://doc.lyr-2000.xyz/post/09.%E5%89%8D%E7%AB%AF/04.%E6%9B%B4%E5%A4%9A/10.%E5%AE%9E%E7%94%A8%E6%8A%80%E5%B7%A7/01.2%E5%88%86%E9%92%9F%E8%A7%84%E5%88%99/</link>
      <pubDate>Mon, 09 Nov 2020 11:05:29 +0000</pubDate>
      
      <guid>http://doc.lyr-2000.xyz/post/09.%E5%89%8D%E7%AB%AF/04.%E6%9B%B4%E5%A4%9A/10.%E5%AE%9E%E7%94%A8%E6%8A%80%E5%B7%A7/01.2%E5%88%86%E9%92%9F%E8%A7%84%E5%88%99/</guid>
      <description>每当你发现很难开始执行某项任务时，可以试试将其缩减成2分钟的版本。 看一本书 → 看一页书 写一篇文章 → 写一句话 跑10公里 → 穿上跑鞋 做100次俯卧撑</description>
    </item>
    
  </channel>
</rss>
