<?xml version="1.0" encoding="utf-8" standalone="yes"?>
<rss version="2.0" xmlns:atom="http://www.w3.org/2005/Atom">
  <channel>
    <title>安全相关 on Even - A super concise theme for Hugo</title>
    <link>http://doc.lyr-2000.xyz/categories/%E5%AE%89%E5%85%A8%E7%9B%B8%E5%85%B3/</link>
    <description>Recent content in 安全相关 on Even - A super concise theme for Hugo</description>
    <generator>Hugo -- gohugo.io</generator>
    <language>en</language>
    <copyright>lyr</copyright>
    <lastBuildDate>Tue, 13 Apr 2021 20:46:05 +0000</lastBuildDate><atom:link href="http://doc.lyr-2000.xyz/categories/%E5%AE%89%E5%85%A8%E7%9B%B8%E5%85%B3/index.xml" rel="self" type="application/rss+xml" />
    <item>
      <title>网络安全</title>
      <link>http://doc.lyr-2000.xyz/post/08.%E5%85%B6%E4%BB%96/04.%E5%AE%89%E5%85%A8%E7%9B%B8%E5%85%B3/01.%E7%BD%91%E7%BB%9C%E5%AE%89%E5%85%A8/</link>
      <pubDate>Tue, 13 Apr 2021 20:46:05 +0000</pubDate>
      
      <guid>http://doc.lyr-2000.xyz/post/08.%E5%85%B6%E4%BB%96/04.%E5%AE%89%E5%85%A8%E7%9B%B8%E5%85%B3/01.%E7%BD%91%E7%BB%9C%E5%AE%89%E5%85%A8/</guid>
      <description>https中间人攻击 如何防止请求被篡改 使用https来进行请求（这点我居然没想到。。） 设置客户端白名单，客户端所有请求，请求到代理服务器(n</description>
    </item>
    
  </channel>
</rss>
