<?xml version="1.0" encoding="utf-8" standalone="yes"?>
<rss version="2.0" xmlns:atom="http://www.w3.org/2005/Atom">
  <channel>
    <title>面试 on Even - A super concise theme for Hugo</title>
    <link>http://doc.lyr-2000.xyz/categories/%E9%9D%A2%E8%AF%95/</link>
    <description>Recent content in 面试 on Even - A super concise theme for Hugo</description>
    <generator>Hugo -- gohugo.io</generator>
    <language>en</language>
    <copyright>lyr</copyright>
    <lastBuildDate>Wed, 25 Dec 2019 14:27:01 +0000</lastBuildDate><atom:link href="http://doc.lyr-2000.xyz/categories/%E9%9D%A2%E8%AF%95/index.xml" rel="self" type="application/rss+xml" />
    <item>
      <title>面试问题集锦</title>
      <link>http://doc.lyr-2000.xyz/post/09.%E5%89%8D%E7%AB%AF/04.%E6%9B%B4%E5%A4%9A/03.%E9%9D%A2%E8%AF%95/01.%E9%9D%A2%E8%AF%95%E9%97%AE%E9%A2%98%E9%9B%86%E9%94%A6/</link>
      <pubDate>Wed, 25 Dec 2019 14:27:01 +0000</pubDate>
      
      <guid>http://doc.lyr-2000.xyz/post/09.%E5%89%8D%E7%AB%AF/04.%E6%9B%B4%E5%A4%9A/03.%E9%9D%A2%E8%AF%95/01.%E9%9D%A2%E8%AF%95%E9%97%AE%E9%A2%98%E9%9B%86%E9%94%A6/</guid>
      <description>面试问题集锦 请做一下自我介绍 回答提示： 一般人回答这个问题过于平常，只说姓名、年龄、工作经验，这些在简历上都有。其实，企业最希望知道的是求职者</description>
    </item>
    
  </channel>
</rss>
