<?xml version="1.0" encoding="utf-8" standalone="yes"?>
<rss version="2.0" xmlns:atom="http://www.w3.org/2005/Atom">
  <channel>
    <title>mybatis on Even - A super concise theme for Hugo</title>
    <link>http://doc.lyr-2000.xyz/categories/mybatis/</link>
    <description>Recent content in mybatis on Even - A super concise theme for Hugo</description>
    <generator>Hugo -- gohugo.io</generator>
    <language>en</language>
    <copyright>lyr</copyright>
    <lastBuildDate>Tue, 23 Mar 2021 21:00:12 +0000</lastBuildDate><atom:link href="http://doc.lyr-2000.xyz/categories/mybatis/index.xml" rel="self" type="application/rss+xml" />
    <item>
      <title>面试题</title>
      <link>http://doc.lyr-2000.xyz/post/04.%E6%A1%86%E6%9E%B6/02.mybatis/01.%E9%9D%A2%E8%AF%95%E9%A2%98/</link>
      <pubDate>Tue, 23 Mar 2021 21:00:12 +0000</pubDate>
      
      <guid>http://doc.lyr-2000.xyz/post/04.%E6%A1%86%E6%9E%B6/02.mybatis/01.%E9%9D%A2%E8%AF%95%E9%A2%98/</guid>
      <description>因为没找到好的项目结构，所以这里就先说面试题吧 同学的一次面试 mybatis的优缺点 与JDBC相比，减少了50%以上的代码量 MyBatis是最</description>
    </item>
    
  </channel>
</rss>
