<?xml version="1.0" encoding="utf-8" standalone="yes"?>
<rss version="2.0" xmlns:atom="http://www.w3.org/2005/Atom">
  <channel>
    <title>规模化 on Even - A super concise theme for Hugo</title>
    <link>http://doc.lyr-2000.xyz/categories/%E8%A7%84%E6%A8%A1%E5%8C%96/</link>
    <description>Recent content in 规模化 on Even - A super concise theme for Hugo</description>
    <generator>Hugo -- gohugo.io</generator>
    <language>en</language>
    <copyright>lyr</copyright>
    <lastBuildDate>Tue, 04 Feb 2020 13:20:20 +0000</lastBuildDate><atom:link href="http://doc.lyr-2000.xyz/categories/%E8%A7%84%E6%A8%A1%E5%8C%96/index.xml" rel="self" type="application/rss+xml" />
    <item>
      <title>路由懒加载</title>
      <link>http://doc.lyr-2000.xyz/post/09.%E5%89%8D%E7%AB%AF/10.vue%E7%AC%94%E8%AE%B0/06.%E8%A7%84%E6%A8%A1%E5%8C%96/140.%E8%B7%AF%E7%94%B1%E6%87%92%E5%8A%A0%E8%BD%BD/</link>
      <pubDate>Tue, 04 Feb 2020 13:20:20 +0000</pubDate>
      
      <guid>http://doc.lyr-2000.xyz/post/09.%E5%89%8D%E7%AB%AF/10.vue%E7%AC%94%E8%AE%B0/06.%E8%A7%84%E6%A8%A1%E5%8C%96/140.%E8%B7%AF%E7%94%B1%E6%87%92%E5%8A%A0%E8%BD%BD/</guid>
      <description>路由懒加载 1 2 3 4 5 6 7 8 9 10 11 12 13 14 15 16 17 18 19 20 21 22 // 路由同步加载 // import Recommend from &amp;#39;@/components/recommend/recommend&amp;#39; // import Singer from &amp;#39;@/components/singer/singer&amp;#39; // import Rank from &amp;#39;@/components/rank/rank&amp;#39; // import Search from &amp;#39;@/components/search/search&amp;#39; // import SingerDetail from &amp;#39;@/components/singer-detail/singer-detail&amp;#39; // import Disc from &amp;#39;@/components/disc/disc&amp;#39; // import TopList from &amp;#39;@/components/top-list/top-list&amp;#39; //</description>
    </item>
    
    <item>
      <title>vuex操作相关</title>
      <link>http://doc.lyr-2000.xyz/post/09.%E5%89%8D%E7%AB%AF/10.vue%E7%AC%94%E8%AE%B0/06.%E8%A7%84%E6%A8%A1%E5%8C%96/100.vuex%E6%93%8D%E4%BD%9C%E7%9B%B8%E5%85%B3/</link>
      <pubDate>Tue, 04 Feb 2020 13:15:19 +0000</pubDate>
      
      <guid>http://doc.lyr-2000.xyz/post/09.%E5%89%8D%E7%AB%AF/10.vue%E7%AC%94%E8%AE%B0/06.%E8%A7%84%E6%A8%A1%E5%8C%96/100.vuex%E6%93%8D%E4%BD%9C%E7%9B%B8%E5%85%B3/</guid>
      <description>vuex操作相关 1 2 3 4 5 6 7 8 9 10 11 12 13 14 15 16 17 18 19 20 21 22 23 24 import { mapActions, mapMutations, mapGetters } from &amp;#39;vuex&amp;#39; computed: { ...mapGetters([ // 获取数据，内部为数组 &amp;#39;searchHistory&amp;#39; // 相当于在data插入sear</description>
    </item>
    
  </channel>
</rss>
