<?xml version="1.0" encoding="utf-8" standalone="yes"?>
<rss version="2.0" xmlns:atom="http://www.w3.org/2005/Atom">
  <channel>
    <title>ts-axios 基础功能实现 on Even - A super concise theme for Hugo</title>
    <link>http://doc.lyr-2000.xyz/categories/ts-axios-%E5%9F%BA%E7%A1%80%E5%8A%9F%E8%83%BD%E5%AE%9E%E7%8E%B0/</link>
    <description>Recent content in ts-axios 基础功能实现 on Even - A super concise theme for Hugo</description>
    <generator>Hugo -- gohugo.io</generator>
    <language>en</language>
    <copyright>lyr</copyright>
    <lastBuildDate>Sun, 05 Jan 2020 10:56:02 +0000</lastBuildDate><atom:link href="http://doc.lyr-2000.xyz/categories/ts-axios-%E5%9F%BA%E7%A1%80%E5%8A%9F%E8%83%BD%E5%AE%9E%E7%8E%B0/index.xml" rel="self" type="application/rss+xml" />
    <item>
      <title>处理响应 data</title>
      <link>http://doc.lyr-2000.xyz/post/09.%E5%89%8D%E7%AB%AF/11.typescript-%E4%BB%8E%E9%9B%B6%E5%AE%9E%E7%8E%B0-axios/04.ts-axios-%E5%9F%BA%E7%A1%80%E5%8A%9F%E8%83%BD%E5%AE%9E%E7%8E%B0/06.%E5%A4%84%E7%90%86%E5%93%8D%E5%BA%94-data/</link>
      <pubDate>Sun, 05 Jan 2020 10:56:02 +0000</pubDate>
      
      <guid>http://doc.lyr-2000.xyz/post/09.%E5%89%8D%E7%AB%AF/11.typescript-%E4%BB%8E%E9%9B%B6%E5%AE%9E%E7%8E%B0-axios/04.ts-axios-%E5%9F%BA%E7%A1%80%E5%8A%9F%E8%83%BD%E5%AE%9E%E7%8E%B0/06.%E5%A4%84%E7%90%86%E5%93%8D%E5%BA%94-data/</guid>
      <description>处理响应 data 需求分析 在我们不去设置 responseType 的情况下，当服务端返回给我们的数据是字符串类型，我们可以尝试去把它转换成一个 JSON 对象。例如： 1 data: &amp;#34;{&amp;#34;a&amp;#34;:1,&amp;#34;b&amp;#34;:2}&amp;#34; 我们把它转</description>
    </item>
    
    <item>
      <title>处理响应 header</title>
      <link>http://doc.lyr-2000.xyz/post/09.%E5%89%8D%E7%AB%AF/11.typescript-%E4%BB%8E%E9%9B%B6%E5%AE%9E%E7%8E%B0-axios/04.ts-axios-%E5%9F%BA%E7%A1%80%E5%8A%9F%E8%83%BD%E5%AE%9E%E7%8E%B0/05.%E5%A4%84%E7%90%86%E5%93%8D%E5%BA%94-header/</link>
      <pubDate>Sun, 05 Jan 2020 10:56:02 +0000</pubDate>
      
      <guid>http://doc.lyr-2000.xyz/post/09.%E5%89%8D%E7%AB%AF/11.typescript-%E4%BB%8E%E9%9B%B6%E5%AE%9E%E7%8E%B0-axios/04.ts-axios-%E5%9F%BA%E7%A1%80%E5%8A%9F%E8%83%BD%E5%AE%9E%E7%8E%B0/05.%E5%A4%84%E7%90%86%E5%93%8D%E5%BA%94-header/</guid>
      <description>处理响应 header 需求分析 我们通过 XMLHttpRequest 对象的 getAllResponseHeaders 方法获取到的值是如下一段字符串： 1 2 3 4 5 6 date: Fri, 05 Apr 2019 12:40:49 GMT etag: W/&amp;#34;d-Ssxx4FRxEutDLwo2+xkkxKc4y0k&amp;#34; connection: keep-alive x-powered-by: Express content-length: 13 content-type: application/json; charset=utf-8 每一行都是以回车符和换行</description>
    </item>
    
    <item>
      <title>处理请求 body 数据</title>
      <link>http://doc.lyr-2000.xyz/post/09.%E5%89%8D%E7%AB%AF/11.typescript-%E4%BB%8E%E9%9B%B6%E5%AE%9E%E7%8E%B0-axios/04.ts-axios-%E5%9F%BA%E7%A1%80%E5%8A%9F%E8%83%BD%E5%AE%9E%E7%8E%B0/02.%E5%A4%84%E7%90%86%E8%AF%B7%E6%B1%82-body-%E6%95%B0%E6%8D%AE/</link>
      <pubDate>Sun, 05 Jan 2020 10:56:02 +0000</pubDate>
      
      <guid>http://doc.lyr-2000.xyz/post/09.%E5%89%8D%E7%AB%AF/11.typescript-%E4%BB%8E%E9%9B%B6%E5%AE%9E%E7%8E%B0-axios/04.ts-axios-%E5%9F%BA%E7%A1%80%E5%8A%9F%E8%83%BD%E5%AE%9E%E7%8E%B0/02.%E5%A4%84%E7%90%86%E8%AF%B7%E6%B1%82-body-%E6%95%B0%E6%8D%AE/</guid>
      <description>处理请求 body 数据 需求分析 我们通过执行 XMLHttpRequest 对象实例的 send 方法来发送请求，并通过该方法的参数设置请求 body 数据，我们可以去 mdn 查阅该方法支持的参数类型。 我们</description>
    </item>
    
    <item>
      <title>处理请求 header</title>
      <link>http://doc.lyr-2000.xyz/post/09.%E5%89%8D%E7%AB%AF/11.typescript-%E4%BB%8E%E9%9B%B6%E5%AE%9E%E7%8E%B0-axios/04.ts-axios-%E5%9F%BA%E7%A1%80%E5%8A%9F%E8%83%BD%E5%AE%9E%E7%8E%B0/03.%E5%A4%84%E7%90%86%E8%AF%B7%E6%B1%82-header/</link>
      <pubDate>Sun, 05 Jan 2020 10:56:02 +0000</pubDate>
      
      <guid>http://doc.lyr-2000.xyz/post/09.%E5%89%8D%E7%AB%AF/11.typescript-%E4%BB%8E%E9%9B%B6%E5%AE%9E%E7%8E%B0-axios/04.ts-axios-%E5%9F%BA%E7%A1%80%E5%8A%9F%E8%83%BD%E5%AE%9E%E7%8E%B0/03.%E5%A4%84%E7%90%86%E8%AF%B7%E6%B1%82-header/</guid>
      <description>处理请求 header 需求分析 我们上节课遗留了一个问题： 1 2 3 4 5 6 7 8 axios({ method: &amp;#39;post&amp;#39;, url: &amp;#39;/base/post&amp;#39;, data: { a: 1, b: 2 } }) 我们做了请求数据的处理，把 data 转换成了 JSON 字符串，但是数据</description>
    </item>
    
    <item>
      <title>处理请求 url 参数</title>
      <link>http://doc.lyr-2000.xyz/post/09.%E5%89%8D%E7%AB%AF/11.typescript-%E4%BB%8E%E9%9B%B6%E5%AE%9E%E7%8E%B0-axios/04.ts-axios-%E5%9F%BA%E7%A1%80%E5%8A%9F%E8%83%BD%E5%AE%9E%E7%8E%B0/01.%E5%A4%84%E7%90%86%E8%AF%B7%E6%B1%82-url-%E5%8F%82%E6%95%B0/</link>
      <pubDate>Sun, 05 Jan 2020 10:56:02 +0000</pubDate>
      
      <guid>http://doc.lyr-2000.xyz/post/09.%E5%89%8D%E7%AB%AF/11.typescript-%E4%BB%8E%E9%9B%B6%E5%AE%9E%E7%8E%B0-axios/04.ts-axios-%E5%9F%BA%E7%A1%80%E5%8A%9F%E8%83%BD%E5%AE%9E%E7%8E%B0/01.%E5%A4%84%E7%90%86%E8%AF%B7%E6%B1%82-url-%E5%8F%82%E6%95%B0/</guid>
      <description>处理请求 url 参数 需求分析 还记得我们上节课遗留了一个问题，再来看这个例子： 1 2 3 4 5 6 7 8 axios({ method: &amp;#39;get&amp;#39;, url: &amp;#39;/base/get&amp;#39;, params: { a: 1, b: 2 } }) 我们希望最终请求的 url 是 /ba</description>
    </item>
    
    <item>
      <title>获取响应数据</title>
      <link>http://doc.lyr-2000.xyz/post/09.%E5%89%8D%E7%AB%AF/11.typescript-%E4%BB%8E%E9%9B%B6%E5%AE%9E%E7%8E%B0-axios/04.ts-axios-%E5%9F%BA%E7%A1%80%E5%8A%9F%E8%83%BD%E5%AE%9E%E7%8E%B0/04.%E8%8E%B7%E5%8F%96%E5%93%8D%E5%BA%94%E6%95%B0%E6%8D%AE/</link>
      <pubDate>Sun, 05 Jan 2020 10:56:02 +0000</pubDate>
      
      <guid>http://doc.lyr-2000.xyz/post/09.%E5%89%8D%E7%AB%AF/11.typescript-%E4%BB%8E%E9%9B%B6%E5%AE%9E%E7%8E%B0-axios/04.ts-axios-%E5%9F%BA%E7%A1%80%E5%8A%9F%E8%83%BD%E5%AE%9E%E7%8E%B0/04.%E8%8E%B7%E5%8F%96%E5%93%8D%E5%BA%94%E6%95%B0%E6%8D%AE/</guid>
      <description>获取响应数据 需求分析 在前面的章节中，我们发送的请求都可以从网络层面接收到服务端返回的数据，但是代码层面并没有做任何关于返回数据的处理。我们希</description>
    </item>
    
  </channel>
</rss>
