<?xml version="1.0" encoding="utf-8" standalone="yes"?>
<rss version="2.0" xmlns:atom="http://www.w3.org/2005/Atom">
  <channel>
    <title>Go on Even - A super concise theme for Hugo</title>
    <link>http://doc.lyr-2000.xyz/categories/go/</link>
    <description>Recent content in Go on Even - A super concise theme for Hugo</description>
    <generator>Hugo -- gohugo.io</generator>
    <language>en</language>
    <copyright>lyr</copyright>
    <lastBuildDate>Sat, 27 Mar 2021 09:03:04 +0000</lastBuildDate><atom:link href="http://doc.lyr-2000.xyz/categories/go/index.xml" rel="self" type="application/rss+xml" />
    <item>
      <title>其他</title>
      <link>http://doc.lyr-2000.xyz/post/01.%E7%A8%8B%E5%BA%8F%E8%AF%AD%E8%A8%80/01.go/9.%E5%85%B6%E4%BB%96/</link>
      <pubDate>Sat, 27 Mar 2021 09:03:04 +0000</pubDate>
      
      <guid>http://doc.lyr-2000.xyz/post/01.%E7%A8%8B%E5%BA%8F%E8%AF%AD%E8%A8%80/01.go/9.%E5%85%B6%E4%BB%96/</guid>
      <description>Go的基本命令 1 2 3 4 5 6 7 8 9 10 11 12 13 14 15 16 17 18 19 20 21 22 23 // 用于打包编译代码 go build // 来移除当前源码包和关联源码包里面编译生成的文件 go clean // 格式</description>
    </item>
    
    <item>
      <title>面试问题</title>
      <link>http://doc.lyr-2000.xyz/post/01.%E7%A8%8B%E5%BA%8F%E8%AF%AD%E8%A8%80/01.go/10.%E9%9D%A2%E8%AF%95%E9%97%AE%E9%A2%98/</link>
      <pubDate>Sat, 27 Mar 2021 08:50:34 +0000</pubDate>
      
      <guid>http://doc.lyr-2000.xyz/post/01.%E7%A8%8B%E5%BA%8F%E8%AF%AD%E8%A8%80/01.go/10.%E9%9D%A2%E8%AF%95%E9%97%AE%E9%A2%98/</guid>
      <description>基础相关 map怎么实现顺序读取 把map中的key通过sort包排序 1 2 3 4 5 6 7 8 9 10 11 12 13 14 15 16 17 18 19 20 21 22 package main import ( &amp;#34;fmt&amp;#34; &amp;#34;sort&amp;#34; ) func main() { var m = map[string]int{ &amp;#34;hello&amp;#34;:</description>
    </item>
    
    <item>
      <title>元编程</title>
      <link>http://doc.lyr-2000.xyz/post/01.%E7%A8%8B%E5%BA%8F%E8%AF%AD%E8%A8%80/01.go/7.%E5%85%83%E7%BC%96%E7%A8%8B/</link>
      <pubDate>Sat, 20 Mar 2021 15:46:19 +0000</pubDate>
      
      <guid>http://doc.lyr-2000.xyz/post/01.%E7%A8%8B%E5%BA%8F%E8%AF%AD%E8%A8%80/01.go/7.%E5%85%83%E7%BC%96%E7%A8%8B/</guid>
      <description>这里主要包括插件系统以及代码生成这两个部分，鉴于面试应该不会问这个问题，所以我就不写了</description>
    </item>
    
    <item>
      <title>内存管理</title>
      <link>http://doc.lyr-2000.xyz/post/01.%E7%A8%8B%E5%BA%8F%E8%AF%AD%E8%A8%80/01.go/6.%E5%86%85%E5%AD%98%E7%AE%A1%E7%90%86/</link>
      <pubDate>Sat, 20 Mar 2021 15:46:19 +0000</pubDate>
      
      <guid>http://doc.lyr-2000.xyz/post/01.%E7%A8%8B%E5%BA%8F%E8%AF%AD%E8%A8%80/01.go/6.%E5%86%85%E5%AD%98%E7%AE%A1%E7%90%86/</guid>
      <description>内存分配 程序中的数据和变量都会被分配到程序所在的虚拟内存中，内存空间包含两个重要区域：栈区（Stack）和堆区（Heap）。函数调用的参数、</description>
    </item>
    
    <item>
      <title>常用关键字</title>
      <link>http://doc.lyr-2000.xyz/post/01.%E7%A8%8B%E5%BA%8F%E8%AF%AD%E8%A8%80/01.go/4.%E5%B8%B8%E7%94%A8%E5%85%B3%E9%94%AE%E5%AD%97/</link>
      <pubDate>Sat, 20 Mar 2021 15:46:19 +0000</pubDate>
      
      <guid>http://doc.lyr-2000.xyz/post/01.%E7%A8%8B%E5%BA%8F%E8%AF%AD%E8%A8%80/01.go/4.%E5%B8%B8%E7%94%A8%E5%85%B3%E9%94%AE%E5%AD%97/</guid>
      <description>for和range for循环的三种用法 for range用于遍历切片，数组或者map 几个用法 使用 for range a {} 遍历数组和切片，不关心索引和数据的情况； 使</description>
    </item>
    
    <item>
      <title>并发编程</title>
      <link>http://doc.lyr-2000.xyz/post/01.%E7%A8%8B%E5%BA%8F%E8%AF%AD%E8%A8%80/01.go/5.%E5%B9%B6%E5%8F%91%E7%BC%96%E7%A8%8B/</link>
      <pubDate>Sat, 20 Mar 2021 15:46:19 +0000</pubDate>
      
      <guid>http://doc.lyr-2000.xyz/post/01.%E7%A8%8B%E5%BA%8F%E8%AF%AD%E8%A8%80/01.go/5.%E5%B9%B6%E5%8F%91%E7%BC%96%E7%A8%8B/</guid>
      <description>上下文context 这东西是用于控制并发的。下面是一个简单的例子 1 2 3 4 5 6 7 8 9 10 11 12 13 14 15 16 17 18 19 20 21 22 23 24 25 26 27 28 29 30 31 32 33 34 35 36 37 38</description>
    </item>
    
    <item>
      <title>数据结构</title>
      <link>http://doc.lyr-2000.xyz/post/01.%E7%A8%8B%E5%BA%8F%E8%AF%AD%E8%A8%80/01.go/2.%E6%95%B0%E6%8D%AE%E7%BB%93%E6%9E%84/</link>
      <pubDate>Sat, 20 Mar 2021 15:46:19 +0000</pubDate>
      
      <guid>http://doc.lyr-2000.xyz/post/01.%E7%A8%8B%E5%BA%8F%E8%AF%AD%E8%A8%80/01.go/2.%E6%95%B0%E6%8D%AE%E7%BB%93%E6%9E%84/</guid>
      <description>数据类型 数据类型占用的字节数 整数 int 64位操作系统默认为int64,32位操作系统为int32,但是类型检查时时int int8 (byte 1字节) int16 (short 2字节)</description>
    </item>
    
    <item>
      <title>标准库</title>
      <link>http://doc.lyr-2000.xyz/post/01.%E7%A8%8B%E5%BA%8F%E8%AF%AD%E8%A8%80/01.go/8.%E6%A0%87%E5%87%86%E5%BA%93/</link>
      <pubDate>Sat, 20 Mar 2021 15:46:19 +0000</pubDate>
      
      <guid>http://doc.lyr-2000.xyz/post/01.%E7%A8%8B%E5%BA%8F%E8%AF%AD%E8%A8%80/01.go/8.%E6%A0%87%E5%87%86%E5%BA%93/</guid>
      <description>JSON 序列化和反序列化 go的序列化大部分指的是把结构体转换为json数据，在序列化的时候要注意变量名必须要大写，小写字母开头的变量是不会被序列化</description>
    </item>
    
    <item>
      <title>编译原理</title>
      <link>http://doc.lyr-2000.xyz/post/01.%E7%A8%8B%E5%BA%8F%E8%AF%AD%E8%A8%80/01.go/1.%E7%BC%96%E8%AF%91%E5%8E%9F%E7%90%86/</link>
      <pubDate>Sat, 20 Mar 2021 15:46:19 +0000</pubDate>
      
      <guid>http://doc.lyr-2000.xyz/post/01.%E7%A8%8B%E5%BA%8F%E8%AF%AD%E8%A8%80/01.go/1.%E7%BC%96%E8%AF%91%E5%8E%9F%E7%90%86/</guid>
      <description>基本概念 抽象语法树 是源代码语法的结构的一种抽象表示，它用树状的方式表示编程语言的语法结构1。抽象语法树中的每一个节点都表示源代码中的一个元素</description>
    </item>
    
    <item>
      <title>语言基础</title>
      <link>http://doc.lyr-2000.xyz/post/01.%E7%A8%8B%E5%BA%8F%E8%AF%AD%E8%A8%80/01.go/3.%E8%AF%AD%E8%A8%80%E5%9F%BA%E7%A1%80/</link>
      <pubDate>Sat, 20 Mar 2021 15:46:19 +0000</pubDate>
      
      <guid>http://doc.lyr-2000.xyz/post/01.%E7%A8%8B%E5%BA%8F%E8%AF%AD%E8%A8%80/01.go/3.%E8%AF%AD%E8%A8%80%E5%9F%BA%E7%A1%80/</guid>
      <description>函数调用 这里面涉及的东西其实挺深的，所以等我后面又时间再去研究 Go 中函数传参仅有值传递一种方式； slice、map、channel都是引用类型</description>
    </item>
    
  </channel>
</rss>
