<?xml version="1.0" encoding="utf-8" standalone="yes"?>
<rss version="2.0" xmlns:atom="http://www.w3.org/2005/Atom">
  <channel>
    <title>ts-axios 取消功能实现 on Even - A super concise theme for Hugo</title>
    <link>http://doc.lyr-2000.xyz/categories/ts-axios-%E5%8F%96%E6%B6%88%E5%8A%9F%E8%83%BD%E5%AE%9E%E7%8E%B0/</link>
    <description>Recent content in ts-axios 取消功能实现 on Even - A super concise theme for Hugo</description>
    <generator>Hugo -- gohugo.io</generator>
    <language>en</language>
    <copyright>lyr</copyright>
    <lastBuildDate>Sun, 05 Jan 2020 10:56:02 +0000</lastBuildDate><atom:link href="http://doc.lyr-2000.xyz/categories/ts-axios-%E5%8F%96%E6%B6%88%E5%8A%9F%E8%83%BD%E5%AE%9E%E7%8E%B0/index.xml" rel="self" type="application/rss+xml" />
    <item>
      <title>取消功能的设计与实现</title>
      <link>http://doc.lyr-2000.xyz/post/09.%E5%89%8D%E7%AB%AF/11.typescript-%E4%BB%8E%E9%9B%B6%E5%AE%9E%E7%8E%B0-axios/09.ts-axios-%E5%8F%96%E6%B6%88%E5%8A%9F%E8%83%BD%E5%AE%9E%E7%8E%B0/01.%E5%8F%96%E6%B6%88%E5%8A%9F%E8%83%BD%E7%9A%84%E8%AE%BE%E8%AE%A1%E4%B8%8E%E5%AE%9E%E7%8E%B0/</link>
      <pubDate>Sun, 05 Jan 2020 10:56:02 +0000</pubDate>
      
      <guid>http://doc.lyr-2000.xyz/post/09.%E5%89%8D%E7%AB%AF/11.typescript-%E4%BB%8E%E9%9B%B6%E5%AE%9E%E7%8E%B0-axios/09.ts-axios-%E5%8F%96%E6%B6%88%E5%8A%9F%E8%83%BD%E5%AE%9E%E7%8E%B0/01.%E5%8F%96%E6%B6%88%E5%8A%9F%E8%83%BD%E7%9A%84%E8%AE%BE%E8%AE%A1%E4%B8%8E%E5%AE%9E%E7%8E%B0/</guid>
      <description>取消功能的设计与实现 需求分析 有些场景下，我们希望能主动取消请求，比如常见的搜索框案例，在用户输入过程中，搜索框的内容也在不断变化，正常情况每</description>
    </item>
    
  </channel>
</rss>
