<?xml version="1.0" encoding="utf-8" standalone="yes"?>
<rss version="2.0" xmlns:atom="http://www.w3.org/2005/Atom">
  <channel>
    <title>ts-axios 异常情况处理 on Even - A super concise theme for Hugo</title>
    <link>http://doc.lyr-2000.xyz/categories/ts-axios-%E5%BC%82%E5%B8%B8%E6%83%85%E5%86%B5%E5%A4%84%E7%90%86/</link>
    <description>Recent content in ts-axios 异常情况处理 on Even - A super concise theme for Hugo</description>
    <generator>Hugo -- gohugo.io</generator>
    <language>en</language>
    <copyright>lyr</copyright>
    <lastBuildDate>Sun, 05 Jan 2020 10:56:02 +0000</lastBuildDate><atom:link href="http://doc.lyr-2000.xyz/categories/ts-axios-%E5%BC%82%E5%B8%B8%E6%83%85%E5%86%B5%E5%A4%84%E7%90%86/index.xml" rel="self" type="application/rss+xml" />
    <item>
      <title>错误信息增强</title>
      <link>http://doc.lyr-2000.xyz/post/09.%E5%89%8D%E7%AB%AF/11.typescript-%E4%BB%8E%E9%9B%B6%E5%AE%9E%E7%8E%B0-axios/05.ts-axios-%E5%BC%82%E5%B8%B8%E6%83%85%E5%86%B5%E5%A4%84%E7%90%86/02.%E9%94%99%E8%AF%AF%E4%BF%A1%E6%81%AF%E5%A2%9E%E5%BC%BA/</link>
      <pubDate>Sun, 05 Jan 2020 10:56:02 +0000</pubDate>
      
      <guid>http://doc.lyr-2000.xyz/post/09.%E5%89%8D%E7%AB%AF/11.typescript-%E4%BB%8E%E9%9B%B6%E5%AE%9E%E7%8E%B0-axios/05.ts-axios-%E5%BC%82%E5%B8%B8%E6%83%85%E5%86%B5%E5%A4%84%E7%90%86/02.%E9%94%99%E8%AF%AF%E4%BF%A1%E6%81%AF%E5%A2%9E%E5%BC%BA/</guid>
      <description>错误信息增强 需求分析 上一节课我们已经捕获了几类 AJAX 的错误，但是对于错误信息提供的非常有限，我们希望对外提供的信息不仅仅包含错误文本信息，还包括</description>
    </item>
    
    <item>
      <title>错误处理</title>
      <link>http://doc.lyr-2000.xyz/post/09.%E5%89%8D%E7%AB%AF/11.typescript-%E4%BB%8E%E9%9B%B6%E5%AE%9E%E7%8E%B0-axios/05.ts-axios-%E5%BC%82%E5%B8%B8%E6%83%85%E5%86%B5%E5%A4%84%E7%90%86/01.%E9%94%99%E8%AF%AF%E5%A4%84%E7%90%86/</link>
      <pubDate>Sun, 05 Jan 2020 10:56:02 +0000</pubDate>
      
      <guid>http://doc.lyr-2000.xyz/post/09.%E5%89%8D%E7%AB%AF/11.typescript-%E4%BB%8E%E9%9B%B6%E5%AE%9E%E7%8E%B0-axios/05.ts-axios-%E5%BC%82%E5%B8%B8%E6%83%85%E5%86%B5%E5%A4%84%E7%90%86/01.%E9%94%99%E8%AF%AF%E5%A4%84%E7%90%86/</guid>
      <description>错误处理 需求分析 在上一章节，我们实现了 ts-axios 的基础功能，但目前为止我们都是处理了正常接收请求的逻辑，并没有考虑到任何错误情况的处理，这对于一个程</description>
    </item>
    
  </channel>
</rss>
