<?xml version="1.0" encoding="utf-8" standalone="yes"?>
<rss version="2.0" xmlns:atom="http://www.w3.org/2005/Atom">
  <channel>
    <title>ts-axios 接口扩展 on Even - A super concise theme for Hugo</title>
    <link>http://doc.lyr-2000.xyz/categories/ts-axios-%E6%8E%A5%E5%8F%A3%E6%89%A9%E5%B1%95/</link>
    <description>Recent content in ts-axios 接口扩展 on Even - A super concise theme for Hugo</description>
    <generator>Hugo -- gohugo.io</generator>
    <language>en</language>
    <copyright>lyr</copyright>
    <lastBuildDate>Sun, 05 Jan 2020 10:56:02 +0000</lastBuildDate><atom:link href="http://doc.lyr-2000.xyz/categories/ts-axios-%E6%8E%A5%E5%8F%A3%E6%89%A9%E5%B1%95/index.xml" rel="self" type="application/rss+xml" />
    <item>
      <title>axios 函数重载</title>
      <link>http://doc.lyr-2000.xyz/post/09.%E5%89%8D%E7%AB%AF/11.typescript-%E4%BB%8E%E9%9B%B6%E5%AE%9E%E7%8E%B0-axios/06.ts-axios-%E6%8E%A5%E5%8F%A3%E6%89%A9%E5%B1%95/02.axios-%E5%87%BD%E6%95%B0%E9%87%8D%E8%BD%BD/</link>
      <pubDate>Sun, 05 Jan 2020 10:56:02 +0000</pubDate>
      
      <guid>http://doc.lyr-2000.xyz/post/09.%E5%89%8D%E7%AB%AF/11.typescript-%E4%BB%8E%E9%9B%B6%E5%AE%9E%E7%8E%B0-axios/06.ts-axios-%E6%8E%A5%E5%8F%A3%E6%89%A9%E5%B1%95/02.axios-%E5%87%BD%E6%95%B0%E9%87%8D%E8%BD%BD/</guid>
      <description>axios 函数重载 需求分析 目前我们的 axios 函数只支持传入 1 个参数，如下： 1 2 3 4 5 6 7 axios({ url: &amp;#39;/extend/post&amp;#39;, method: &amp;#39;post&amp;#39;, data: { msg: &amp;#39;hi&amp;#39; } }) 我们希望该函数也能支持传入 2 个参数，如下： 1</description>
    </item>
    
    <item>
      <title>响应数据支持泛型</title>
      <link>http://doc.lyr-2000.xyz/post/09.%E5%89%8D%E7%AB%AF/11.typescript-%E4%BB%8E%E9%9B%B6%E5%AE%9E%E7%8E%B0-axios/06.ts-axios-%E6%8E%A5%E5%8F%A3%E6%89%A9%E5%B1%95/03.%E5%93%8D%E5%BA%94%E6%95%B0%E6%8D%AE%E6%94%AF%E6%8C%81%E6%B3%9B%E5%9E%8B/</link>
      <pubDate>Sun, 05 Jan 2020 10:56:02 +0000</pubDate>
      
      <guid>http://doc.lyr-2000.xyz/post/09.%E5%89%8D%E7%AB%AF/11.typescript-%E4%BB%8E%E9%9B%B6%E5%AE%9E%E7%8E%B0-axios/06.ts-axios-%E6%8E%A5%E5%8F%A3%E6%89%A9%E5%B1%95/03.%E5%93%8D%E5%BA%94%E6%95%B0%E6%8D%AE%E6%94%AF%E6%8C%81%E6%B3%9B%E5%9E%8B/</guid>
      <description>响应数据支持泛型 需求分析 通常情况下，我们会把后端返回数据格式单独放入一个接口中： 1 2 3 4 5 6 7 8 9 10 11 12 13 14 15 16 17 18 19 20 // 请求接口数据 export interface ResponseData&amp;lt;T</description>
    </item>
    
    <item>
      <title>扩展接口</title>
      <link>http://doc.lyr-2000.xyz/post/09.%E5%89%8D%E7%AB%AF/11.typescript-%E4%BB%8E%E9%9B%B6%E5%AE%9E%E7%8E%B0-axios/06.ts-axios-%E6%8E%A5%E5%8F%A3%E6%89%A9%E5%B1%95/01.%E6%89%A9%E5%B1%95%E6%8E%A5%E5%8F%A3/</link>
      <pubDate>Sun, 05 Jan 2020 10:56:02 +0000</pubDate>
      
      <guid>http://doc.lyr-2000.xyz/post/09.%E5%89%8D%E7%AB%AF/11.typescript-%E4%BB%8E%E9%9B%B6%E5%AE%9E%E7%8E%B0-axios/06.ts-axios-%E6%8E%A5%E5%8F%A3%E6%89%A9%E5%B1%95/01.%E6%89%A9%E5%B1%95%E6%8E%A5%E5%8F%A3/</guid>
      <description>扩展接口 需求分析 为了用户更加方便地使用 axios 发送请求，我们可以为所有支持请求方法扩展一些接口： axios.request(config) axios.get(url[, config]) axios.delete(url[, config]) axios.head(url[, config]) axios.options(url[, config]) axios.post(url[, data[, config]]) axios.put(url[, data[, config]]) axios.patch(url[, data[, config]]) 如果使用了这些</description>
    </item>
    
  </channel>
</rss>
