<?xml version="1.0" encoding="utf-8" standalone="yes"?>
<rss version="2.0" xmlns:atom="http://www.w3.org/2005/Atom">
  <channel>
    <title>高级指引 on Even - A super concise theme for Hugo</title>
    <link>http://doc.lyr-2000.xyz/categories/%E9%AB%98%E7%BA%A7%E6%8C%87%E5%BC%95/</link>
    <description>Recent content in 高级指引 on Even - A super concise theme for Hugo</description>
    <generator>Hugo -- gohugo.io</generator>
    <language>en</language>
    <copyright>lyr</copyright>
    <lastBuildDate>Thu, 25 Mar 2021 19:46:01 +0000</lastBuildDate><atom:link href="http://doc.lyr-2000.xyz/categories/%E9%AB%98%E7%BA%A7%E6%8C%87%E5%BC%95/index.xml" rel="self" type="application/rss+xml" />
    <item>
      <title>高级指引</title>
      <link>http://doc.lyr-2000.xyz/post/09.%E5%89%8D%E7%AB%AF/12.react%E7%AC%94%E8%AE%B0/02.%E9%AB%98%E7%BA%A7%E6%8C%87%E5%BC%95/01.%E9%AB%98%E7%BA%A7%E6%8C%87%E5%BC%95/</link>
      <pubDate>Thu, 25 Mar 2021 19:46:01 +0000</pubDate>
      
      <guid>http://doc.lyr-2000.xyz/post/09.%E5%89%8D%E7%AB%AF/12.react%E7%AC%94%E8%AE%B0/02.%E9%AB%98%E7%BA%A7%E6%8C%87%E5%BC%95/01.%E9%AB%98%E7%BA%A7%E6%8C%87%E5%BC%95/</guid>
      <description>01.高级指引</description>
    </item>
    
  </channel>
</rss>
