<?xml version="1.0" encoding="utf-8" standalone="yes"?>
<rss version="2.0" xmlns:atom="http://www.w3.org/2005/Atom">
  <channel>
    <title>学习笔记 on Even - A super concise theme for Hugo</title>
    <link>http://doc.lyr-2000.xyz/categories/%E5%AD%A6%E4%B9%A0%E7%AC%94%E8%AE%B0/</link>
    <description>Recent content in 学习笔记 on Even - A super concise theme for Hugo</description>
    <generator>Hugo -- gohugo.io</generator>
    <language>en</language>
    <copyright>lyr</copyright>
    <lastBuildDate>Sat, 27 Feb 2021 20:01:18 +0000</lastBuildDate><atom:link href="http://doc.lyr-2000.xyz/categories/%E5%AD%A6%E4%B9%A0%E7%AC%94%E8%AE%B0/index.xml" rel="self" type="application/rss+xml" />
    <item>
      <title>JS设计模式总结笔记</title>
      <link>http://doc.lyr-2000.xyz/post/09.%E5%89%8D%E7%AB%AF/01.%E5%89%8D%E7%AB%AF/02.%E5%AD%A6%E4%B9%A0%E7%AC%94%E8%AE%B0/50.js%E8%AE%BE%E8%AE%A1%E6%A8%A1%E5%BC%8F%E6%80%BB%E7%BB%93%E7%AC%94%E8%AE%B0/</link>
      <pubDate>Sat, 27 Feb 2021 20:01:18 +0000</pubDate>
      
      <guid>http://doc.lyr-2000.xyz/post/09.%E5%89%8D%E7%AB%AF/01.%E5%89%8D%E7%AB%AF/02.%E5%AD%A6%E4%B9%A0%E7%AC%94%E8%AE%B0/50.js%E8%AE%BE%E8%AE%A1%E6%A8%A1%E5%BC%8F%E6%80%BB%E7%BB%93%E7%AC%94%E8%AE%B0/</guid>
      <description>JS设计模式总结笔记 开篇：前端工程师的成长论 能够决定一个前端工程师的本质的，不是那些瞬息万变的技术点，而是那些不变的东西。 所谓“不变的东西”</description>
    </item>
    
    <item>
      <title>TypeScript笔记</title>
      <link>http://doc.lyr-2000.xyz/post/09.%E5%89%8D%E7%AB%AF/01.%E5%89%8D%E7%AB%AF/02.%E5%AD%A6%E4%B9%A0%E7%AC%94%E8%AE%B0/35.typescript%E7%AC%94%E8%AE%B0/</link>
      <pubDate>Thu, 08 Oct 2020 13:02:48 +0000</pubDate>
      
      <guid>http://doc.lyr-2000.xyz/post/09.%E5%89%8D%E7%AB%AF/01.%E5%89%8D%E7%AB%AF/02.%E5%AD%A6%E4%B9%A0%E7%AC%94%E8%AE%B0/35.typescript%E7%AC%94%E8%AE%B0/</guid>
      <description>TypeScript 学习笔记 TypeScript 的类型校验是给程序员看的，在编译后不会存在TS代码。 类型注解 1 2 3 4 5 6 function fn(person: string):void{ // 参数类型是字符串，没有返回值 ///... } fn(&amp;#39;str&amp;#39;) // 如传递参数非</description>
    </item>
    
    <item>
      <title>小程序笔记</title>
      <link>http://doc.lyr-2000.xyz/post/09.%E5%89%8D%E7%AB%AF/01.%E5%89%8D%E7%AB%AF/02.%E5%AD%A6%E4%B9%A0%E7%AC%94%E8%AE%B0/40.%E5%B0%8F%E7%A8%8B%E5%BA%8F%E7%AC%94%E8%AE%B0/</link>
      <pubDate>Wed, 25 Dec 2019 14:27:01 +0000</pubDate>
      
      <guid>http://doc.lyr-2000.xyz/post/09.%E5%89%8D%E7%AB%AF/01.%E5%89%8D%E7%AB%AF/02.%E5%AD%A6%E4%B9%A0%E7%AC%94%E8%AE%B0/40.%E5%B0%8F%E7%A8%8B%E5%BA%8F%E7%AC%94%E8%AE%B0/</guid>
      <description>小程序笔记 基础课程部分 微信公众平台 https://mp.weixin.qq.com/ 注册时可选择类型：订阅号、服务号、小程序、企业微信 每个邮箱仅能注册一个小程序。 个人类型小程序：无法使用微</description>
    </item>
    
  </channel>
</rss>
