<?xml version="1.0" encoding="utf-8" standalone="yes"?>
<rss version="2.0" xmlns:atom="http://www.w3.org/2005/Atom">
  <channel>
    <title>中间件 on Even - A super concise theme for Hugo</title>
    <link>http://doc.lyr-2000.xyz/categories/%E4%B8%AD%E9%97%B4%E4%BB%B6/</link>
    <description>Recent content in 中间件 on Even - A super concise theme for Hugo</description>
    <generator>Hugo -- gohugo.io</generator>
    <language>en</language>
    <copyright>lyr</copyright>
    <lastBuildDate>Tue, 30 Mar 2021 21:34:02 +0000</lastBuildDate><atom:link href="http://doc.lyr-2000.xyz/categories/%E4%B8%AD%E9%97%B4%E4%BB%B6/index.xml" rel="self" type="application/rss+xml" />
    <item>
      <title>Dubbo</title>
      <link>http://doc.lyr-2000.xyz/post/04.%E6%A1%86%E6%9E%B6/03.%E4%B8%AD%E9%97%B4%E4%BB%B6/4.dubbo/</link>
      <pubDate>Tue, 30 Mar 2021 21:34:02 +0000</pubDate>
      
      <guid>http://doc.lyr-2000.xyz/post/04.%E6%A1%86%E6%9E%B6/03.%E4%B8%AD%E9%97%B4%E4%BB%B6/4.dubbo/</guid>
      <description>Dubbo(读音[ˈdʌbəʊ])是阿里巴巴公司开源的一个高性能优秀的服务框架，使得应用可通过高性能的RPC 实现服务的输出和输入功能，可以和</description>
    </item>
    
    <item>
      <title>Zookeeper</title>
      <link>http://doc.lyr-2000.xyz/post/04.%E6%A1%86%E6%9E%B6/03.%E4%B8%AD%E9%97%B4%E4%BB%B6/3.zookeeper/</link>
      <pubDate>Tue, 30 Mar 2021 21:32:02 +0000</pubDate>
      
      <guid>http://doc.lyr-2000.xyz/post/04.%E6%A1%86%E6%9E%B6/03.%E4%B8%AD%E9%97%B4%E4%BB%B6/3.zookeeper/</guid>
      <description>Zookeeper是一个开源的分布式协调服务，由雅虎公司创建，由于最初雅虎公司的内部研究小组的项目大多以动物的名字命名，所以后来就以Zook</description>
    </item>
    
    <item>
      <title>RocketMQ</title>
      <link>http://doc.lyr-2000.xyz/post/04.%E6%A1%86%E6%9E%B6/03.%E4%B8%AD%E9%97%B4%E4%BB%B6/2.rocketmq/</link>
      <pubDate>Tue, 30 Mar 2021 21:21:33 +0000</pubDate>
      
      <guid>http://doc.lyr-2000.xyz/post/04.%E6%A1%86%E6%9E%B6/03.%E4%B8%AD%E9%97%B4%E4%BB%B6/2.rocketmq/</guid>
      <description>RocketMQ是一个分布式消息和流数据平台，具有低延迟、高性能、高可靠性、万亿级容量和灵活的可扩展性。 RocketMQ实现原理 Rocket</description>
    </item>
    
  </channel>
</rss>
