<?xml version="1.0" encoding="utf-8" standalone="yes"?>
<rss version="2.0" xmlns:atom="http://www.w3.org/2005/Atom">
  <channel>
    <title>Android相关 on Even - A super concise theme for Hugo</title>
    <link>http://doc.lyr-2000.xyz/categories/android%E7%9B%B8%E5%85%B3/</link>
    <description>Recent content in Android相关 on Even - A super concise theme for Hugo</description>
    <generator>Hugo -- gohugo.io</generator>
    <language>en</language>
    <copyright>lyr</copyright>
    <lastBuildDate>Tue, 20 Apr 2021 21:51:09 +0000</lastBuildDate><atom:link href="http://doc.lyr-2000.xyz/categories/android%E7%9B%B8%E5%85%B3/index.xml" rel="self" type="application/rss+xml" />
    <item>
      <title>MVVM架构</title>
      <link>http://doc.lyr-2000.xyz/post/01.%E7%A8%8B%E5%BA%8F%E8%AF%AD%E8%A8%80/05.android%E7%9B%B8%E5%85%B3/01.mvvm%E6%9E%B6%E6%9E%84/</link>
      <pubDate>Tue, 20 Apr 2021 21:51:09 +0000</pubDate>
      
      <guid>http://doc.lyr-2000.xyz/post/01.%E7%A8%8B%E5%BA%8F%E8%AF%AD%E8%A8%80/05.android%E7%9B%B8%E5%85%B3/01.mvvm%E6%9E%B6%E6%9E%84/</guid>
      <description>说到这个结构，就不得不提一下安卓的几大结构吧主要包括 MVC、MVP、MVVM 这三大结构 MVC结构 Model ：实体模型、数据的获取、存储等等 View ：Act</description>
    </item>
    
  </channel>
</rss>
