<?xml version="1.0" encoding="utf-8" standalone="yes"?>
<rss version="2.0" xmlns:atom="http://www.w3.org/2005/Atom">
  <channel>
    <title>程序员面试 on Even - A super concise theme for Hugo</title>
    <link>http://doc.lyr-2000.xyz/categories/%E7%A8%8B%E5%BA%8F%E5%91%98%E9%9D%A2%E8%AF%95/</link>
    <description>Recent content in 程序员面试 on Even - A super concise theme for Hugo</description>
    <generator>Hugo -- gohugo.io</generator>
    <language>en</language>
    <copyright>lyr</copyright>
    <lastBuildDate>Sat, 10 Apr 2021 14:20:24 +0000</lastBuildDate><atom:link href="http://doc.lyr-2000.xyz/categories/%E7%A8%8B%E5%BA%8F%E5%91%98%E9%9D%A2%E8%AF%95/index.xml" rel="self" type="application/rss+xml" />
    <item>
      <title>1-10</title>
      <link>http://doc.lyr-2000.xyz/post/06.%E7%AE%97%E6%B3%95%E5%92%8C%E6%95%B0%E6%8D%AE%E7%BB%93%E6%9E%84/07.%E7%A8%8B%E5%BA%8F%E5%91%98%E9%9D%A2%E8%AF%95/1.1-10/</link>
      <pubDate>Sat, 10 Apr 2021 14:20:24 +0000</pubDate>
      
      <guid>http://doc.lyr-2000.xyz/post/06.%E7%AE%97%E6%B3%95%E5%92%8C%E6%95%B0%E6%8D%AE%E7%BB%93%E6%9E%84/07.%E7%A8%8B%E5%BA%8F%E5%91%98%E9%9D%A2%E8%AF%95/1.1-10/</guid>
      <description>01.01判断字符串是否唯一 面试题 01.01. 判定字符是否唯一 - 力扣（LeetCode） (leetcode-cn.com) 解法一： 使用map 这个方法虽然很简单，但是面试不推荐的话不推</description>
    </item>
    
    <item>
      <title>10-20</title>
      <link>http://doc.lyr-2000.xyz/post/06.%E7%AE%97%E6%B3%95%E5%92%8C%E6%95%B0%E6%8D%AE%E7%BB%93%E6%9E%84/07.%E7%A8%8B%E5%BA%8F%E5%91%98%E9%9D%A2%E8%AF%95/2.10-20/</link>
      <pubDate>Sat, 10 Apr 2021 14:20:24 +0000</pubDate>
      
      <guid>http://doc.lyr-2000.xyz/post/06.%E7%AE%97%E6%B3%95%E5%92%8C%E6%95%B0%E6%8D%AE%E7%BB%93%E6%9E%84/07.%E7%A8%8B%E5%BA%8F%E5%91%98%E9%9D%A2%E8%AF%95/2.10-20/</guid>
      <description></description>
    </item>
    
  </channel>
</rss>
