<?xml version="1.0" encoding="utf-8" standalone="yes"?>
<rss version="2.0" xmlns:atom="http://www.w3.org/2005/Atom">
  <channel>
    <title>组件 on Even - A super concise theme for Hugo</title>
    <link>http://doc.lyr-2000.xyz/categories/%E7%BB%84%E4%BB%B6/</link>
    <description>Recent content in 组件 on Even - A super concise theme for Hugo</description>
    <generator>Hugo -- gohugo.io</generator>
    <language>en</language>
    <copyright>lyr</copyright>
    <lastBuildDate>Tue, 18 Feb 2020 16:39:33 +0000</lastBuildDate><atom:link href="http://doc.lyr-2000.xyz/categories/%E7%BB%84%E4%BB%B6/index.xml" rel="self" type="application/rss+xml" />
    <item>
      <title>vue父子组件的生命周期顺序</title>
      <link>http://doc.lyr-2000.xyz/post/09.%E5%89%8D%E7%AB%AF/10.vue%E7%AC%94%E8%AE%B0/02.%E7%BB%84%E4%BB%B6/90.vue%E7%88%B6%E5%AD%90%E7%BB%84%E4%BB%B6%E7%9A%84%E7%94%9F%E5%91%BD%E5%91%A8%E6%9C%9F%E9%A1%BA%E5%BA%8F/</link>
      <pubDate>Tue, 18 Feb 2020 16:39:33 +0000</pubDate>
      
      <guid>http://doc.lyr-2000.xyz/post/09.%E5%89%8D%E7%AB%AF/10.vue%E7%AC%94%E8%AE%B0/02.%E7%BB%84%E4%BB%B6/90.vue%E7%88%B6%E5%AD%90%E7%BB%84%E4%BB%B6%E7%9A%84%E7%94%9F%E5%91%BD%E5%91%A8%E6%9C%9F%E9%A1%BA%E5%BA%8F/</guid>
      <description>vue父子组件的生命周期顺序 加载渲染过程 1 父beforeCreate -&amp;gt; 父created-&amp;gt; 父beforeMount-&amp;gt; 子befo</description>
    </item>
    
    <item>
      <title>动态组件与 v-once 指令</title>
      <link>http://doc.lyr-2000.xyz/post/09.%E5%89%8D%E7%AB%AF/10.vue%E7%AC%94%E8%AE%B0/02.%E7%BB%84%E4%BB%B6/80.%E5%8A%A8%E6%80%81%E7%BB%84%E4%BB%B6%E4%B8%8E-v-once-%E6%8C%87%E4%BB%A4/</link>
      <pubDate>Sun, 16 Feb 2020 15:52:19 +0000</pubDate>
      
      <guid>http://doc.lyr-2000.xyz/post/09.%E5%89%8D%E7%AB%AF/10.vue%E7%AC%94%E8%AE%B0/02.%E7%BB%84%E4%BB%B6/80.%E5%8A%A8%E6%80%81%E7%BB%84%E4%BB%B6%E4%B8%8E-v-once-%E6%8C%87%E4%BB%A4/</guid>
      <description>动态组件与 v-once 指令 动态组件 1 2 3 4 5 6 7 8 9 10 11 12 13 14 15 16 17 18 19 20 21 22 23 24 25 26 &amp;lt;div id=&amp;#34;root&amp;#34;&amp;gt; &amp;lt;component :is=&amp;#34;type&amp;#34;&amp;gt;&amp;lt;/component&amp;gt; &amp;lt;!--其效果如同下面两行被注释的代码--&amp;gt;</description>
    </item>
    
    <item>
      <title>插槽slot</title>
      <link>http://doc.lyr-2000.xyz/post/09.%E5%89%8D%E7%AB%AF/10.vue%E7%AC%94%E8%AE%B0/02.%E7%BB%84%E4%BB%B6/75.%E6%8F%92%E6%A7%BDslot/</link>
      <pubDate>Sun, 16 Feb 2020 11:46:27 +0000</pubDate>
      
      <guid>http://doc.lyr-2000.xyz/post/09.%E5%89%8D%E7%AB%AF/10.vue%E7%AC%94%E8%AE%B0/02.%E7%BB%84%E4%BB%B6/75.%E6%8F%92%E6%A7%BDslot/</guid>
      <description>插槽slot API 插槽 1 2 3 4 5 6 7 8 9 10 11 12 13 14 15 &amp;lt;div id=&amp;#34;root&amp;#34;&amp;gt; &amp;lt;child&amp;gt; &amp;lt;!-- 组件标签 --&amp;gt; &amp;lt;h1&amp;gt;hello&amp;lt;/h1&amp;gt; &amp;lt;/child&amp;gt; &amp;lt;/div&amp;gt; &amp;lt;script type=&amp;#34;text/javascript&amp;#34;&amp;gt; Vue.component(&amp;#39;child&amp;#39;, { // 子组件 template: &amp;#39;&amp;lt;div&amp;gt;&amp;lt;slot&amp;gt;&amp;lt;/slot&amp;gt;&amp;lt;/div&amp;gt;&amp;#39; }) var vm = new Vue({ el: &amp;#39;#root&amp;#39; }) &amp;lt;/script&amp;gt; 上面代码中，组件标签内的h1</description>
    </item>
    
    <item>
      <title>非父子组件传值</title>
      <link>http://doc.lyr-2000.xyz/post/09.%E5%89%8D%E7%AB%AF/10.vue%E7%AC%94%E8%AE%B0/02.%E7%BB%84%E4%BB%B6/65.%E9%9D%9E%E7%88%B6%E5%AD%90%E7%BB%84%E4%BB%B6%E4%BC%A0%E5%80%BC/</link>
      <pubDate>Sat, 15 Feb 2020 14:55:03 +0000</pubDate>
      
      <guid>http://doc.lyr-2000.xyz/post/09.%E5%89%8D%E7%AB%AF/10.vue%E7%AC%94%E8%AE%B0/02.%E7%BB%84%E4%BB%B6/65.%E9%9D%9E%E7%88%B6%E5%AD%90%E7%BB%84%E4%BB%B6%E4%BC%A0%E5%80%BC/</guid>
      <description>非父子组件间传值 当组件的嵌套多时，非父子组件间传值就显得复杂，除了使用vuex实现之外，还可以通过Bus（或者叫 总线/发布订阅模式/观察者模</description>
    </item>
    
    <item>
      <title>自定义事件</title>
      <link>http://doc.lyr-2000.xyz/post/09.%E5%89%8D%E7%AB%AF/10.vue%E7%AC%94%E8%AE%B0/02.%E7%BB%84%E4%BB%B6/55.%E8%87%AA%E5%AE%9A%E4%B9%89%E4%BA%8B%E4%BB%B6/</link>
      <pubDate>Sat, 15 Feb 2020 11:27:45 +0000</pubDate>
      
      <guid>http://doc.lyr-2000.xyz/post/09.%E5%89%8D%E7%AB%AF/10.vue%E7%AC%94%E8%AE%B0/02.%E7%BB%84%E4%BB%B6/55.%E8%87%AA%E5%AE%9A%E4%B9%89%E4%BA%8B%E4%BB%B6/</guid>
      <description>自定义事件 API 在组件标签v-on绑定的事件是自定义事件 1 2 3 4 5 6 7 8 9 10 11 12 13 14 15 16 17 18 &amp;lt;div id=&amp;#34;root&amp;#34;&amp;gt; &amp;lt;child @click=&amp;#34;handleClick&amp;#34;&amp;gt;&amp;lt;/child&amp;gt; &amp;lt;!--这里click是自定义事件--</description>
    </item>
    
    <item>
      <title>Prop 验证 与 非 Prop 的 Attribute</title>
      <link>http://doc.lyr-2000.xyz/post/09.%E5%89%8D%E7%AB%AF/10.vue%E7%AC%94%E8%AE%B0/02.%E7%BB%84%E4%BB%B6/52.prop-%E9%AA%8C%E8%AF%81-%E4%B8%8E-%E9%9D%9E-prop-%E7%9A%84-attribute/</link>
      <pubDate>Sat, 15 Feb 2020 10:49:04 +0000</pubDate>
      
      <guid>http://doc.lyr-2000.xyz/post/09.%E5%89%8D%E7%AB%AF/10.vue%E7%AC%94%E8%AE%B0/02.%E7%BB%84%E4%BB%B6/52.prop-%E9%AA%8C%E8%AF%81-%E4%B8%8E-%E9%9D%9E-prop-%E7%9A%84-attribute/</guid>
      <description>Prop 验证 与 非 Prop 的 Attribute Prop 验证 API 子组件对父组件传递来的参数进行校验 1 2 3 4 5 6 7 8 9 10 11 12 13 14 15 16 17 18 19 20 21 22 23 24 25 26 27 28 29 30 31 32 33 Vue.component(&amp;#39;my-component&amp;#39;, { props: { // 基础的</description>
    </item>
    
    <item>
      <title>使用组件的细节点</title>
      <link>http://doc.lyr-2000.xyz/post/09.%E5%89%8D%E7%AB%AF/10.vue%E7%AC%94%E8%AE%B0/02.%E7%BB%84%E4%BB%B6/36.%E4%BD%BF%E7%94%A8%E7%BB%84%E4%BB%B6%E7%9A%84%E7%BB%86%E8%8A%82%E7%82%B9/</link>
      <pubDate>Thu, 13 Feb 2020 13:26:20 +0000</pubDate>
      
      <guid>http://doc.lyr-2000.xyz/post/09.%E5%89%8D%E7%AB%AF/10.vue%E7%AC%94%E8%AE%B0/02.%E7%BB%84%E4%BB%B6/36.%E4%BD%BF%E7%94%A8%E7%BB%84%E4%BB%B6%E7%9A%84%E7%BB%86%E8%8A%82%E7%82%B9/</guid>
      <description>使用组件的细节点 解析 DOM 模板时的注意事项 1 2 3 4 5 6 7 8 9 10 11 12 13 14 15 16 17 &amp;lt;div id=&amp;#34;root&amp;#34;&amp;gt; &amp;lt;table&amp;gt; &amp;lt;tbody&amp;gt; &amp;lt;row&amp;gt;&amp;lt;/row&amp;gt; &amp;lt;row&amp;gt;&amp;lt;/row&amp;gt; &amp;lt;row&amp;gt;&amp;lt;/row&amp;gt; &amp;lt;/tbody&amp;gt; &amp;lt;/table&amp;gt; &amp;lt;/div&amp;gt; &amp;lt;script type=&amp;#34;text/javascript&amp;#34;&amp;gt; Vue.component(&amp;#39;row&amp;#39;, { template: &amp;#39;&amp;lt;tr&amp;gt;&amp;lt;td&amp;gt;this is a row&amp;lt;/td&amp;gt;&amp;lt;/tr&amp;gt;&amp;#39; }) var vm = new Vue({ el: &amp;#39;#root&amp;#39; }) &amp;lt;/script&amp;gt; 上面代码中</description>
    </item>
    
    <item>
      <title>父组件调用子组件方法并传入值</title>
      <link>http://doc.lyr-2000.xyz/post/09.%E5%89%8D%E7%AB%AF/10.vue%E7%AC%94%E8%AE%B0/02.%E7%BB%84%E4%BB%B6/70.%E7%88%B6%E7%BB%84%E4%BB%B6%E8%B0%83%E7%94%A8%E5%AD%90%E7%BB%84%E4%BB%B6%E6%96%B9%E6%B3%95%E5%B9%B6%E4%BC%A0%E5%85%A5%E5%80%BC/</link>
      <pubDate>Tue, 04 Feb 2020 13:06:37 +0000</pubDate>
      
      <guid>http://doc.lyr-2000.xyz/post/09.%E5%89%8D%E7%AB%AF/10.vue%E7%AC%94%E8%AE%B0/02.%E7%BB%84%E4%BB%B6/70.%E7%88%B6%E7%BB%84%E4%BB%B6%E8%B0%83%E7%94%A8%E5%AD%90%E7%BB%84%E4%BB%B6%E6%96%B9%E6%B3%95%E5%B9%B6%E4%BC%A0%E5%85%A5%E5%80%BC/</guid>
      <description>父组件调用子组件方法并传入值 通过ref引用调用子组件内的方法并传入参数 父组件： 1 2 3 4 5 6 7 &amp;lt;子组件标签 ref=&amp;#34;refNam</description>
    </item>
    
    <item>
      <title>兄弟组件传值</title>
      <link>http://doc.lyr-2000.xyz/post/09.%E5%89%8D%E7%AB%AF/10.vue%E7%AC%94%E8%AE%B0/02.%E7%BB%84%E4%BB%B6/60.%E5%85%84%E5%BC%9F%E7%BB%84%E4%BB%B6%E4%BC%A0%E5%80%BC/</link>
      <pubDate>Tue, 04 Feb 2020 13:04:32 +0000</pubDate>
      
      <guid>http://doc.lyr-2000.xyz/post/09.%E5%89%8D%E7%AB%AF/10.vue%E7%AC%94%E8%AE%B0/02.%E7%BB%84%E4%BB%B6/60.%E5%85%84%E5%BC%9F%E7%BB%84%E4%BB%B6%E4%BC%A0%E5%80%BC/</guid>
      <description>兄弟组件传值 子组件1中把值传到父组件,父组件获取值传入子组件2 父组件： 1 2 3 4 5 6 7 8 9 10 11 12 13 14 15 &amp;lt;子组件1 @方法名x=&amp;#34;方</description>
    </item>
    
    <item>
      <title>子组件派发事件和值给父组件</title>
      <link>http://doc.lyr-2000.xyz/post/09.%E5%89%8D%E7%AB%AF/10.vue%E7%AC%94%E8%AE%B0/02.%E7%BB%84%E4%BB%B6/50.%E5%AD%90%E7%BB%84%E4%BB%B6%E6%B4%BE%E5%8F%91%E4%BA%8B%E4%BB%B6%E5%92%8C%E5%80%BC%E7%BB%99%E7%88%B6%E7%BB%84%E4%BB%B6/</link>
      <pubDate>Tue, 04 Feb 2020 12:56:51 +0000</pubDate>
      
      <guid>http://doc.lyr-2000.xyz/post/09.%E5%89%8D%E7%AB%AF/10.vue%E7%AC%94%E8%AE%B0/02.%E7%BB%84%E4%BB%B6/50.%E5%AD%90%E7%BB%84%E4%BB%B6%E6%B4%BE%E5%8F%91%E4%BA%8B%E4%BB%B6%E5%92%8C%E5%80%BC%E7%BB%99%E7%88%B6%E7%BB%84%E4%BB%B6/</guid>
      <description>子组件派发事件和值给父组件 API 子组件通过$emit派发事件和值给父组件（值可以有多个） 1 this.$emit(&amp;#39;fnX&amp;#39;, value) 父组件通过v-on绑定子组件派发的事件，并触发一个</description>
    </item>
    
    <item>
      <title>父组件给子组件传值</title>
      <link>http://doc.lyr-2000.xyz/post/09.%E5%89%8D%E7%AB%AF/10.vue%E7%AC%94%E8%AE%B0/02.%E7%BB%84%E4%BB%B6/40.%E7%88%B6%E7%BB%84%E4%BB%B6%E7%BB%99%E5%AD%90%E7%BB%84%E4%BB%B6%E4%BC%A0%E5%80%BC/</link>
      <pubDate>Tue, 04 Feb 2020 12:45:30 +0000</pubDate>
      
      <guid>http://doc.lyr-2000.xyz/post/09.%E5%89%8D%E7%AB%AF/10.vue%E7%AC%94%E8%AE%B0/02.%E7%BB%84%E4%BB%B6/40.%E7%88%B6%E7%BB%84%E4%BB%B6%E7%BB%99%E5%AD%90%E7%BB%84%E4%BB%B6%E4%BC%A0%E5%80%BC/</guid>
      <description>父组件给子组件传值 父组件中，通过给子组件标签v-bind绑定属性的方式传入值 1 &amp;lt;ComponentName v-bind:name=&amp;#34;value&amp;#34;&amp;gt;&amp;lt;/ComponentName&amp;gt; 如果不使用v-bind传入的值为字符串，使用v-bind绑</description>
    </item>
    
  </channel>
</rss>
