<?xml version="1.0" encoding="utf-8" standalone="yes"?>
<rss version="2.0" xmlns:atom="http://www.w3.org/2005/Atom">
  <channel>
    <title>软件和系统 on Even - A super concise theme for Hugo</title>
    <link>http://doc.lyr-2000.xyz/categories/%E8%BD%AF%E4%BB%B6%E5%92%8C%E7%B3%BB%E7%BB%9F/</link>
    <description>Recent content in 软件和系统 on Even - A super concise theme for Hugo</description>
    <generator>Hugo -- gohugo.io</generator>
    <language>en</language>
    <copyright>lyr</copyright>
    <lastBuildDate>Sun, 11 Apr 2021 18:42:35 +0000</lastBuildDate><atom:link href="http://doc.lyr-2000.xyz/categories/%E8%BD%AF%E4%BB%B6%E5%92%8C%E7%B3%BB%E7%BB%9F/index.xml" rel="self" type="application/rss+xml" />
    <item>
      <title>分布式系统相关</title>
      <link>http://doc.lyr-2000.xyz/post/05.%E8%BD%AF%E4%BB%B6%E5%92%8C%E7%B3%BB%E7%BB%9F/02.%E7%B3%BB%E7%BB%9F%E7%9B%B8%E5%85%B3/03.%E5%88%86%E5%B8%83%E5%BC%8F%E7%B3%BB%E7%BB%9F%E7%9B%B8%E5%85%B3/</link>
      <pubDate>Sun, 11 Apr 2021 18:42:35 +0000</pubDate>
      
      <guid>http://doc.lyr-2000.xyz/post/05.%E8%BD%AF%E4%BB%B6%E5%92%8C%E7%B3%BB%E7%BB%9F/02.%E7%B3%BB%E7%BB%9F%E7%9B%B8%E5%85%B3/03.%E5%88%86%E5%B8%83%E5%BC%8F%E7%B3%BB%E7%BB%9F%E7%9B%B8%E5%85%B3/</guid>
      <description>一致性哈希 传统哈希 当数据太大而无法存储在一个节点或机器上时，我们就需要把数据放在多台服务器上，这个时候我们就可以简单使用取模运算来实现简单的</description>
    </item>
    
    <item>
      <title>Docker</title>
      <link>http://doc.lyr-2000.xyz/post/05.%E8%BD%AF%E4%BB%B6%E5%92%8C%E7%B3%BB%E7%BB%9F/01.%E8%BD%AF%E4%BB%B6%E4%BD%BF%E7%94%A8/03.docker/</link>
      <pubDate>Thu, 25 Mar 2021 16:10:58 +0000</pubDate>
      
      <guid>http://doc.lyr-2000.xyz/post/05.%E8%BD%AF%E4%BB%B6%E5%92%8C%E7%B3%BB%E7%BB%9F/01.%E8%BD%AF%E4%BB%B6%E4%BD%BF%E7%94%A8/03.docker/</guid>
      <description>docker的底层原理 Docker 采用了 C/S 架构，包括客户端和服务端。Docker 守护进程 （ Daemon ）作为服务端接受来自客户端的请求，并处理这些请求（创建、运</description>
    </item>
    
    <item>
      <title>Linux面试</title>
      <link>http://doc.lyr-2000.xyz/post/05.%E8%BD%AF%E4%BB%B6%E5%92%8C%E7%B3%BB%E7%BB%9F/02.%E7%B3%BB%E7%BB%9F%E7%9B%B8%E5%85%B3/02.linux%E9%9D%A2%E8%AF%95/</link>
      <pubDate>Thu, 25 Mar 2021 09:25:39 +0000</pubDate>
      
      <guid>http://doc.lyr-2000.xyz/post/05.%E8%BD%AF%E4%BB%B6%E5%92%8C%E7%B3%BB%E7%BB%9F/02.%E7%B3%BB%E7%BB%9F%E7%9B%B8%E5%85%B3/02.linux%E9%9D%A2%E8%AF%95/</guid>
      <description>不知道哪里抄来的 绝对路径用什么符号表示？当前目录、上层目录用什么表示？ 主目录用什么表示? 切换目录用什么命令？ 绝对路径： 如/etc/init.</description>
    </item>
    
    <item>
      <title>NGINX</title>
      <link>http://doc.lyr-2000.xyz/post/05.%E8%BD%AF%E4%BB%B6%E5%92%8C%E7%B3%BB%E7%BB%9F/01.%E8%BD%AF%E4%BB%B6%E4%BD%BF%E7%94%A8/02.nginx/</link>
      <pubDate>Tue, 23 Mar 2021 21:23:26 +0000</pubDate>
      
      <guid>http://doc.lyr-2000.xyz/post/05.%E8%BD%AF%E4%BB%B6%E5%92%8C%E7%B3%BB%E7%BB%9F/01.%E8%BD%AF%E4%BB%B6%E4%BD%BF%E7%94%A8/02.nginx/</guid>
      <description>这里同样直接整理面试题 同学问的一些问题 NGINX的优势 可以热部署 支持高并发连接 内存消耗低 处理响应快 可靠性高 NGINX 负载均衡算法 轮询 （默认） 每个请求</description>
    </item>
    
    <item>
      <title>Git</title>
      <link>http://doc.lyr-2000.xyz/post/05.%E8%BD%AF%E4%BB%B6%E5%92%8C%E7%B3%BB%E7%BB%9F/01.%E8%BD%AF%E4%BB%B6%E4%BD%BF%E7%94%A8/01.git/</link>
      <pubDate>Sat, 20 Mar 2021 15:51:30 +0000</pubDate>
      
      <guid>http://doc.lyr-2000.xyz/post/05.%E8%BD%AF%E4%BB%B6%E5%92%8C%E7%B3%BB%E7%BB%9F/01.%E8%BD%AF%E4%BB%B6%E4%BD%BF%E7%94%A8/01.git/</guid>
      <description>常用命令 git init 初始化git仓库 git clone 克隆git仓库 git remote add origin ***.git 添加一个新的远程残酷 git push -u origin master 本地的 master 分支推送到 origin 主机的 master 分支。 推送到远程仓库的de</description>
    </item>
    
    <item>
      <title>Linux基础</title>
      <link>http://doc.lyr-2000.xyz/post/05.%E8%BD%AF%E4%BB%B6%E5%92%8C%E7%B3%BB%E7%BB%9F/02.%E7%B3%BB%E7%BB%9F%E7%9B%B8%E5%85%B3/01.linux%E5%9F%BA%E7%A1%80/</link>
      <pubDate>Sat, 20 Mar 2021 15:51:30 +0000</pubDate>
      
      <guid>http://doc.lyr-2000.xyz/post/05.%E8%BD%AF%E4%BB%B6%E5%92%8C%E7%B3%BB%E7%BB%9F/02.%E7%B3%BB%E7%BB%9F%E7%9B%B8%E5%85%B3/01.linux%E5%9F%BA%E7%A1%80/</guid>
      <description>shell脚本运算符 算数运算符 运算符 说明 举例 + 加法 expr $a + $b 结果为 30。 - 减法 expr $a - $b 结果为 -10。 * 乘法 expr $a \* $b 结果为 200。 / 除法 expr $b / $a</description>
    </item>
    
  </channel>
</rss>
