<?xml version="1.0" encoding="utf-8" standalone="yes"?>
<rss version="2.0" xmlns:atom="http://www.w3.org/2005/Atom">
  <channel>
    <title>学习 on Even - A super concise theme for Hugo</title>
    <link>http://doc.lyr-2000.xyz/categories/%E5%AD%A6%E4%B9%A0/</link>
    <description>Recent content in 学习 on Even - A super concise theme for Hugo</description>
    <generator>Hugo -- gohugo.io</generator>
    <language>en</language>
    <copyright>lyr</copyright>
    <lastBuildDate>Thu, 16 Jul 2020 11:00:55 +0000</lastBuildDate><atom:link href="http://doc.lyr-2000.xyz/categories/%E5%AD%A6%E4%B9%A0/index.xml" rel="self" type="application/rss+xml" />
    <item>
      <title>笔记方法</title>
      <link>http://doc.lyr-2000.xyz/post/09.%E5%89%8D%E7%AB%AF/04.%E6%9B%B4%E5%A4%9A/01.%E5%AD%A6%E4%B9%A0/01.%E7%AC%94%E8%AE%B0%E6%96%B9%E6%B3%95/</link>
      <pubDate>Thu, 16 Jul 2020 11:00:55 +0000</pubDate>
      
      <guid>http://doc.lyr-2000.xyz/post/09.%E5%89%8D%E7%AB%AF/04.%E6%9B%B4%E5%A4%9A/01.%E5%AD%A6%E4%B9%A0/01.%E7%AC%94%E8%AE%B0%E6%96%B9%E6%B3%95/</guid>
      <description>::: center 康奈尔笔记法 思维导图法 金三角笔记法 曼陀罗九宫格笔记法 记号记录法 六色笔记法 加工笔记法 整理笔记要点1-科学标记重点 整理笔记要点2-修改不涂改</description>
    </item>
    
    <item>
      <title>费曼学习法</title>
      <link>http://doc.lyr-2000.xyz/post/09.%E5%89%8D%E7%AB%AF/04.%E6%9B%B4%E5%A4%9A/01.%E5%AD%A6%E4%B9%A0/00.%E8%B4%B9%E6%9B%BC%E5%AD%A6%E4%B9%A0%E6%B3%95/</link>
      <pubDate>Thu, 16 Jul 2020 10:04:14 +0000</pubDate>
      
      <guid>http://doc.lyr-2000.xyz/post/09.%E5%89%8D%E7%AB%AF/04.%E6%9B%B4%E5%A4%9A/01.%E5%AD%A6%E4%B9%A0/00.%E8%B4%B9%E6%9B%BC%E5%AD%A6%E4%B9%A0%E6%B3%95/</guid>
      <description>费曼学习法，我很喜欢的一个学习方法，简单来说，就是：通过向别人清楚的解说某一件事或是写一篇浅显易懂的教程文章，来确认自己是否真正弄懂了这件事</description>
    </item>
    
    <item>
      <title>搜索引擎使用技巧</title>
      <link>http://doc.lyr-2000.xyz/post/09.%E5%89%8D%E7%AB%AF/04.%E6%9B%B4%E5%A4%9A/01.%E5%AD%A6%E4%B9%A0/10.%E6%90%9C%E7%B4%A2%E5%BC%95%E6%93%8E%E4%BD%BF%E7%94%A8%E6%8A%80%E5%B7%A7/</link>
      <pubDate>Sun, 24 May 2020 11:44:19 +0000</pubDate>
      
      <guid>http://doc.lyr-2000.xyz/post/09.%E5%89%8D%E7%AB%AF/04.%E6%9B%B4%E5%A4%9A/01.%E5%AD%A6%E4%B9%A0/10.%E6%90%9C%E7%B4%A2%E5%BC%95%E6%93%8E%E4%BD%BF%E7%94%A8%E6%8A%80%E5%B7%A7/</guid>
      <description>搜索引擎相信大家经常在使用，但是有时候想搜某个信息时却搜出来一大堆不相关的（百度：你们都在看我干什么？）。下面我们来介绍几种搜索技巧，可以提</description>
    </item>
    
    <item>
      <title>提高学习效率的策略</title>
      <link>http://doc.lyr-2000.xyz/post/09.%E5%89%8D%E7%AB%AF/04.%E6%9B%B4%E5%A4%9A/01.%E5%AD%A6%E4%B9%A0/02.%E6%8F%90%E9%AB%98%E5%AD%A6%E4%B9%A0%E6%95%88%E7%8E%87%E7%9A%84%E7%AD%96%E7%95%A5/</link>
      <pubDate>Sat, 04 Jan 2020 11:54:14 +0000</pubDate>
      
      <guid>http://doc.lyr-2000.xyz/post/09.%E5%89%8D%E7%AB%AF/04.%E6%9B%B4%E5%A4%9A/01.%E5%AD%A6%E4%B9%A0/02.%E6%8F%90%E9%AB%98%E5%AD%A6%E4%B9%A0%E6%95%88%E7%8E%87%E7%9A%84%E7%AD%96%E7%95%A5/</guid>
      <description>提高学习效率的策略 推荐一本关于学习方法的书《认知天性》，里面有讲到有一些简单实用的学习策略，能让大家学的更好、记得更牢，而且这些策略人人可用</description>
    </item>
    
    <item>
      <title>处理问题的思路</title>
      <link>http://doc.lyr-2000.xyz/post/09.%E5%89%8D%E7%AB%AF/04.%E6%9B%B4%E5%A4%9A/01.%E5%AD%A6%E4%B9%A0/05.%E5%A4%84%E7%90%86%E9%97%AE%E9%A2%98%E7%9A%84%E6%80%9D%E8%B7%AF/</link>
      <pubDate>Fri, 03 Jan 2020 14:36:02 +0000</pubDate>
      
      <guid>http://doc.lyr-2000.xyz/post/09.%E5%89%8D%E7%AB%AF/04.%E6%9B%B4%E5%A4%9A/01.%E5%AD%A6%E4%B9%A0/05.%E5%A4%84%E7%90%86%E9%97%AE%E9%A2%98%E7%9A%84%E6%80%9D%E8%B7%AF/</guid>
      <description>处理问题的思路 工作中遇到问题？ 遇到问题卡住了，可以先休息一会儿，调整一下状态，喝杯水走走放松放松，然后想想有没有遗漏的地方，或者其他的解决方</description>
    </item>
    
    <item>
      <title>自律小建议</title>
      <link>http://doc.lyr-2000.xyz/post/09.%E5%89%8D%E7%AB%AF/04.%E6%9B%B4%E5%A4%9A/01.%E5%AD%A6%E4%B9%A0/04.%E8%87%AA%E5%BE%8B%E5%B0%8F%E5%BB%BA%E8%AE%AE/</link>
      <pubDate>Fri, 03 Jan 2020 14:35:18 +0000</pubDate>
      
      <guid>http://doc.lyr-2000.xyz/post/09.%E5%89%8D%E7%AB%AF/04.%E6%9B%B4%E5%A4%9A/01.%E5%AD%A6%E4%B9%A0/04.%E8%87%AA%E5%BE%8B%E5%B0%8F%E5%BB%BA%E8%AE%AE/</guid>
      <description>自律小建议 培养专注 练习冥想、瑜伽等 排除外界干扰 手机调到勿扰，在图书馆学习等 规定学习时间 番茄时间管理——使用番茄时间管理法，选择一个待完成的任</description>
    </item>
    
    <item>
      <title>提高记忆的技巧</title>
      <link>http://doc.lyr-2000.xyz/post/09.%E5%89%8D%E7%AB%AF/04.%E6%9B%B4%E5%A4%9A/01.%E5%AD%A6%E4%B9%A0/03.%E6%8F%90%E9%AB%98%E8%AE%B0%E5%BF%86%E7%9A%84%E6%8A%80%E5%B7%A7/</link>
      <pubDate>Fri, 03 Jan 2020 14:34:48 +0000</pubDate>
      
      <guid>http://doc.lyr-2000.xyz/post/09.%E5%89%8D%E7%AB%AF/04.%E6%9B%B4%E5%A4%9A/01.%E5%AD%A6%E4%B9%A0/03.%E6%8F%90%E9%AB%98%E8%AE%B0%E5%BF%86%E7%9A%84%E6%8A%80%E5%B7%A7/</guid>
      <description>提高记忆的技巧 多个感官并用 记忆时调用一切感官。没人的话可以大声阅读，有人的话可以默念，轻微摇晃手指等，有助于保持专注。 重复记忆 每天留出半个到</description>
    </item>
    
  </channel>
</rss>
