<?xml version="1.0" encoding="utf-8" standalone="yes"?>
<rss version="2.0" xmlns:atom="http://www.w3.org/2005/Atom">
  <channel>
    <title>ts-axios 单元测试 on Even - A super concise theme for Hugo</title>
    <link>http://doc.lyr-2000.xyz/categories/ts-axios-%E5%8D%95%E5%85%83%E6%B5%8B%E8%AF%95/</link>
    <description>Recent content in ts-axios 单元测试 on Even - A super concise theme for Hugo</description>
    <generator>Hugo -- gohugo.io</generator>
    <language>en</language>
    <copyright>lyr</copyright>
    <lastBuildDate>Sun, 05 Jan 2020 10:56:02 +0000</lastBuildDate><atom:link href="http://doc.lyr-2000.xyz/categories/ts-axios-%E5%8D%95%E5%85%83%E6%B5%8B%E8%AF%95/index.xml" rel="self" type="application/rss+xml" />
    <item>
      <title>Axios 实例模块单元测试</title>
      <link>http://doc.lyr-2000.xyz/post/09.%E5%89%8D%E7%AB%AF/11.typescript-%E4%BB%8E%E9%9B%B6%E5%AE%9E%E7%8E%B0-axios/11.ts-axios-%E5%8D%95%E5%85%83%E6%B5%8B%E8%AF%95/06.axios-%E5%AE%9E%E4%BE%8B%E6%A8%A1%E5%9D%97%E5%8D%95%E5%85%83%E6%B5%8B%E8%AF%95/</link>
      <pubDate>Sun, 05 Jan 2020 10:56:02 +0000</pubDate>
      
      <guid>http://doc.lyr-2000.xyz/post/09.%E5%89%8D%E7%AB%AF/11.typescript-%E4%BB%8E%E9%9B%B6%E5%AE%9E%E7%8E%B0-axios/11.ts-axios-%E5%8D%95%E5%85%83%E6%B5%8B%E8%AF%95/06.axios-%E5%AE%9E%E4%BE%8B%E6%A8%A1%E5%9D%97%E5%8D%95%E5%85%83%E6%B5%8B%E8%AF%95/</guid>
      <description>Axios 实例模块单元测试 ts-axios 提供了 axios.create 静态方法，返回一个 instance 实例，我们需要对这个模块做测试。 测试代码编写 test/instance.spec.ts： 1 2</description>
    </item>
    
    <item>
      <title>headers 模块单元测试</title>
      <link>http://doc.lyr-2000.xyz/post/09.%E5%89%8D%E7%AB%AF/11.typescript-%E4%BB%8E%E9%9B%B6%E5%AE%9E%E7%8E%B0-axios/11.ts-axios-%E5%8D%95%E5%85%83%E6%B5%8B%E8%AF%95/05.headers-%E6%A8%A1%E5%9D%97%E5%8D%95%E5%85%83%E6%B5%8B%E8%AF%95/</link>
      <pubDate>Sun, 05 Jan 2020 10:56:02 +0000</pubDate>
      
      <guid>http://doc.lyr-2000.xyz/post/09.%E5%89%8D%E7%AB%AF/11.typescript-%E4%BB%8E%E9%9B%B6%E5%AE%9E%E7%8E%B0-axios/11.ts-axios-%E5%8D%95%E5%85%83%E6%B5%8B%E8%AF%95/05.headers-%E6%A8%A1%E5%9D%97%E5%8D%95%E5%85%83%E6%B5%8B%E8%AF%95/</guid>
      <description>headers 模块单元测试 之前我们测试了 headers 的基础方法模块，接下来我们会从业务角度测试 headers 的相关业务逻辑。 测试代码编写 test/headers.spec.t</description>
    </item>
    
    <item>
      <title>Jest 安装和配置</title>
      <link>http://doc.lyr-2000.xyz/post/09.%E5%89%8D%E7%AB%AF/11.typescript-%E4%BB%8E%E9%9B%B6%E5%AE%9E%E7%8E%B0-axios/11.ts-axios-%E5%8D%95%E5%85%83%E6%B5%8B%E8%AF%95/02.jest-%E5%AE%89%E8%A3%85%E5%92%8C%E9%85%8D%E7%BD%AE/</link>
      <pubDate>Sun, 05 Jan 2020 10:56:02 +0000</pubDate>
      
      <guid>http://doc.lyr-2000.xyz/post/09.%E5%89%8D%E7%AB%AF/11.typescript-%E4%BB%8E%E9%9B%B6%E5%AE%9E%E7%8E%B0-axios/11.ts-axios-%E5%8D%95%E5%85%83%E6%B5%8B%E8%AF%95/02.jest-%E5%AE%89%E8%A3%85%E5%92%8C%E9%85%8D%E7%BD%AE/</guid>
      <description>Jest 安装和配置 Jest 安装 由于我们的项目是使用 typescript-library-starter 初始化的，已经内置了 Jest 的安装，但是安装的版本却不是最新的，我们可以对 package.json 中的相关依赖版本做修改，重新安</description>
    </item>
    
    <item>
      <title>mergeConfig 模块单元测试</title>
      <link>http://doc.lyr-2000.xyz/post/09.%E5%89%8D%E7%AB%AF/11.typescript-%E4%BB%8E%E9%9B%B6%E5%AE%9E%E7%8E%B0-axios/11.ts-axios-%E5%8D%95%E5%85%83%E6%B5%8B%E8%AF%95/08.mergeconfig-%E6%A8%A1%E5%9D%97%E5%8D%95%E5%85%83%E6%B5%8B%E8%AF%95/</link>
      <pubDate>Sun, 05 Jan 2020 10:56:02 +0000</pubDate>
      
      <guid>http://doc.lyr-2000.xyz/post/09.%E5%89%8D%E7%AB%AF/11.typescript-%E4%BB%8E%E9%9B%B6%E5%AE%9E%E7%8E%B0-axios/11.ts-axios-%E5%8D%95%E5%85%83%E6%B5%8B%E8%AF%95/08.mergeconfig-%E6%A8%A1%E5%9D%97%E5%8D%95%E5%85%83%E6%B5%8B%E8%AF%95/</guid>
      <description>mergeConfig 模块单元测试 合并配置是 ts-axios 核心流程中非常重要的一个环节，我们需要为它的各种情况去编写测试。 测试代码编写 test/mergeConfig.sp</description>
    </item>
    
    <item>
      <title>前言</title>
      <link>http://doc.lyr-2000.xyz/post/09.%E5%89%8D%E7%AB%AF/11.typescript-%E4%BB%8E%E9%9B%B6%E5%AE%9E%E7%8E%B0-axios/11.ts-axios-%E5%8D%95%E5%85%83%E6%B5%8B%E8%AF%95/01.%E5%89%8D%E8%A8%80/</link>
      <pubDate>Sun, 05 Jan 2020 10:56:02 +0000</pubDate>
      
      <guid>http://doc.lyr-2000.xyz/post/09.%E5%89%8D%E7%AB%AF/11.typescript-%E4%BB%8E%E9%9B%B6%E5%AE%9E%E7%8E%B0-axios/11.ts-axios-%E5%8D%95%E5%85%83%E6%B5%8B%E8%AF%95/01.%E5%89%8D%E8%A8%80/</guid>
      <description>前言 单元测试是前端一个很重要的方向，鉴别一个开源库是否靠谱的一个标准是它的单元测试是否完善。有了完整的单元测试，未来你去重构现有代码或者是增</description>
    </item>
    
    <item>
      <title>剩余模块单元测试</title>
      <link>http://doc.lyr-2000.xyz/post/09.%E5%89%8D%E7%AB%AF/11.typescript-%E4%BB%8E%E9%9B%B6%E5%AE%9E%E7%8E%B0-axios/11.ts-axios-%E5%8D%95%E5%85%83%E6%B5%8B%E8%AF%95/10.%E5%89%A9%E4%BD%99%E6%A8%A1%E5%9D%97%E5%8D%95%E5%85%83%E6%B5%8B%E8%AF%95/</link>
      <pubDate>Sun, 05 Jan 2020 10:56:02 +0000</pubDate>
      
      <guid>http://doc.lyr-2000.xyz/post/09.%E5%89%8D%E7%AB%AF/11.typescript-%E4%BB%8E%E9%9B%B6%E5%AE%9E%E7%8E%B0-axios/11.ts-axios-%E5%8D%95%E5%85%83%E6%B5%8B%E8%AF%95/10.%E5%89%A9%E4%BD%99%E6%A8%A1%E5%9D%97%E5%8D%95%E5%85%83%E6%B5%8B%E8%AF%95/</guid>
      <description>剩余模块单元测试 defaults 模块单元测试 defaults 模块为请求配置提供了一些默认的属性和方法，我们需要为其编写单元测试。 test/defaults.spec.t</description>
    </item>
    
    <item>
      <title>拦截器模块单元测试</title>
      <link>http://doc.lyr-2000.xyz/post/09.%E5%89%8D%E7%AB%AF/11.typescript-%E4%BB%8E%E9%9B%B6%E5%AE%9E%E7%8E%B0-axios/11.ts-axios-%E5%8D%95%E5%85%83%E6%B5%8B%E8%AF%95/07.%E6%8B%A6%E6%88%AA%E5%99%A8%E6%A8%A1%E5%9D%97%E5%8D%95%E5%85%83%E6%B5%8B%E8%AF%95/</link>
      <pubDate>Sun, 05 Jan 2020 10:56:02 +0000</pubDate>
      
      <guid>http://doc.lyr-2000.xyz/post/09.%E5%89%8D%E7%AB%AF/11.typescript-%E4%BB%8E%E9%9B%B6%E5%AE%9E%E7%8E%B0-axios/11.ts-axios-%E5%8D%95%E5%85%83%E6%B5%8B%E8%AF%95/07.%E6%8B%A6%E6%88%AA%E5%99%A8%E6%A8%A1%E5%9D%97%E5%8D%95%E5%85%83%E6%B5%8B%E8%AF%95/</guid>
      <description>拦截器模块单元测试 拦截器是 ts-axios 库一个非常实用的功能，接下来我们来编写它的测试代码。 测试代码编写 test/interceptor.spec.ts</description>
    </item>
    
    <item>
      <title>请求取消模块单元测试</title>
      <link>http://doc.lyr-2000.xyz/post/09.%E5%89%8D%E7%AB%AF/11.typescript-%E4%BB%8E%E9%9B%B6%E5%AE%9E%E7%8E%B0-axios/11.ts-axios-%E5%8D%95%E5%85%83%E6%B5%8B%E8%AF%95/09.%E8%AF%B7%E6%B1%82%E5%8F%96%E6%B6%88%E6%A8%A1%E5%9D%97%E5%8D%95%E5%85%83%E6%B5%8B%E8%AF%95/</link>
      <pubDate>Sun, 05 Jan 2020 10:56:02 +0000</pubDate>
      
      <guid>http://doc.lyr-2000.xyz/post/09.%E5%89%8D%E7%AB%AF/11.typescript-%E4%BB%8E%E9%9B%B6%E5%AE%9E%E7%8E%B0-axios/11.ts-axios-%E5%8D%95%E5%85%83%E6%B5%8B%E8%AF%95/09.%E8%AF%B7%E6%B1%82%E5%8F%96%E6%B6%88%E6%A8%A1%E5%9D%97%E5%8D%95%E5%85%83%E6%B5%8B%E8%AF%95/</guid>
      <description>请求取消模块单元测试 请求取消模块是 ts-axios 库核心流程其中一个分支，也是非常重要的模块，我们将从基础库和业务流程模块 2 个方面去编写单元测试。 Cancel 类单元</description>
    </item>
    
    <item>
      <title>请求模块单元测试</title>
      <link>http://doc.lyr-2000.xyz/post/09.%E5%89%8D%E7%AB%AF/11.typescript-%E4%BB%8E%E9%9B%B6%E5%AE%9E%E7%8E%B0-axios/11.ts-axios-%E5%8D%95%E5%85%83%E6%B5%8B%E8%AF%95/04.%E8%AF%B7%E6%B1%82%E6%A8%A1%E5%9D%97%E5%8D%95%E5%85%83%E6%B5%8B%E8%AF%95/</link>
      <pubDate>Sun, 05 Jan 2020 10:56:02 +0000</pubDate>
      
      <guid>http://doc.lyr-2000.xyz/post/09.%E5%89%8D%E7%AB%AF/11.typescript-%E4%BB%8E%E9%9B%B6%E5%AE%9E%E7%8E%B0-axios/11.ts-axios-%E5%8D%95%E5%85%83%E6%B5%8B%E8%AF%95/04.%E8%AF%B7%E6%B1%82%E6%A8%A1%E5%9D%97%E5%8D%95%E5%85%83%E6%B5%8B%E8%AF%95/</guid>
      <description>请求模块单元测试 请求模块是 axios 最基础的模块，通过一个 axios 方法发送 Ajax 请求。 jasmine-ajax Jasmine 是一个 BDD(行为驱动开发)的测试框架，它有很多成熟的插件，比如我们</description>
    </item>
    
    <item>
      <title>辅助模块单元测试</title>
      <link>http://doc.lyr-2000.xyz/post/09.%E5%89%8D%E7%AB%AF/11.typescript-%E4%BB%8E%E9%9B%B6%E5%AE%9E%E7%8E%B0-axios/11.ts-axios-%E5%8D%95%E5%85%83%E6%B5%8B%E8%AF%95/03.%E8%BE%85%E5%8A%A9%E6%A8%A1%E5%9D%97%E5%8D%95%E5%85%83%E6%B5%8B%E8%AF%95/</link>
      <pubDate>Sun, 05 Jan 2020 10:56:02 +0000</pubDate>
      
      <guid>http://doc.lyr-2000.xyz/post/09.%E5%89%8D%E7%AB%AF/11.typescript-%E4%BB%8E%E9%9B%B6%E5%AE%9E%E7%8E%B0-axios/11.ts-axios-%E5%8D%95%E5%85%83%E6%B5%8B%E8%AF%95/03.%E8%BE%85%E5%8A%A9%E6%A8%A1%E5%9D%97%E5%8D%95%E5%85%83%E6%B5%8B%E8%AF%95/</guid>
      <description>辅助模块单元测试 准备工作 通常我们会优先为一个库的辅助方法编写测试，我们会优先为 ts-axios 库的 helpers 目录下的模块编写测试。我们在 test 目录下创建一个 helpers 目录，创</description>
    </item>
    
  </channel>
</rss>
