<?xml version="1.0" encoding="utf-8" standalone="yes"?>
<rss version="2.0" xmlns:atom="http://www.w3.org/2005/Atom">
  <channel>
    <title>ts-axios 配置化实现 on Even - A super concise theme for Hugo</title>
    <link>http://doc.lyr-2000.xyz/categories/ts-axios-%E9%85%8D%E7%BD%AE%E5%8C%96%E5%AE%9E%E7%8E%B0/</link>
    <description>Recent content in ts-axios 配置化实现 on Even - A super concise theme for Hugo</description>
    <generator>Hugo -- gohugo.io</generator>
    <language>en</language>
    <copyright>lyr</copyright>
    <lastBuildDate>Sun, 05 Jan 2020 10:56:02 +0000</lastBuildDate><atom:link href="http://doc.lyr-2000.xyz/categories/ts-axios-%E9%85%8D%E7%BD%AE%E5%8C%96%E5%AE%9E%E7%8E%B0/index.xml" rel="self" type="application/rss+xml" />
    <item>
      <title>合并配置的设计与实现</title>
      <link>http://doc.lyr-2000.xyz/post/09.%E5%89%8D%E7%AB%AF/11.typescript-%E4%BB%8E%E9%9B%B6%E5%AE%9E%E7%8E%B0-axios/08.ts-axios-%E9%85%8D%E7%BD%AE%E5%8C%96%E5%AE%9E%E7%8E%B0/01.%E5%90%88%E5%B9%B6%E9%85%8D%E7%BD%AE%E7%9A%84%E8%AE%BE%E8%AE%A1%E4%B8%8E%E5%AE%9E%E7%8E%B0/</link>
      <pubDate>Sun, 05 Jan 2020 10:56:02 +0000</pubDate>
      
      <guid>http://doc.lyr-2000.xyz/post/09.%E5%89%8D%E7%AB%AF/11.typescript-%E4%BB%8E%E9%9B%B6%E5%AE%9E%E7%8E%B0-axios/08.ts-axios-%E9%85%8D%E7%BD%AE%E5%8C%96%E5%AE%9E%E7%8E%B0/01.%E5%90%88%E5%B9%B6%E9%85%8D%E7%BD%AE%E7%9A%84%E8%AE%BE%E8%AE%A1%E4%B8%8E%E5%AE%9E%E7%8E%B0/</guid>
      <description>合并配置的设计与实现 需求分析 在之前的章节我们了解到，在发送请求的时候可以传入一个配置，来决定请求的不同行为。我们也希望 ts-axios 可以有默认配置，定义</description>
    </item>
    
    <item>
      <title>扩展 create 静态接口</title>
      <link>http://doc.lyr-2000.xyz/post/09.%E5%89%8D%E7%AB%AF/11.typescript-%E4%BB%8E%E9%9B%B6%E5%AE%9E%E7%8E%B0-axios/08.ts-axios-%E9%85%8D%E7%BD%AE%E5%8C%96%E5%AE%9E%E7%8E%B0/03.%E6%89%A9%E5%B1%95-create-%E9%9D%99%E6%80%81%E6%8E%A5%E5%8F%A3/</link>
      <pubDate>Sun, 05 Jan 2020 10:56:02 +0000</pubDate>
      
      <guid>http://doc.lyr-2000.xyz/post/09.%E5%89%8D%E7%AB%AF/11.typescript-%E4%BB%8E%E9%9B%B6%E5%AE%9E%E7%8E%B0-axios/08.ts-axios-%E9%85%8D%E7%BD%AE%E5%8C%96%E5%AE%9E%E7%8E%B0/03.%E6%89%A9%E5%B1%95-create-%E9%9D%99%E6%80%81%E6%8E%A5%E5%8F%A3/</guid>
      <description>扩展 axios.create 静态接口 需求分析 目前为止，我们的 axios 都是一个单例，一旦我们修改了 axios 的默认配置，会影响所有的请求。我们希望提供了一个 axios.create 的静态接口允许我们创</description>
    </item>
    
    <item>
      <title>请求和响应配置化</title>
      <link>http://doc.lyr-2000.xyz/post/09.%E5%89%8D%E7%AB%AF/11.typescript-%E4%BB%8E%E9%9B%B6%E5%AE%9E%E7%8E%B0-axios/08.ts-axios-%E9%85%8D%E7%BD%AE%E5%8C%96%E5%AE%9E%E7%8E%B0/02.%E8%AF%B7%E6%B1%82%E5%92%8C%E5%93%8D%E5%BA%94%E9%85%8D%E7%BD%AE%E5%8C%96/</link>
      <pubDate>Sun, 05 Jan 2020 10:56:02 +0000</pubDate>
      
      <guid>http://doc.lyr-2000.xyz/post/09.%E5%89%8D%E7%AB%AF/11.typescript-%E4%BB%8E%E9%9B%B6%E5%AE%9E%E7%8E%B0-axios/08.ts-axios-%E9%85%8D%E7%BD%AE%E5%8C%96%E5%AE%9E%E7%8E%B0/02.%E8%AF%B7%E6%B1%82%E5%92%8C%E5%93%8D%E5%BA%94%E9%85%8D%E7%BD%AE%E5%8C%96/</guid>
      <description>请求和响应配置化 需求分析 官方的 axios 库 给默认配置添加了 transformRequest 和 transformResponse 两个字段，它们的值是一个数组或者是一个函数。 其中 transformRequest 允许你在将请求数据发送到服务器之前</description>
    </item>
    
  </channel>
</rss>
