<?xml version="1.0" encoding="utf-8" standalone="yes"?>
<rss version="2.0" xmlns:atom="http://www.w3.org/2005/Atom">
  <channel>
    <title>基础 on Even - A super concise theme for Hugo</title>
    <link>http://doc.lyr-2000.xyz/categories/%E5%9F%BA%E7%A1%80/</link>
    <description>Recent content in 基础 on Even - A super concise theme for Hugo</description>
    <generator>Hugo -- gohugo.io</generator>
    <language>en</language>
    <copyright>lyr</copyright>
    <lastBuildDate>Wed, 05 Feb 2020 13:09:06 +0000</lastBuildDate><atom:link href="http://doc.lyr-2000.xyz/categories/%E5%9F%BA%E7%A1%80/index.xml" rel="self" type="application/rss+xml" />
    <item>
      <title>列表渲染之数组、对象更新检测</title>
      <link>http://doc.lyr-2000.xyz/post/09.%E5%89%8D%E7%AB%AF/10.vue%E7%AC%94%E8%AE%B0/01.%E5%9F%BA%E7%A1%80/35.%E5%88%97%E8%A1%A8%E6%B8%B2%E6%9F%93%E4%B9%8B%E6%95%B0%E7%BB%84%E5%AF%B9%E8%B1%A1%E6%9B%B4%E6%96%B0%E6%A3%80%E6%B5%8B/</link>
      <pubDate>Wed, 05 Feb 2020 13:09:06 +0000</pubDate>
      
      <guid>http://doc.lyr-2000.xyz/post/09.%E5%89%8D%E7%AB%AF/10.vue%E7%AC%94%E8%AE%B0/01.%E5%9F%BA%E7%A1%80/35.%E5%88%97%E8%A1%A8%E6%B8%B2%E6%9F%93%E4%B9%8B%E6%95%B0%E7%BB%84%E5%AF%B9%E8%B1%A1%E6%9B%B4%E6%96%B0%E6%A3%80%E6%B5%8B/</guid>
      <description>列表渲染之数组、对象更新检测 数组更新检测API 对象更新检测API 数组更新检测 变异方法 (mutation method) Vue 将被侦听的数组的变异方法进行了包裹，所以它们也将会</description>
    </item>
    
    <item>
      <title>v-if vs v-show</title>
      <link>http://doc.lyr-2000.xyz/post/09.%E5%89%8D%E7%AB%AF/10.vue%E7%AC%94%E8%AE%B0/01.%E5%9F%BA%E7%A1%80/30.v-if-vs-v-show/</link>
      <pubDate>Tue, 04 Feb 2020 17:32:23 +0000</pubDate>
      
      <guid>http://doc.lyr-2000.xyz/post/09.%E5%89%8D%E7%AB%AF/10.vue%E7%AC%94%E8%AE%B0/01.%E5%9F%BA%E7%A1%80/30.v-if-vs-v-show/</guid>
      <description>v-if vs v-show API v-if 根据渲染条件决定是否把元素渲染到DOM页面，而v-show不管渲染条件是什么，都会把元素渲染到DOM页面，只是简单的切换CSS的显</description>
    </item>
    
    <item>
      <title>计算属性 vs 方法 vs 侦听属性</title>
      <link>http://doc.lyr-2000.xyz/post/09.%E5%89%8D%E7%AB%AF/10.vue%E7%AC%94%E8%AE%B0/01.%E5%9F%BA%E7%A1%80/20.%E8%AE%A1%E7%AE%97%E5%B1%9E%E6%80%A7-vs-%E6%96%B9%E6%B3%95-vs-%E4%BE%A6%E5%90%AC%E5%B1%9E%E6%80%A7/</link>
      <pubDate>Tue, 04 Feb 2020 16:37:51 +0000</pubDate>
      
      <guid>http://doc.lyr-2000.xyz/post/09.%E5%89%8D%E7%AB%AF/10.vue%E7%AC%94%E8%AE%B0/01.%E5%9F%BA%E7%A1%80/20.%E8%AE%A1%E7%AE%97%E5%B1%9E%E6%80%A7-vs-%E6%96%B9%E6%B3%95-vs-%E4%BE%A6%E5%90%AC%E5%B1%9E%E6%80%A7/</guid>
      <description>计算属性 vs 方法 vs 侦听属性 API 如果一个功能同时可以使用计算属性(computed)、方法(methods)、侦听属性(watch)来实现的时候推</description>
    </item>
    
    <item>
      <title>生命周期</title>
      <link>http://doc.lyr-2000.xyz/post/09.%E5%89%8D%E7%AB%AF/10.vue%E7%AC%94%E8%AE%B0/01.%E5%9F%BA%E7%A1%80/10.%E7%94%9F%E5%91%BD%E5%91%A8%E6%9C%9F/</link>
      <pubDate>Tue, 04 Feb 2020 15:06:59 +0000</pubDate>
      
      <guid>http://doc.lyr-2000.xyz/post/09.%E5%89%8D%E7%AB%AF/10.vue%E7%AC%94%E8%AE%B0/01.%E5%9F%BA%E7%A1%80/10.%E7%94%9F%E5%91%BD%E5%91%A8%E6%9C%9F/</guid>
      <description>实例生命周期钩子 实例生命周期钩子API 简单理解，生命周期钩子函数就是vue实例在某一个时间点会自动执行的函数。 1 2 3 4 5 6 7 8 9 10 11 12 13 14 15</description>
    </item>
    
    <item>
      <title>MVVM模式</title>
      <link>http://doc.lyr-2000.xyz/post/09.%E5%89%8D%E7%AB%AF/10.vue%E7%AC%94%E8%AE%B0/01.%E5%9F%BA%E7%A1%80/00.mvvm%E6%A8%A1%E5%BC%8F/</link>
      <pubDate>Tue, 04 Feb 2020 12:19:00 +0000</pubDate>
      
      <guid>http://doc.lyr-2000.xyz/post/09.%E5%89%8D%E7%AB%AF/10.vue%E7%AC%94%E8%AE%B0/01.%E5%9F%BA%E7%A1%80/00.mvvm%E6%A8%A1%E5%BC%8F/</guid>
      <description>:::tip 说明：本章内容是博主的Vue学习笔记，以官方文档为准。 ::: MVVM模式 MVVM模式，M即 model，数据模型；V即 view，视图；VM即 vi</description>
    </item>
    
  </channel>
</rss>
