<?xml version="1.0" encoding="utf-8" standalone="yes"?>
<rss version="2.0" xmlns:atom="http://www.w3.org/2005/Atom">
  <channel>
    <title>一些技术 on Even - A super concise theme for Hugo</title>
    <link>http://doc.lyr-2000.xyz/categories/%E4%B8%80%E4%BA%9B%E6%8A%80%E6%9C%AF/</link>
    <description>Recent content in 一些技术 on Even - A super concise theme for Hugo</description>
    <generator>Hugo -- gohugo.io</generator>
    <language>en</language>
    <copyright>lyr</copyright>
    <lastBuildDate>Wed, 31 Mar 2021 20:48:33 +0000</lastBuildDate><atom:link href="http://doc.lyr-2000.xyz/categories/%E4%B8%80%E4%BA%9B%E6%8A%80%E6%9C%AF/index.xml" rel="self" type="application/rss+xml" />
    <item>
      <title>JWT</title>
      <link>http://doc.lyr-2000.xyz/post/08.%E5%85%B6%E4%BB%96/03.%E4%B8%80%E4%BA%9B%E6%8A%80%E6%9C%AF/1.jwt/</link>
      <pubDate>Wed, 31 Mar 2021 20:48:33 +0000</pubDate>
      
      <guid>http://doc.lyr-2000.xyz/post/08.%E5%85%B6%E4%BB%96/03.%E4%B8%80%E4%BA%9B%E6%8A%80%E6%9C%AF/1.jwt/</guid>
      <description>Json web token (JWT), 是为了在网络应用环境间传递声明而执行的一种基于JSON的开放标准（(RFC 7519).该token被设计为紧凑且安全的，特别适用于分</description>
    </item>
    
  </channel>
</rss>
