<?xml version="1.0" encoding="utf-8" standalone="yes"?>
<rss version="2.0" xmlns:atom="http://www.w3.org/2005/Atom">
  <channel>
    <title>程序语言 on Even - A super concise theme for Hugo</title>
    <link>http://doc.lyr-2000.xyz/post/01.%E7%A8%8B%E5%BA%8F%E8%AF%AD%E8%A8%80/</link>
    <description>Recent content in 程序语言 on Even - A super concise theme for Hugo</description>
    <generator>Hugo -- gohugo.io</generator>
    <language>en</language>
    <copyright>lyr</copyright>
    <lastBuildDate>Sat, 14 Aug 2021 22:43:02 +0800</lastBuildDate><atom:link href="http://doc.lyr-2000.xyz/post/01.%E7%A8%8B%E5%BA%8F%E8%AF%AD%E8%A8%80/index.xml" rel="self" type="application/rss+xml" />
    <item>
      <title>MVVM架构</title>
      <link>http://doc.lyr-2000.xyz/post/01.%E7%A8%8B%E5%BA%8F%E8%AF%AD%E8%A8%80/05.android%E7%9B%B8%E5%85%B3/01.mvvm%E6%9E%B6%E6%9E%84/</link>
      <pubDate>Tue, 20 Apr 2021 21:51:09 +0000</pubDate>
      
      <guid>http://doc.lyr-2000.xyz/post/01.%E7%A8%8B%E5%BA%8F%E8%AF%AD%E8%A8%80/05.android%E7%9B%B8%E5%85%B3/01.mvvm%E6%9E%B6%E6%9E%84/</guid>
      <description>说到这个结构，就不得不提一下安卓的几大结构吧主要包括 MVC、MVP、MVVM 这三大结构 MVC结构 Model ：实体模型、数据的获取、存储等等 View ：Act</description>
    </item>
    
    <item>
      <title>Java书籍学习笔记</title>
      <link>http://doc.lyr-2000.xyz/post/01.%E7%A8%8B%E5%BA%8F%E8%AF%AD%E8%A8%80/02.java/13.java%E4%B9%A6%E7%B1%8D%E5%AD%A6%E4%B9%A0%E7%AC%94%E8%AE%B0/</link>
      <pubDate>Mon, 19 Apr 2021 10:05:18 +0000</pubDate>
      
      <guid>http://doc.lyr-2000.xyz/post/01.%E7%A8%8B%E5%BA%8F%E8%AF%AD%E8%A8%80/02.java/13.java%E4%B9%A6%E7%B1%8D%E5%AD%A6%E4%B9%A0%E7%AC%94%E8%AE%B0/</guid>
      <description>Java核心技术 卷一 基本数据结构 java break可以带标签 大数值可以使用bigInteger和bigDecimal for each使用 1 2 3 for (int a:new int[]{1,2,3}){ System.out.println(a);</description>
    </item>
    
    <item>
      <title>前端</title>
      <link>http://doc.lyr-2000.xyz/post/01.%E7%A8%8B%E5%BA%8F%E8%AF%AD%E8%A8%80/04.javascript%E5%92%8Chtml/03.%E5%89%8D%E7%AB%AF/</link>
      <pubDate>Tue, 13 Apr 2021 20:31:38 +0000</pubDate>
      
      <guid>http://doc.lyr-2000.xyz/post/01.%E7%A8%8B%E5%BA%8F%E8%AF%AD%E8%A8%80/04.javascript%E5%92%8Chtml/03.%E5%89%8D%E7%AB%AF/</guid>
      <description>跨域问题怎么处理 通过jsonp跨域 document.domain + iframe跨域 location.hash + iframe window.name + iframe跨域 postMessage跨域 跨域资源共享（CORS） nginx</description>
    </item>
    
    <item>
      <title>HTML</title>
      <link>http://doc.lyr-2000.xyz/post/01.%E7%A8%8B%E5%BA%8F%E8%AF%AD%E8%A8%80/04.javascript%E5%92%8Chtml/02.html/</link>
      <pubDate>Tue, 13 Apr 2021 19:59:35 +0000</pubDate>
      
      <guid>http://doc.lyr-2000.xyz/post/01.%E7%A8%8B%E5%BA%8F%E8%AF%AD%E8%A8%80/04.javascript%E5%92%8Chtml/02.html/</guid>
      <description>优化相关 怎么优化界面，让用户体验更好 减少 HTTP 请求 使用 HTTP2 使用服务端渲染 客户端渲染: 获取 HTML 文件，根据需要下载 JavaScript 文件，运行文件，生成 DOM，再渲染。</description>
    </item>
    
    <item>
      <title>JavaScript</title>
      <link>http://doc.lyr-2000.xyz/post/01.%E7%A8%8B%E5%BA%8F%E8%AF%AD%E8%A8%80/04.javascript%E5%92%8Chtml/01.javascript/</link>
      <pubDate>Mon, 12 Apr 2021 22:18:18 +0000</pubDate>
      
      <guid>http://doc.lyr-2000.xyz/post/01.%E7%A8%8B%E5%BA%8F%E8%AF%AD%E8%A8%80/04.javascript%E5%92%8Chtml/01.javascript/</guid>
      <description>JavaScript事件机制 DOM事件流（event flow ）存在三个阶段：事件捕获阶段、处于目标阶段、事件冒泡阶段。 事件捕获（event capt</description>
    </item>
    
    <item>
      <title>面试常问问题</title>
      <link>http://doc.lyr-2000.xyz/post/01.%E7%A8%8B%E5%BA%8F%E8%AF%AD%E8%A8%80/03.cc&#43;&#43;%E8%AF%AD%E8%A8%80/02.%E9%9D%A2%E8%AF%95%E5%B8%B8%E9%97%AE%E9%97%AE%E9%A2%98/</link>
      <pubDate>Mon, 12 Apr 2021 22:07:02 +0000</pubDate>
      
      <guid>http://doc.lyr-2000.xyz/post/01.%E7%A8%8B%E5%BA%8F%E8%AF%AD%E8%A8%80/03.cc&#43;&#43;%E8%AF%AD%E8%A8%80/02.%E9%9D%A2%E8%AF%95%E5%B8%B8%E9%97%AE%E9%97%AE%E9%A2%98/</guid>
      <description>this指针是干嘛的 其作用就是指向成员函数所作用的对象， 所以非静态成员函数中可以直接使用 this 来代表指向该函数作用的对象的指针。 静态成员函数是不</description>
    </item>
    
    <item>
      <title>其他</title>
      <link>http://doc.lyr-2000.xyz/post/01.%E7%A8%8B%E5%BA%8F%E8%AF%AD%E8%A8%80/02.java/12.%E5%85%B6%E4%BB%96/</link>
      <pubDate>Tue, 30 Mar 2021 21:07:32 +0000</pubDate>
      
      <guid>http://doc.lyr-2000.xyz/post/01.%E7%A8%8B%E5%BA%8F%E8%AF%AD%E8%A8%80/02.java/12.%E5%85%B6%E4%BB%96/</guid>
      <description>引用类型有哪些？有什么区别？ 引用类型主要分为强软弱虚四种： 强引用指的就是代码中普遍存在的赋值方式，比如A a = new A()这种。强引用关联的对象，</description>
    </item>
    
    <item>
      <title>其他</title>
      <link>http://doc.lyr-2000.xyz/post/01.%E7%A8%8B%E5%BA%8F%E8%AF%AD%E8%A8%80/01.go/9.%E5%85%B6%E4%BB%96/</link>
      <pubDate>Sat, 27 Mar 2021 09:03:04 +0000</pubDate>
      
      <guid>http://doc.lyr-2000.xyz/post/01.%E7%A8%8B%E5%BA%8F%E8%AF%AD%E8%A8%80/01.go/9.%E5%85%B6%E4%BB%96/</guid>
      <description>Go的基本命令 1 2 3 4 5 6 7 8 9 10 11 12 13 14 15 16 17 18 19 20 21 22 23 // 用于打包编译代码 go build // 来移除当前源码包和关联源码包里面编译生成的文件 go clean // 格式</description>
    </item>
    
    <item>
      <title>面试问题</title>
      <link>http://doc.lyr-2000.xyz/post/01.%E7%A8%8B%E5%BA%8F%E8%AF%AD%E8%A8%80/01.go/10.%E9%9D%A2%E8%AF%95%E9%97%AE%E9%A2%98/</link>
      <pubDate>Sat, 27 Mar 2021 08:50:34 +0000</pubDate>
      
      <guid>http://doc.lyr-2000.xyz/post/01.%E7%A8%8B%E5%BA%8F%E8%AF%AD%E8%A8%80/01.go/10.%E9%9D%A2%E8%AF%95%E9%97%AE%E9%A2%98/</guid>
      <description>基础相关 map怎么实现顺序读取 把map中的key通过sort包排序 1 2 3 4 5 6 7 8 9 10 11 12 13 14 15 16 17 18 19 20 21 22 package main import ( &amp;#34;fmt&amp;#34; &amp;#34;sort&amp;#34; ) func main() { var m = map[string]int{ &amp;#34;hello&amp;#34;:</description>
    </item>
    
    <item>
      <title>面试题</title>
      <link>http://doc.lyr-2000.xyz/post/01.%E7%A8%8B%E5%BA%8F%E8%AF%AD%E8%A8%80/02.java/11.%E9%9D%A2%E8%AF%95%E9%A2%98/</link>
      <pubDate>Tue, 23 Mar 2021 19:37:14 +0000</pubDate>
      
      <guid>http://doc.lyr-2000.xyz/post/01.%E7%A8%8B%E5%BA%8F%E8%AF%AD%E8%A8%80/02.java/11.%E9%9D%A2%E8%AF%95%E9%A2%98/</guid>
      <description>同学的一次面试 内存溢出的两种问题及原因 java.lang.OutOfMemoryError 方法区主要存储类的元信息，实现在元数据区。当JVM发现元数据区没有足够的空间分配给加载的类时，抛出该</description>
    </item>
    
    <item>
      <title>指针问题</title>
      <link>http://doc.lyr-2000.xyz/post/01.%E7%A8%8B%E5%BA%8F%E8%AF%AD%E8%A8%80/03.cc&#43;&#43;%E8%AF%AD%E8%A8%80/01.%E6%8C%87%E9%92%88%E9%97%AE%E9%A2%98/</link>
      <pubDate>Mon, 22 Mar 2021 14:00:08 +0000</pubDate>
      
      <guid>http://doc.lyr-2000.xyz/post/01.%E7%A8%8B%E5%BA%8F%E8%AF%AD%E8%A8%80/03.cc&#43;&#43;%E8%AF%AD%E8%A8%80/01.%E6%8C%87%E9%92%88%E9%97%AE%E9%A2%98/</guid>
      <description>细说指针 让你不再害怕指针——C指针详解(经典,非常详细)_程序老兵的博客-CSDN博客_c指针详解经典非常详细 1 2 3 4 5 6 7 8 9 int p; //这是</description>
    </item>
    
    <item>
      <title>IO NIO框架</title>
      <link>http://doc.lyr-2000.xyz/post/01.%E7%A8%8B%E5%BA%8F%E8%AF%AD%E8%A8%80/02.java/5.io-nio%E6%A1%86%E6%9E%B6/</link>
      <pubDate>Sat, 20 Mar 2021 15:46:19 +0000</pubDate>
      
      <guid>http://doc.lyr-2000.xyz/post/01.%E7%A8%8B%E5%BA%8F%E8%AF%AD%E8%A8%80/02.java/5.io-nio%E6%A1%86%E6%9E%B6/</guid>
      <description>这里主要涉及到IO多路复用 基本概念介绍 BIO 同步并阻塞，服务器实现模式为一个连接一个线程，即客户端有连接请求时服务器端就需要启动一个线程进行处理</description>
    </item>
    
    <item>
      <title>java8特性</title>
      <link>http://doc.lyr-2000.xyz/post/01.%E7%A8%8B%E5%BA%8F%E8%AF%AD%E8%A8%80/02.java/10.java8%E7%89%B9%E6%80%A7/</link>
      <pubDate>Sat, 20 Mar 2021 15:46:19 +0000</pubDate>
      
      <guid>http://doc.lyr-2000.xyz/post/01.%E7%A8%8B%E5%BA%8F%E8%AF%AD%E8%A8%80/02.java/10.java8%E7%89%B9%E6%80%A7/</guid>
      <description>java语言的特性 Lambda表达式和函数式接口 最简单的lambda表达式如下 1 Arrays.asList( &amp;#34;a&amp;#34;, &amp;#34;b&amp;#34;, &amp;#34;d&amp;#34; ).forEach( e -&amp;gt; System.out.println( e ) ); 当然，为了显式说明某个接口是函数式接口</description>
    </item>
    
    <item>
      <title>java基础</title>
      <link>http://doc.lyr-2000.xyz/post/01.%E7%A8%8B%E5%BA%8F%E8%AF%AD%E8%A8%80/02.java/1.java%E5%9F%BA%E7%A1%80/</link>
      <pubDate>Sat, 20 Mar 2021 15:46:19 +0000</pubDate>
      
      <guid>http://doc.lyr-2000.xyz/post/01.%E7%A8%8B%E5%BA%8F%E8%AF%AD%E8%A8%80/02.java/1.java%E5%9F%BA%E7%A1%80/</guid>
      <description>return和finally的执行顺序 finally语句在return语句执行之后return返回之前执行的，所以我们先执行return的语</description>
    </item>
    
    <item>
      <title>JVM模型</title>
      <link>http://doc.lyr-2000.xyz/post/01.%E7%A8%8B%E5%BA%8F%E8%AF%AD%E8%A8%80/02.java/6.jvm%E6%A8%A1%E5%9E%8B/</link>
      <pubDate>Sat, 20 Mar 2021 15:46:19 +0000</pubDate>
      
      <guid>http://doc.lyr-2000.xyz/post/01.%E7%A8%8B%E5%BA%8F%E8%AF%AD%E8%A8%80/02.java/6.jvm%E6%A8%A1%E5%9E%8B/</guid>
      <description>JVM内存模型 这里主要还是会问一些Java的内存模型，1.8之前和之后的内存模型是不一样的 简单说一下每个部分是干嘛的吧 程序计数器 用于记录程序</description>
    </item>
    
    <item>
      <title>元编程</title>
      <link>http://doc.lyr-2000.xyz/post/01.%E7%A8%8B%E5%BA%8F%E8%AF%AD%E8%A8%80/01.go/7.%E5%85%83%E7%BC%96%E7%A8%8B/</link>
      <pubDate>Sat, 20 Mar 2021 15:46:19 +0000</pubDate>
      
      <guid>http://doc.lyr-2000.xyz/post/01.%E7%A8%8B%E5%BA%8F%E8%AF%AD%E8%A8%80/01.go/7.%E5%85%83%E7%BC%96%E7%A8%8B/</guid>
      <description>这里主要包括插件系统以及代码生成这两个部分，鉴于面试应该不会问这个问题，所以我就不写了</description>
    </item>
    
    <item>
      <title>内存管理</title>
      <link>http://doc.lyr-2000.xyz/post/01.%E7%A8%8B%E5%BA%8F%E8%AF%AD%E8%A8%80/01.go/6.%E5%86%85%E5%AD%98%E7%AE%A1%E7%90%86/</link>
      <pubDate>Sat, 20 Mar 2021 15:46:19 +0000</pubDate>
      
      <guid>http://doc.lyr-2000.xyz/post/01.%E7%A8%8B%E5%BA%8F%E8%AF%AD%E8%A8%80/01.go/6.%E5%86%85%E5%AD%98%E7%AE%A1%E7%90%86/</guid>
      <description>内存分配 程序中的数据和变量都会被分配到程序所在的虚拟内存中，内存空间包含两个重要区域：栈区（Stack）和堆区（Heap）。函数调用的参数、</description>
    </item>
    
    <item>
      <title>参数调优</title>
      <link>http://doc.lyr-2000.xyz/post/01.%E7%A8%8B%E5%BA%8F%E8%AF%AD%E8%A8%80/02.java/9.%E5%8F%82%E6%95%B0%E8%B0%83%E4%BC%98/</link>
      <pubDate>Sat, 20 Mar 2021 15:46:19 +0000</pubDate>
      
      <guid>http://doc.lyr-2000.xyz/post/01.%E7%A8%8B%E5%BA%8F%E8%AF%AD%E8%A8%80/02.java/9.%E5%8F%82%E6%95%B0%E8%B0%83%E4%BC%98/</guid>
      <description></description>
    </item>
    
    <item>
      <title>垃圾回收</title>
      <link>http://doc.lyr-2000.xyz/post/01.%E7%A8%8B%E5%BA%8F%E8%AF%AD%E8%A8%80/02.java/8.%E5%9E%83%E5%9C%BE%E5%9B%9E%E6%94%B6/</link>
      <pubDate>Sat, 20 Mar 2021 15:46:19 +0000</pubDate>
      
      <guid>http://doc.lyr-2000.xyz/post/01.%E7%A8%8B%E5%BA%8F%E8%AF%AD%E8%A8%80/02.java/8.%E5%9E%83%E5%9C%BE%E5%9B%9E%E6%94%B6/</guid>
      <description>判断对象是否是垃圾 引用计数算法：判断对象的引用数量 每引用一次就+1，当一个对象实例的某个引用超过了生命周期或者被设置为一个新值时，对象实例的</description>
    </item>
    
    <item>
      <title>常用关键字</title>
      <link>http://doc.lyr-2000.xyz/post/01.%E7%A8%8B%E5%BA%8F%E8%AF%AD%E8%A8%80/01.go/4.%E5%B8%B8%E7%94%A8%E5%85%B3%E9%94%AE%E5%AD%97/</link>
      <pubDate>Sat, 20 Mar 2021 15:46:19 +0000</pubDate>
      
      <guid>http://doc.lyr-2000.xyz/post/01.%E7%A8%8B%E5%BA%8F%E8%AF%AD%E8%A8%80/01.go/4.%E5%B8%B8%E7%94%A8%E5%85%B3%E9%94%AE%E5%AD%97/</guid>
      <description>for和range for循环的三种用法 for range用于遍历切片，数组或者map 几个用法 使用 for range a {} 遍历数组和切片，不关心索引和数据的情况； 使</description>
    </item>
    
    <item>
      <title>并发框架(JUC)</title>
      <link>http://doc.lyr-2000.xyz/post/01.%E7%A8%8B%E5%BA%8F%E8%AF%AD%E8%A8%80/02.java/4.%E5%B9%B6%E5%8F%91%E6%A1%86%E6%9E%B6juc/</link>
      <pubDate>Sat, 20 Mar 2021 15:46:19 +0000</pubDate>
      
      <guid>http://doc.lyr-2000.xyz/post/01.%E7%A8%8B%E5%BA%8F%E8%AF%AD%E8%A8%80/02.java/4.%E5%B9%B6%E5%8F%91%E6%A1%86%E6%9E%B6juc/</guid>
      <description>并发框架，其实也叫 JUC 即 java.util.concurrent 包，分为（锁框架、原子类框架、同步器框架、集合框架、执行器框架） 线程创建方式 继承Thread类重写run方法 1 2 3 4</description>
    </item>
    
    <item>
      <title>并发编程</title>
      <link>http://doc.lyr-2000.xyz/post/01.%E7%A8%8B%E5%BA%8F%E8%AF%AD%E8%A8%80/01.go/5.%E5%B9%B6%E5%8F%91%E7%BC%96%E7%A8%8B/</link>
      <pubDate>Sat, 20 Mar 2021 15:46:19 +0000</pubDate>
      
      <guid>http://doc.lyr-2000.xyz/post/01.%E7%A8%8B%E5%BA%8F%E8%AF%AD%E8%A8%80/01.go/5.%E5%B9%B6%E5%8F%91%E7%BC%96%E7%A8%8B/</guid>
      <description>上下文context 这东西是用于控制并发的。下面是一个简单的例子 1 2 3 4 5 6 7 8 9 10 11 12 13 14 15 16 17 18 19 20 21 22 23 24 25 26 27 28 29 30 31 32 33 34 35 36 37 38</description>
    </item>
    
    <item>
      <title>数据结构</title>
      <link>http://doc.lyr-2000.xyz/post/01.%E7%A8%8B%E5%BA%8F%E8%AF%AD%E8%A8%80/01.go/2.%E6%95%B0%E6%8D%AE%E7%BB%93%E6%9E%84/</link>
      <pubDate>Sat, 20 Mar 2021 15:46:19 +0000</pubDate>
      
      <guid>http://doc.lyr-2000.xyz/post/01.%E7%A8%8B%E5%BA%8F%E8%AF%AD%E8%A8%80/01.go/2.%E6%95%B0%E6%8D%AE%E7%BB%93%E6%9E%84/</guid>
      <description>数据类型 数据类型占用的字节数 整数 int 64位操作系统默认为int64,32位操作系统为int32,但是类型检查时时int int8 (byte 1字节) int16 (short 2字节)</description>
    </item>
    
    <item>
      <title>标准库</title>
      <link>http://doc.lyr-2000.xyz/post/01.%E7%A8%8B%E5%BA%8F%E8%AF%AD%E8%A8%80/01.go/8.%E6%A0%87%E5%87%86%E5%BA%93/</link>
      <pubDate>Sat, 20 Mar 2021 15:46:19 +0000</pubDate>
      
      <guid>http://doc.lyr-2000.xyz/post/01.%E7%A8%8B%E5%BA%8F%E8%AF%AD%E8%A8%80/01.go/8.%E6%A0%87%E5%87%86%E5%BA%93/</guid>
      <description>JSON 序列化和反序列化 go的序列化大部分指的是把结构体转换为json数据，在序列化的时候要注意变量名必须要大写，小写字母开头的变量是不会被序列化</description>
    </item>
    
    <item>
      <title>类加载机制</title>
      <link>http://doc.lyr-2000.xyz/post/01.%E7%A8%8B%E5%BA%8F%E8%AF%AD%E8%A8%80/02.java/7.%E7%B1%BB%E5%8A%A0%E8%BD%BD%E6%9C%BA%E5%88%B6/</link>
      <pubDate>Sat, 20 Mar 2021 15:46:19 +0000</pubDate>
      
      <guid>http://doc.lyr-2000.xyz/post/01.%E7%A8%8B%E5%BA%8F%E8%AF%AD%E8%A8%80/02.java/7.%E7%B1%BB%E5%8A%A0%E8%BD%BD%E6%9C%BA%E5%88%B6/</guid>
      <description>类加载流程 只需要记住下面这5个阶段就行了 参考：JVM 基础 - Java 类加载机制 | Java 全栈知识体系 (pdai.tech) 下面简单介绍一下每个部分做了啥 加载 首先获取二进制流，</description>
    </item>
    
    <item>
      <title>编译原理</title>
      <link>http://doc.lyr-2000.xyz/post/01.%E7%A8%8B%E5%BA%8F%E8%AF%AD%E8%A8%80/01.go/1.%E7%BC%96%E8%AF%91%E5%8E%9F%E7%90%86/</link>
      <pubDate>Sat, 20 Mar 2021 15:46:19 +0000</pubDate>
      
      <guid>http://doc.lyr-2000.xyz/post/01.%E7%A8%8B%E5%BA%8F%E8%AF%AD%E8%A8%80/01.go/1.%E7%BC%96%E8%AF%91%E5%8E%9F%E7%90%86/</guid>
      <description>基本概念 抽象语法树 是源代码语法的结构的一种抽象表示，它用树状的方式表示编程语言的语法结构1。抽象语法树中的每一个节点都表示源代码中的一个元素</description>
    </item>
    
    <item>
      <title>语言基础</title>
      <link>http://doc.lyr-2000.xyz/post/01.%E7%A8%8B%E5%BA%8F%E8%AF%AD%E8%A8%80/01.go/3.%E8%AF%AD%E8%A8%80%E5%9F%BA%E7%A1%80/</link>
      <pubDate>Sat, 20 Mar 2021 15:46:19 +0000</pubDate>
      
      <guid>http://doc.lyr-2000.xyz/post/01.%E7%A8%8B%E5%BA%8F%E8%AF%AD%E8%A8%80/01.go/3.%E8%AF%AD%E8%A8%80%E5%9F%BA%E7%A1%80/</guid>
      <description>函数调用 这里面涉及的东西其实挺深的，所以等我后面又时间再去研究 Go 中函数传参仅有值传递一种方式； slice、map、channel都是引用类型</description>
    </item>
    
    <item>
      <title>集合框架</title>
      <link>http://doc.lyr-2000.xyz/post/01.%E7%A8%8B%E5%BA%8F%E8%AF%AD%E8%A8%80/02.java/3.%E9%9B%86%E5%90%88%E6%A1%86%E6%9E%B6/</link>
      <pubDate>Sat, 20 Mar 2021 15:46:19 +0000</pubDate>
      
      <guid>http://doc.lyr-2000.xyz/post/01.%E7%A8%8B%E5%BA%8F%E8%AF%AD%E8%A8%80/02.java/3.%E9%9B%86%E5%90%88%E6%A1%86%E6%9E%B6/</guid>
      <description>集合框架也可以叫容器。（集合是用于存储数据的容器） 常问的有下面几个 ArrayList LinkList HashSet TreeSet HashMap List(对付顺序的好帮手)： 存储的元素是有序的、可重复的。 Se</description>
    </item>
    
    <item>
      <title>面向对象</title>
      <link>http://doc.lyr-2000.xyz/post/01.%E7%A8%8B%E5%BA%8F%E8%AF%AD%E8%A8%80/02.java/2.%E9%9D%A2%E5%90%91%E5%AF%B9%E8%B1%A1/</link>
      <pubDate>Sat, 20 Mar 2021 15:46:19 +0000</pubDate>
      
      <guid>http://doc.lyr-2000.xyz/post/01.%E7%A8%8B%E5%BA%8F%E8%AF%AD%E8%A8%80/02.java/2.%E9%9D%A2%E5%90%91%E5%AF%B9%E8%B1%A1/</guid>
      <description>这个部分主要以面试题为主 京东面试题 是equals而不是equal，单词错了 类和对象 面向对象和面向过程的区别 面向过程 ：面向过程性能比面向对象高</description>
    </item>
    
  </channel>
</rss>
