<?xml version="1.0" encoding="utf-8" standalone="yes"?>
<rss version="2.0" xmlns:atom="http://www.w3.org/2005/Atom">
  <channel>
    <title>MySQL on Even - A super concise theme for Hugo</title>
    <link>http://doc.lyr-2000.xyz/categories/mysql/</link>
    <description>Recent content in MySQL on Even - A super concise theme for Hugo</description>
    <generator>Hugo -- gohugo.io</generator>
    <language>en</language>
    <copyright>lyr</copyright>
    <lastBuildDate>Mon, 29 Mar 2021 08:33:41 +0000</lastBuildDate><atom:link href="http://doc.lyr-2000.xyz/categories/mysql/index.xml" rel="self" type="application/rss+xml" />
    <item>
      <title>MySQL底层</title>
      <link>http://doc.lyr-2000.xyz/post/02.%E6%95%B0%E6%8D%AE%E5%BA%93/01.mysql/9.mysql%E5%BA%95%E5%B1%82/</link>
      <pubDate>Mon, 29 Mar 2021 08:33:41 +0000</pubDate>
      
      <guid>http://doc.lyr-2000.xyz/post/02.%E6%95%B0%E6%8D%AE%E5%BA%93/01.mysql/9.mysql%E5%BA%95%E5%B1%82/</guid>
      <description>下图是MySQL底层的一个简单的概括图 日志部分 主要就是这部分了，下面简单介绍一下mysql的三种日志 三种日志 bin log 主要记录所有数据库表结构变更</description>
    </item>
    
    <item>
      <title>高频面试题</title>
      <link>http://doc.lyr-2000.xyz/post/02.%E6%95%B0%E6%8D%AE%E5%BA%93/01.mysql/8.%E9%AB%98%E9%A2%91%E9%9D%A2%E8%AF%95%E9%A2%98/</link>
      <pubDate>Mon, 22 Mar 2021 16:12:20 +0000</pubDate>
      
      <guid>http://doc.lyr-2000.xyz/post/02.%E6%95%B0%E6%8D%AE%E5%BA%93/01.mysql/8.%E9%AB%98%E9%A2%91%E9%9D%A2%E8%AF%95%E9%A2%98/</guid>
      <description>不知道从哪里抄的 如何查看表格定义的所有索引 SHOW INDEX FROM &amp;lt;tablename&amp;gt;; LIKE 声明中的％和 _ 是什么意思？ ％对应于 0 个或更多字符，_只是 LIKE 语句中的一个字符。 如何在 Unix 和 MySQL</description>
    </item>
    
    <item>
      <title>分布式和备份</title>
      <link>http://doc.lyr-2000.xyz/post/02.%E6%95%B0%E6%8D%AE%E5%BA%93/01.mysql/7.%E5%88%86%E5%B8%83%E5%BC%8F%E5%92%8C%E5%A4%87%E4%BB%BD/</link>
      <pubDate>Sun, 21 Mar 2021 19:43:11 +0000</pubDate>
      
      <guid>http://doc.lyr-2000.xyz/post/02.%E6%95%B0%E6%8D%AE%E5%BA%93/01.mysql/7.%E5%88%86%E5%B8%83%E5%BC%8F%E5%92%8C%E5%A4%87%E4%BB%BD/</guid>
      <description>主从复制 将主数据库中的DDL和DML操作通过二进制日志（BINLOG）传输到从数据库上，然后将这些日志重新执行（重做）；从而使得从数据库的数</description>
    </item>
    
    <item>
      <title>SQL语句及优化</title>
      <link>http://doc.lyr-2000.xyz/post/02.%E6%95%B0%E6%8D%AE%E5%BA%93/01.mysql/6.sql%E8%AF%AD%E5%8F%A5%E5%8F%8A%E4%BC%98%E5%8C%96/</link>
      <pubDate>Sat, 20 Mar 2021 15:49:48 +0000</pubDate>
      
      <guid>http://doc.lyr-2000.xyz/post/02.%E6%95%B0%E6%8D%AE%E5%BA%93/01.mysql/6.sql%E8%AF%AD%E5%8F%A5%E5%8F%8A%E4%BC%98%E5%8C%96/</guid>
      <description>SQL语句分为哪几类 数据定义语言DDL（Data Ddefinition Language）CREATE，DROP，ALTER 主要为以上操作 即对逻辑结构等有操作的，</description>
    </item>
    
    <item>
      <title>事务和锁</title>
      <link>http://doc.lyr-2000.xyz/post/02.%E6%95%B0%E6%8D%AE%E5%BA%93/01.mysql/4.%E4%BA%8B%E5%8A%A1%E5%92%8C%E9%94%81/</link>
      <pubDate>Sat, 20 Mar 2021 15:49:48 +0000</pubDate>
      
      <guid>http://doc.lyr-2000.xyz/post/02.%E6%95%B0%E6%8D%AE%E5%BA%93/01.mysql/4.%E4%BA%8B%E5%8A%A1%E5%92%8C%E9%94%81/</guid>
      <description>概念 事务是一个不可分割的数据库操作序列，也是数据库并发控制的基本单位，其执行的结果必须使数据库从一种一致性状态变到另一种一致性状态。事务是逻</description>
    </item>
    
    <item>
      <title>引擎</title>
      <link>http://doc.lyr-2000.xyz/post/02.%E6%95%B0%E6%8D%AE%E5%BA%93/01.mysql/2.%E5%BC%95%E6%93%8E/</link>
      <pubDate>Sat, 20 Mar 2021 15:49:48 +0000</pubDate>
      
      <guid>http://doc.lyr-2000.xyz/post/02.%E6%95%B0%E6%8D%AE%E5%BA%93/01.mysql/2.%E5%BC%95%E6%93%8E/</guid>
      <description>常考的主要分为InnoDB，MyISAM 主要区别 InnoDB引擎的4大特性 插入缓冲（insert buffer) 二次写(double write) 自适应哈希索引(ah</description>
    </item>
    
    <item>
      <title>数据库基础</title>
      <link>http://doc.lyr-2000.xyz/post/02.%E6%95%B0%E6%8D%AE%E5%BA%93/01.mysql/1.%E6%95%B0%E6%8D%AE%E5%BA%93%E5%9F%BA%E7%A1%80/</link>
      <pubDate>Sat, 20 Mar 2021 15:49:48 +0000</pubDate>
      
      <guid>http://doc.lyr-2000.xyz/post/02.%E6%95%B0%E6%8D%AE%E5%BA%93/01.mysql/1.%E6%95%B0%E6%8D%AE%E5%BA%93%E5%9F%BA%E7%A1%80/</guid>
      <description>数据库三大范式 第一范式（属性不可再分） 如果数据库表中的所有字段值都是不可分解的原子值，就说明该数据库表满足了第一范式。 第二范式（每个非主属性</description>
    </item>
    
    <item>
      <title>索引</title>
      <link>http://doc.lyr-2000.xyz/post/02.%E6%95%B0%E6%8D%AE%E5%BA%93/01.mysql/3.%E7%B4%A2%E5%BC%95/</link>
      <pubDate>Sat, 20 Mar 2021 15:49:48 +0000</pubDate>
      
      <guid>http://doc.lyr-2000.xyz/post/02.%E6%95%B0%E6%8D%AE%E5%BA%93/01.mysql/3.%E7%B4%A2%E5%BC%95/</guid>
      <description>概念 索引是一种特殊的文件(InnoDB数据表上的索引是表空间的一个组成部分)，它们包含着对数据表里所有记录的引用指针。 索引是一种数据结构。数</description>
    </item>
    
    <item>
      <title>视图，存储过程，函数，触发器</title>
      <link>http://doc.lyr-2000.xyz/post/02.%E6%95%B0%E6%8D%AE%E5%BA%93/01.mysql/5.%E8%A7%86%E5%9B%BE%E5%AD%98%E5%82%A8%E8%BF%87%E7%A8%8B%E5%87%BD%E6%95%B0%E8%A7%A6%E5%8F%91%E5%99%A8/</link>
      <pubDate>Sat, 20 Mar 2021 15:49:48 +0000</pubDate>
      
      <guid>http://doc.lyr-2000.xyz/post/02.%E6%95%B0%E6%8D%AE%E5%BA%93/01.mysql/5.%E8%A7%86%E5%9B%BE%E5%AD%98%E5%82%A8%E8%BF%87%E7%A8%8B%E5%87%BD%E6%95%B0%E8%A7%A6%E5%8F%91%E5%99%A8/</guid>
      <description>什么是视图 所谓视图，本质上是一种虚拟表，在物理上是不存在的，其内容与真实的表相似，包含一系列带有名称的列和行数据。但是，视图并不在数据库中以</description>
    </item>
    
  </channel>
</rss>
