<?xml version="1.0" encoding="utf-8" standalone="yes"?>
<rss version="2.0" xmlns:atom="http://www.w3.org/2005/Atom">
  <channel>
    <title>《Git》学习笔记 on Even - A super concise theme for Hugo</title>
    <link>http://doc.lyr-2000.xyz/categories/git%E5%AD%A6%E4%B9%A0%E7%AC%94%E8%AE%B0/</link>
    <description>Recent content in 《Git》学习笔记 on Even - A super concise theme for Hugo</description>
    <generator>Hugo -- gohugo.io</generator>
    <language>en</language>
    <copyright>lyr</copyright>
    <lastBuildDate>Wed, 18 Nov 2020 17:46:22 +0000</lastBuildDate><atom:link href="http://doc.lyr-2000.xyz/categories/git%E5%AD%A6%E4%B9%A0%E7%AC%94%E8%AE%B0/index.xml" rel="self" type="application/rss+xml" />
    <item>
      <title>Git命令思维导图</title>
      <link>http://doc.lyr-2000.xyz/post/09.%E5%89%8D%E7%AB%AF/08.git%E5%AD%A6%E4%B9%A0%E7%AC%94%E8%AE%B0/10.%E6%89%8B%E5%86%8C/06.git%E5%91%BD%E4%BB%A4%E6%80%9D%E7%BB%B4%E5%AF%BC%E5%9B%BE/</link>
      <pubDate>Wed, 18 Nov 2020 17:46:22 +0000</pubDate>
      
      <guid>http://doc.lyr-2000.xyz/post/09.%E5%89%8D%E7%AB%AF/08.git%E5%AD%A6%E4%B9%A0%E7%AC%94%E8%AE%B0/10.%E6%89%8B%E5%86%8C/06.git%E5%91%BD%E4%BB%A4%E6%80%9D%E7%BB%B4%E5%AF%BC%E5%9B%BE/</guid>
      <description></description>
    </item>
    
    <item>
      <title>Git分支-分支原理</title>
      <link>http://doc.lyr-2000.xyz/post/09.%E5%89%8D%E7%AB%AF/08.git%E5%AD%A6%E4%B9%A0%E7%AC%94%E8%AE%B0/20.%E6%96%87%E6%A1%A3%E7%AC%94%E8%AE%B0/20.git%E5%88%86%E6%94%AF-%E5%88%86%E6%94%AF%E5%8E%9F%E7%90%86/</link>
      <pubDate>Wed, 18 Nov 2020 17:43:57 +0000</pubDate>
      
      <guid>http://doc.lyr-2000.xyz/post/09.%E5%89%8D%E7%AB%AF/08.git%E5%AD%A6%E4%B9%A0%E7%AC%94%E8%AE%B0/20.%E6%96%87%E6%A1%A3%E7%AC%94%E8%AE%B0/20.git%E5%88%86%E6%94%AF-%E5%88%86%E6%94%AF%E5%8E%9F%E7%90%86/</guid>
      <description>Git分支-分支原理 Git 处理分支的方式可谓是难以置信的轻量，创建新分支这一操作几乎能在瞬间完成，并且在不同分支之间的切换操作也是一样便捷。 与许</description>
    </item>
    
    <item>
      <title>Git分支-变基</title>
      <link>http://doc.lyr-2000.xyz/post/09.%E5%89%8D%E7%AB%AF/08.git%E5%AD%A6%E4%B9%A0%E7%AC%94%E8%AE%B0/20.%E6%96%87%E6%A1%A3%E7%AC%94%E8%AE%B0/70.git%E5%88%86%E6%94%AF-%E5%8F%98%E5%9F%BA/</link>
      <pubDate>Wed, 18 Nov 2020 17:43:57 +0000</pubDate>
      
      <guid>http://doc.lyr-2000.xyz/post/09.%E5%89%8D%E7%AB%AF/08.git%E5%AD%A6%E4%B9%A0%E7%AC%94%E8%AE%B0/20.%E6%96%87%E6%A1%A3%E7%AC%94%E8%AE%B0/70.git%E5%88%86%E6%94%AF-%E5%8F%98%E5%9F%BA/</guid>
      <description>Git分支-变基 在 Git 中整合来自不同分支的修改主要有两种方法：merge 以及 rebase。 在本节中我们将学习什么是“变基”，怎样使用“变基”，</description>
    </item>
    
    <item>
      <title>Git分支-远程分支</title>
      <link>http://doc.lyr-2000.xyz/post/09.%E5%89%8D%E7%AB%AF/08.git%E5%AD%A6%E4%B9%A0%E7%AC%94%E8%AE%B0/20.%E6%96%87%E6%A1%A3%E7%AC%94%E8%AE%B0/60.git%E5%88%86%E6%94%AF-%E8%BF%9C%E7%A8%8B%E5%88%86%E6%94%AF/</link>
      <pubDate>Wed, 18 Nov 2020 17:43:57 +0000</pubDate>
      
      <guid>http://doc.lyr-2000.xyz/post/09.%E5%89%8D%E7%AB%AF/08.git%E5%AD%A6%E4%B9%A0%E7%AC%94%E8%AE%B0/20.%E6%96%87%E6%A1%A3%E7%AC%94%E8%AE%B0/60.git%E5%88%86%E6%94%AF-%E8%BF%9C%E7%A8%8B%E5%88%86%E6%94%AF/</guid>
      <description>Git分支-远程分支 远程引用是对远程仓库的引用（指针），包括分支、标签等等。 远程分支本质上也是一个指针，指向远程地址 查看远程引用列表与信息 1</description>
    </item>
    
    <item>
      <title>Git分支开发工作流</title>
      <link>http://doc.lyr-2000.xyz/post/09.%E5%89%8D%E7%AB%AF/08.git%E5%AD%A6%E4%B9%A0%E7%AC%94%E8%AE%B0/20.%E6%96%87%E6%A1%A3%E7%AC%94%E8%AE%B0/50.git%E5%88%86%E6%94%AF%E5%BC%80%E5%8F%91%E5%B7%A5%E4%BD%9C%E6%B5%81/</link>
      <pubDate>Wed, 18 Nov 2020 17:43:57 +0000</pubDate>
      
      <guid>http://doc.lyr-2000.xyz/post/09.%E5%89%8D%E7%AB%AF/08.git%E5%AD%A6%E4%B9%A0%E7%AC%94%E8%AE%B0/20.%E6%96%87%E6%A1%A3%E7%AC%94%E8%AE%B0/50.git%E5%88%86%E6%94%AF%E5%BC%80%E5%8F%91%E5%B7%A5%E4%BD%9C%E6%B5%81/</guid>
      <description>Git分支开发工作流 文档：Git分支开发工作流 长期分支 因为 Git 使用简单的三方合并，所以就算在一段较长的时间内，反复把一个分支合并入另一个分支，</description>
    </item>
    
    <item>
      <title>Git分支的新建与合并-分支操作</title>
      <link>http://doc.lyr-2000.xyz/post/09.%E5%89%8D%E7%AB%AF/08.git%E5%AD%A6%E4%B9%A0%E7%AC%94%E8%AE%B0/20.%E6%96%87%E6%A1%A3%E7%AC%94%E8%AE%B0/30.git%E5%88%86%E6%94%AF%E7%9A%84%E6%96%B0%E5%BB%BA%E4%B8%8E%E5%90%88%E5%B9%B6-%E5%88%86%E6%94%AF%E6%93%8D%E4%BD%9C/</link>
      <pubDate>Wed, 18 Nov 2020 17:43:57 +0000</pubDate>
      
      <guid>http://doc.lyr-2000.xyz/post/09.%E5%89%8D%E7%AB%AF/08.git%E5%AD%A6%E4%B9%A0%E7%AC%94%E8%AE%B0/20.%E6%96%87%E6%A1%A3%E7%AC%94%E8%AE%B0/30.git%E5%88%86%E6%94%AF%E7%9A%84%E6%96%B0%E5%BB%BA%E4%B8%8E%E5%90%88%E5%B9%B6-%E5%88%86%E6%94%AF%E6%93%8D%E4%BD%9C/</guid>
      <description>Git分支的新建与合并-分支操作 文档：Git 分支 - 分支的新建与合并 创建分支并切换 此时有一个需求需要在新的分支iss53上工作： 1 $ git checkout -b iss53 #</description>
    </item>
    
    <item>
      <title>Git分支管理-查看分支</title>
      <link>http://doc.lyr-2000.xyz/post/09.%E5%89%8D%E7%AB%AF/08.git%E5%AD%A6%E4%B9%A0%E7%AC%94%E8%AE%B0/20.%E6%96%87%E6%A1%A3%E7%AC%94%E8%AE%B0/40.git%E5%88%86%E6%94%AF%E7%AE%A1%E7%90%86-%E6%9F%A5%E7%9C%8B%E5%88%86%E6%94%AF/</link>
      <pubDate>Wed, 18 Nov 2020 17:43:57 +0000</pubDate>
      
      <guid>http://doc.lyr-2000.xyz/post/09.%E5%89%8D%E7%AB%AF/08.git%E5%AD%A6%E4%B9%A0%E7%AC%94%E8%AE%B0/20.%E6%96%87%E6%A1%A3%E7%AC%94%E8%AE%B0/40.git%E5%88%86%E6%94%AF%E7%AE%A1%E7%90%86-%E6%9F%A5%E7%9C%8B%E5%88%86%E6%94%AF/</guid>
      <description>Git分支管理-查看分支 查看分支 1 2 3 4 $ git branch iss53 * master # 带星号*表示当前所在分支 testing git branch 命令不只是可以创建与删除分支。 如果不加任何参数运行它，会</description>
    </item>
    
    <item>
      <title>Git变基合并</title>
      <link>http://doc.lyr-2000.xyz/post/09.%E5%89%8D%E7%AB%AF/08.git%E5%AD%A6%E4%B9%A0%E7%AC%94%E8%AE%B0/10.%E6%89%8B%E5%86%8C/03.git%E5%8F%98%E5%9F%BA%E5%90%88%E5%B9%B6/</link>
      <pubDate>Wed, 18 Nov 2020 17:43:57 +0000</pubDate>
      
      <guid>http://doc.lyr-2000.xyz/post/09.%E5%89%8D%E7%AB%AF/08.git%E5%AD%A6%E4%B9%A0%E7%AC%94%E8%AE%B0/10.%E6%89%8B%E5%86%8C/03.git%E5%8F%98%E5%9F%BA%E5%90%88%E5%B9%B6/</guid>
      <description>rebase分支合并 说明 以下 v2 是某个需求的开发分支， dev是总的开发分支，v2 是基于dev分支签出的。 当完成v2的开发后，需要把代码合并到d</description>
    </item>
    
    <item>
      <title>Git基础与命令</title>
      <link>http://doc.lyr-2000.xyz/post/09.%E5%89%8D%E7%AB%AF/08.git%E5%AD%A6%E4%B9%A0%E7%AC%94%E8%AE%B0/20.%E6%96%87%E6%A1%A3%E7%AC%94%E8%AE%B0/10.git%E5%9F%BA%E7%A1%80%E4%B8%8E%E5%91%BD%E4%BB%A4/</link>
      <pubDate>Wed, 18 Nov 2020 17:43:57 +0000</pubDate>
      
      <guid>http://doc.lyr-2000.xyz/post/09.%E5%89%8D%E7%AB%AF/08.git%E5%AD%A6%E4%B9%A0%E7%AC%94%E8%AE%B0/20.%E6%96%87%E6%A1%A3%E7%AC%94%E8%AE%B0/10.git%E5%9F%BA%E7%A1%80%E4%B8%8E%E5%91%BD%E4%BB%A4/</guid>
      <description>Git基础与命令 官方文档（中文）：https://git-scm.com/book/zh/v2 本文档是根据官方文档来编写的，以官方文档为准。</description>
    </item>
    
    <item>
      <title>Git工具-交互式暂存</title>
      <link>http://doc.lyr-2000.xyz/post/09.%E5%89%8D%E7%AB%AF/08.git%E5%AD%A6%E4%B9%A0%E7%AC%94%E8%AE%B0/20.%E6%96%87%E6%A1%A3%E7%AC%94%E8%AE%B0/90.git%E5%B7%A5%E5%85%B7-%E4%BA%A4%E4%BA%92%E5%BC%8F%E6%9A%82%E5%AD%98/</link>
      <pubDate>Wed, 18 Nov 2020 17:43:57 +0000</pubDate>
      
      <guid>http://doc.lyr-2000.xyz/post/09.%E5%89%8D%E7%AB%AF/08.git%E5%AD%A6%E4%B9%A0%E7%AC%94%E8%AE%B0/20.%E6%96%87%E6%A1%A3%E7%AC%94%E8%AE%B0/90.git%E5%B7%A5%E5%85%B7-%E4%BA%A4%E4%BA%92%E5%BC%8F%E6%9A%82%E5%AD%98/</guid>
      <description>Git工具-交互式暂存 本节中的几个交互式 Git 命令可以帮助你将文件的特定部分组合成提交。 当你在修改了大量文件后，希望这些改动能拆分为若干提交而不</description>
    </item>
    
    <item>
      <title>Git工具-查看修订版本</title>
      <link>http://doc.lyr-2000.xyz/post/09.%E5%89%8D%E7%AB%AF/08.git%E5%AD%A6%E4%B9%A0%E7%AC%94%E8%AE%B0/20.%E6%96%87%E6%A1%A3%E7%AC%94%E8%AE%B0/80.git%E5%B7%A5%E5%85%B7-%E6%9F%A5%E7%9C%8B%E4%BF%AE%E8%AE%A2%E7%89%88%E6%9C%AC/</link>
      <pubDate>Wed, 18 Nov 2020 17:43:57 +0000</pubDate>
      
      <guid>http://doc.lyr-2000.xyz/post/09.%E5%89%8D%E7%AB%AF/08.git%E5%AD%A6%E4%B9%A0%E7%AC%94%E8%AE%B0/20.%E6%96%87%E6%A1%A3%E7%AC%94%E8%AE%B0/80.git%E5%B7%A5%E5%85%B7-%E6%9F%A5%E7%9C%8B%E4%BF%AE%E8%AE%A2%E7%89%88%E6%9C%AC/</guid>
      <description>Git工具-查看修订版本 Git 能够以多种方式来指定单个提交、一组提交、或者一定范围内的提交。 了解它们并不是必需的，但是了解一下总没坏处。 修订版本</description>
    </item>
    
    <item>
      <title>Git工具-重写历史</title>
      <link>http://doc.lyr-2000.xyz/post/09.%E5%89%8D%E7%AB%AF/08.git%E5%AD%A6%E4%B9%A0%E7%AC%94%E8%AE%B0/20.%E6%96%87%E6%A1%A3%E7%AC%94%E8%AE%B0/100.git%E5%B7%A5%E5%85%B7-%E9%87%8D%E5%86%99%E5%8E%86%E5%8F%B2/</link>
      <pubDate>Wed, 18 Nov 2020 17:43:57 +0000</pubDate>
      
      <guid>http://doc.lyr-2000.xyz/post/09.%E5%89%8D%E7%AB%AF/08.git%E5%AD%A6%E4%B9%A0%E7%AC%94%E8%AE%B0/20.%E6%96%87%E6%A1%A3%E7%AC%94%E8%AE%B0/100.git%E5%B7%A5%E5%85%B7-%E9%87%8D%E5%86%99%E5%8E%86%E5%8F%B2/</guid>
      <description>Git 工具 - 重写历史 许多时候，在使用 Git 时，你可能想要修订提交历史。 Git 很棒的一点是它允许你在最后时刻做决定。 你可以在将暂存区内容提交前决定哪些文件</description>
    </item>
    
    <item>
      <title>Git工具-重置揭密</title>
      <link>http://doc.lyr-2000.xyz/post/09.%E5%89%8D%E7%AB%AF/08.git%E5%AD%A6%E4%B9%A0%E7%AC%94%E8%AE%B0/20.%E6%96%87%E6%A1%A3%E7%AC%94%E8%AE%B0/110.git%E5%B7%A5%E5%85%B7-%E9%87%8D%E7%BD%AE%E6%8F%AD%E5%AF%86/</link>
      <pubDate>Wed, 18 Nov 2020 17:43:57 +0000</pubDate>
      
      <guid>http://doc.lyr-2000.xyz/post/09.%E5%89%8D%E7%AB%AF/08.git%E5%AD%A6%E4%B9%A0%E7%AC%94%E8%AE%B0/20.%E6%96%87%E6%A1%A3%E7%AC%94%E8%AE%B0/110.git%E5%B7%A5%E5%85%B7-%E9%87%8D%E7%BD%AE%E6%8F%AD%E5%AF%86/</guid>
      <description>Git 工具 - 重置揭密 在继续了解更专业的工具前，我们先探讨一下 Git 的 reset 和 checkout 命令。 在初遇的 Git 命令中，这两个是最让人困惑的。 它们能做很多事情，所以看起来</description>
    </item>
    
    <item>
      <title>常用Git命令清单</title>
      <link>http://doc.lyr-2000.xyz/post/09.%E5%89%8D%E7%AB%AF/08.git%E5%AD%A6%E4%B9%A0%E7%AC%94%E8%AE%B0/10.%E6%89%8B%E5%86%8C/00.%E5%B8%B8%E7%94%A8git%E5%91%BD%E4%BB%A4%E6%B8%85%E5%8D%95/</link>
      <pubDate>Wed, 18 Nov 2020 17:43:57 +0000</pubDate>
      
      <guid>http://doc.lyr-2000.xyz/post/09.%E5%89%8D%E7%AB%AF/08.git%E5%AD%A6%E4%B9%A0%E7%AC%94%E8%AE%B0/10.%E6%89%8B%E5%86%8C/00.%E5%B8%B8%E7%94%A8git%E5%91%BD%E4%BB%A4%E6%B8%85%E5%8D%95/</guid>
      <description>常用Git命令清单 一般来说，日常使用只要记住下图6个命令，就可以了。但是熟练使用，恐怕要记住60～100个命令。 下面是我整理的常用 Git 命令清单</description>
    </item>
    
  </channel>
</rss>
