<?xml version="1.0" encoding="utf-8" standalone="yes"?>
<rss version="2.0" xmlns:atom="http://www.w3.org/2005/Atom">
  <channel>
    <title>笔试题目 on Even - A super concise theme for Hugo</title>
    <link>http://doc.lyr-2000.xyz/categories/%E7%AC%94%E8%AF%95%E9%A2%98%E7%9B%AE/</link>
    <description>Recent content in 笔试题目 on Even - A super concise theme for Hugo</description>
    <generator>Hugo -- gohugo.io</generator>
    <language>en</language>
    <copyright>lyr</copyright>
    <lastBuildDate>Thu, 15 Apr 2021 20:48:21 +0000</lastBuildDate><atom:link href="http://doc.lyr-2000.xyz/categories/%E7%AC%94%E8%AF%95%E9%A2%98%E7%9B%AE/index.xml" rel="self" type="application/rss+xml" />
    <item>
      <title>腾讯</title>
      <link>http://doc.lyr-2000.xyz/post/06.%E7%AE%97%E6%B3%95%E5%92%8C%E6%95%B0%E6%8D%AE%E7%BB%93%E6%9E%84/09.%E7%AC%94%E8%AF%95%E9%A2%98%E7%9B%AE/01.%E8%85%BE%E8%AE%AF/</link>
      <pubDate>Thu, 15 Apr 2021 20:48:21 +0000</pubDate>
      
      <guid>http://doc.lyr-2000.xyz/post/06.%E7%AE%97%E6%B3%95%E5%92%8C%E6%95%B0%E6%8D%AE%E7%BB%93%E6%9E%84/09.%E7%AC%94%E8%AF%95%E9%A2%98%E7%9B%AE/01.%E8%85%BE%E8%AE%AF/</guid>
      <description>1.生成格雷码 生成格雷码_牛客题霸_牛客网 (nowcoder.com) 先理解一下格雷码的定义吧，我拿n为3举例，当n为3时，我们生成的格雷码如下 1 [000, 001, 011, 010, 110, 111, 101, 100] 任意</description>
    </item>
    
  </channel>
</rss>
