<?xml version="1.0" encoding="utf-8" standalone="yes"?>
<rss version="2.0" xmlns:atom="http://www.w3.org/2005/Atom">
  <channel>
    <title>JavaScript on Even - A super concise theme for Hugo</title>
    <link>http://doc.lyr-2000.xyz/categories/javascript/</link>
    <description>Recent content in JavaScript on Even - A super concise theme for Hugo</description>
    <generator>Hugo -- gohugo.io</generator>
    <language>en</language>
    <copyright>lyr</copyright>
    <lastBuildDate>Mon, 12 Apr 2021 22:18:18 +0000</lastBuildDate><atom:link href="http://doc.lyr-2000.xyz/categories/javascript/index.xml" rel="self" type="application/rss+xml" />
    <item>
      <title>JavaScript</title>
      <link>http://doc.lyr-2000.xyz/post/01.%E7%A8%8B%E5%BA%8F%E8%AF%AD%E8%A8%80/04.javascript%E5%92%8Chtml/01.javascript/</link>
      <pubDate>Mon, 12 Apr 2021 22:18:18 +0000</pubDate>
      
      <guid>http://doc.lyr-2000.xyz/post/01.%E7%A8%8B%E5%BA%8F%E8%AF%AD%E8%A8%80/04.javascript%E5%92%8Chtml/01.javascript/</guid>
      <description>JavaScript事件机制 DOM事件流（event flow ）存在三个阶段：事件捕获阶段、处于目标阶段、事件冒泡阶段。 事件捕获（event capt</description>
    </item>
    
  </channel>
</rss>
