<?xml version="1.0" encoding="utf-8" standalone="yes"?>
<rss version="2.0" xmlns:atom="http://www.w3.org/2005/Atom">
  <channel>
    <title>系统相关 on Even - A super concise theme for Hugo</title>
    <link>http://doc.lyr-2000.xyz/categories/%E7%B3%BB%E7%BB%9F%E7%9B%B8%E5%85%B3/</link>
    <description>Recent content in 系统相关 on Even - A super concise theme for Hugo</description>
    <generator>Hugo -- gohugo.io</generator>
    <language>en</language>
    <copyright>lyr</copyright>
    <lastBuildDate>Sun, 11 Apr 2021 18:42:35 +0000</lastBuildDate><atom:link href="http://doc.lyr-2000.xyz/categories/%E7%B3%BB%E7%BB%9F%E7%9B%B8%E5%85%B3/index.xml" rel="self" type="application/rss+xml" />
    <item>
      <title>分布式系统相关</title>
      <link>http://doc.lyr-2000.xyz/post/05.%E8%BD%AF%E4%BB%B6%E5%92%8C%E7%B3%BB%E7%BB%9F/02.%E7%B3%BB%E7%BB%9F%E7%9B%B8%E5%85%B3/03.%E5%88%86%E5%B8%83%E5%BC%8F%E7%B3%BB%E7%BB%9F%E7%9B%B8%E5%85%B3/</link>
      <pubDate>Sun, 11 Apr 2021 18:42:35 +0000</pubDate>
      
      <guid>http://doc.lyr-2000.xyz/post/05.%E8%BD%AF%E4%BB%B6%E5%92%8C%E7%B3%BB%E7%BB%9F/02.%E7%B3%BB%E7%BB%9F%E7%9B%B8%E5%85%B3/03.%E5%88%86%E5%B8%83%E5%BC%8F%E7%B3%BB%E7%BB%9F%E7%9B%B8%E5%85%B3/</guid>
      <description>一致性哈希 传统哈希 当数据太大而无法存储在一个节点或机器上时，我们就需要把数据放在多台服务器上，这个时候我们就可以简单使用取模运算来实现简单的</description>
    </item>
    
    <item>
      <title>Linux面试</title>
      <link>http://doc.lyr-2000.xyz/post/05.%E8%BD%AF%E4%BB%B6%E5%92%8C%E7%B3%BB%E7%BB%9F/02.%E7%B3%BB%E7%BB%9F%E7%9B%B8%E5%85%B3/02.linux%E9%9D%A2%E8%AF%95/</link>
      <pubDate>Thu, 25 Mar 2021 09:25:39 +0000</pubDate>
      
      <guid>http://doc.lyr-2000.xyz/post/05.%E8%BD%AF%E4%BB%B6%E5%92%8C%E7%B3%BB%E7%BB%9F/02.%E7%B3%BB%E7%BB%9F%E7%9B%B8%E5%85%B3/02.linux%E9%9D%A2%E8%AF%95/</guid>
      <description>不知道哪里抄来的 绝对路径用什么符号表示？当前目录、上层目录用什么表示？ 主目录用什么表示? 切换目录用什么命令？ 绝对路径： 如/etc/init.</description>
    </item>
    
  </channel>
</rss>
