<?xml version="1.0" encoding="utf-8" standalone="yes"?>
<rss version="2.0" xmlns:atom="http://www.w3.org/2005/Atom">
  <channel>
    <title>Hook on Even - A super concise theme for Hugo</title>
    <link>http://doc.lyr-2000.xyz/categories/hook/</link>
    <description>Recent content in Hook on Even - A super concise theme for Hugo</description>
    <generator>Hugo -- gohugo.io</generator>
    <language>en</language>
    <copyright>lyr</copyright>
    <lastBuildDate>Tue, 06 Apr 2021 19:13:06 +0000</lastBuildDate><atom:link href="http://doc.lyr-2000.xyz/categories/hook/index.xml" rel="self" type="application/rss+xml" />
    <item>
      <title>Hook规则</title>
      <link>http://doc.lyr-2000.xyz/post/09.%E5%89%8D%E7%AB%AF/12.react%E7%AC%94%E8%AE%B0/03.hook/04.hook%E8%A7%84%E5%88%99/</link>
      <pubDate>Tue, 06 Apr 2021 19:13:06 +0000</pubDate>
      
      <guid>http://doc.lyr-2000.xyz/post/09.%E5%89%8D%E7%AB%AF/12.react%E7%AC%94%E8%AE%B0/03.hook/04.hook%E8%A7%84%E5%88%99/</guid>
      <description>04. Hook规则 Hook 本质就是 JavaScript 函数，但是在使用它时需要遵循两条规则。我们提供了一个 linter 插件来强制执行这些规则： 只在最顶层使用 Hook 不要在循环，条件或嵌</description>
    </item>
    
    <item>
      <title>使用Effect Hook</title>
      <link>http://doc.lyr-2000.xyz/post/09.%E5%89%8D%E7%AB%AF/12.react%E7%AC%94%E8%AE%B0/03.hook/03.%E4%BD%BF%E7%94%A8effect-hook/</link>
      <pubDate>Tue, 06 Apr 2021 19:13:06 +0000</pubDate>
      
      <guid>http://doc.lyr-2000.xyz/post/09.%E5%89%8D%E7%AB%AF/12.react%E7%AC%94%E8%AE%B0/03.hook/03.%E4%BD%BF%E7%94%A8effect-hook/</guid>
      <description>03. 使用Effect Hook（副作用钩子） 如果你熟悉 React class 的生命周期函数，你可以把 useEffect Hook 看做 componentDidMount(挂载完成)，com</description>
    </item>
    
    <item>
      <title>使用State Hook</title>
      <link>http://doc.lyr-2000.xyz/post/09.%E5%89%8D%E7%AB%AF/12.react%E7%AC%94%E8%AE%B0/03.hook/02.%E4%BD%BF%E7%94%A8state-hook/</link>
      <pubDate>Tue, 06 Apr 2021 19:13:06 +0000</pubDate>
      
      <guid>http://doc.lyr-2000.xyz/post/09.%E5%89%8D%E7%AB%AF/12.react%E7%AC%94%E8%AE%B0/03.hook/02.%E4%BD%BF%E7%94%A8state-hook/</guid>
      <description>02. 使用State Hook 1 2 3 4 5 6 7 8 9 10 11 12 13 14 15 import React, { useState } from &amp;#39;react&amp;#39;; function Example() { // 声明一个叫 &amp;#34;count&amp;#34; 的 state 变量 const [count, setCount] = useState(0); return ( &amp;lt;div&amp;gt; &amp;lt;p&amp;gt;You clicked {count} times&amp;lt;/p&amp;gt; &amp;lt;button onClick={() =&amp;gt; setCount(count + 1)}&amp;gt; Click me &amp;lt;/button&amp;gt; &amp;lt;/div&amp;gt; ); } 我</description>
    </item>
    
    <item>
      <title>自定义 Hook</title>
      <link>http://doc.lyr-2000.xyz/post/09.%E5%89%8D%E7%AB%AF/12.react%E7%AC%94%E8%AE%B0/03.hook/05.%E8%87%AA%E5%AE%9A%E4%B9%89-hook/</link>
      <pubDate>Tue, 06 Apr 2021 19:13:06 +0000</pubDate>
      
      <guid>http://doc.lyr-2000.xyz/post/09.%E5%89%8D%E7%AB%AF/12.react%E7%AC%94%E8%AE%B0/03.hook/05.%E8%87%AA%E5%AE%9A%E4%B9%89-hook/</guid>
      <description>05. 自定义 Hook 通过自定义 Hook，可以将组件逻辑提取到可重用的函数中。 目前为止，在 React 中有两种流行的方式来共享组件之间的状态逻辑: render props 和高阶组件，</description>
    </item>
    
    <item>
      <title>Hook概述</title>
      <link>http://doc.lyr-2000.xyz/post/09.%E5%89%8D%E7%AB%AF/12.react%E7%AC%94%E8%AE%B0/03.hook/01.hook%E6%A6%82%E8%BF%B0/</link>
      <pubDate>Wed, 31 Mar 2021 11:30:03 +0000</pubDate>
      
      <guid>http://doc.lyr-2000.xyz/post/09.%E5%89%8D%E7%AB%AF/12.react%E7%AC%94%E8%AE%B0/03.hook/01.hook%E6%A6%82%E8%BF%B0/</guid>
      <description>01. Hook概述 Hook可以让你在不编写 class 的情况下使用 state 以及其他的 React 特性。 什么是 Hook? Hook 是一个特殊的函数，可以让你在函数组件里“钩入” React state 及 生命周</description>
    </item>
    
  </channel>
</rss>
