<?xml version="1.0" encoding="utf-8" standalone="yes"?>
<rss version="2.0" xmlns:atom="http://www.w3.org/2005/Atom">
  <channel>
    <title>其他 on Even - A super concise theme for Hugo</title>
    <link>http://doc.lyr-2000.xyz/categories/%E5%85%B6%E4%BB%96/</link>
    <description>Recent content in 其他 on Even - A super concise theme for Hugo</description>
    <generator>Hugo -- gohugo.io</generator>
    <language>en</language>
    <copyright>lyr</copyright>
    <lastBuildDate>Tue, 13 Apr 2021 20:46:05 +0000</lastBuildDate><atom:link href="http://doc.lyr-2000.xyz/categories/%E5%85%B6%E4%BB%96/index.xml" rel="self" type="application/rss+xml" />
    <item>
      <title>网络安全</title>
      <link>http://doc.lyr-2000.xyz/post/08.%E5%85%B6%E4%BB%96/04.%E5%AE%89%E5%85%A8%E7%9B%B8%E5%85%B3/01.%E7%BD%91%E7%BB%9C%E5%AE%89%E5%85%A8/</link>
      <pubDate>Tue, 13 Apr 2021 20:46:05 +0000</pubDate>
      
      <guid>http://doc.lyr-2000.xyz/post/08.%E5%85%B6%E4%BB%96/04.%E5%AE%89%E5%85%A8%E7%9B%B8%E5%85%B3/01.%E7%BD%91%E7%BB%9C%E5%AE%89%E5%85%A8/</guid>
      <description>https中间人攻击 如何防止请求被篡改 使用https来进行请求（这点我居然没想到。。） 设置客户端白名单，客户端所有请求，请求到代理服务器(n</description>
    </item>
    
    <item>
      <title>面试常问</title>
      <link>http://doc.lyr-2000.xyz/post/08.%E5%85%B6%E4%BB%96/01.%E6%99%BA%E5%8A%9B%E9%A2%98/02.%E9%9D%A2%E8%AF%95%E5%B8%B8%E9%97%AE/</link>
      <pubDate>Sat, 10 Apr 2021 17:17:18 +0000</pubDate>
      
      <guid>http://doc.lyr-2000.xyz/post/08.%E5%85%B6%E4%BB%96/01.%E6%99%BA%E5%8A%9B%E9%A2%98/02.%E9%9D%A2%E8%AF%95%E5%B8%B8%E9%97%AE/</guid>
      <description>64匹马，8个赛道，找出跑得最快的4匹马 全部马分为8组，每组8匹，每组各跑一次，然后淘汰掉每组的后四名，如下图（需要比赛8场） 第一步 因为我们</description>
    </item>
    
    <item>
      <title>设计一个IM系统</title>
      <link>http://doc.lyr-2000.xyz/post/08.%E5%85%B6%E4%BB%96/02.%E4%B8%9A%E5%8A%A1%E9%97%AE%E9%A2%98/3.%E8%AE%BE%E8%AE%A1%E4%B8%80%E4%B8%AAim%E7%B3%BB%E7%BB%9F/</link>
      <pubDate>Wed, 31 Mar 2021 20:48:35 +0000</pubDate>
      
      <guid>http://doc.lyr-2000.xyz/post/08.%E5%85%B6%E4%BB%96/02.%E4%B8%9A%E5%8A%A1%E9%97%AE%E9%A2%98/3.%E8%AE%BE%E8%AE%A1%E4%B8%80%E4%B8%AAim%E7%B3%BB%E7%BB%9F/</guid>
      <description>主要参考下面几个链接 如何设计一个亿级消息量的IM系统 - InfoQ 写作平台 一个海量在线用户即时通讯系统（IM）的完整设计Plus - 云+社区 - 腾讯云 (tencent.com) .</description>
    </item>
    
    <item>
      <title>设计一个数据库连接池</title>
      <link>http://doc.lyr-2000.xyz/post/08.%E5%85%B6%E4%BB%96/02.%E4%B8%9A%E5%8A%A1%E9%97%AE%E9%A2%98/4.%E8%AE%BE%E8%AE%A1%E4%B8%80%E4%B8%AA%E6%95%B0%E6%8D%AE%E5%BA%93%E8%BF%9E%E6%8E%A5%E6%B1%A0/</link>
      <pubDate>Wed, 31 Mar 2021 20:48:35 +0000</pubDate>
      
      <guid>http://doc.lyr-2000.xyz/post/08.%E5%85%B6%E4%BB%96/02.%E4%B8%9A%E5%8A%A1%E9%97%AE%E9%A2%98/4.%E8%AE%BE%E8%AE%A1%E4%B8%80%E4%B8%AA%E6%95%B0%E6%8D%AE%E5%BA%93%E8%BF%9E%E6%8E%A5%E6%B1%A0/</guid>
      <description>可以参考下面这几个 如何设计并实现一个db连接池？ (juejin.cn)</description>
    </item>
    
    <item>
      <title>JWT</title>
      <link>http://doc.lyr-2000.xyz/post/08.%E5%85%B6%E4%BB%96/03.%E4%B8%80%E4%BA%9B%E6%8A%80%E6%9C%AF/1.jwt/</link>
      <pubDate>Wed, 31 Mar 2021 20:48:33 +0000</pubDate>
      
      <guid>http://doc.lyr-2000.xyz/post/08.%E5%85%B6%E4%BB%96/03.%E4%B8%80%E4%BA%9B%E6%8A%80%E6%9C%AF/1.jwt/</guid>
      <description>Json web token (JWT), 是为了在网络应用环境间传递声明而执行的一种基于JSON的开放标准（(RFC 7519).该token被设计为紧凑且安全的，特别适用于分</description>
    </item>
    
    <item>
      <title>秒杀系统设计</title>
      <link>http://doc.lyr-2000.xyz/post/08.%E5%85%B6%E4%BB%96/02.%E4%B8%9A%E5%8A%A1%E9%97%AE%E9%A2%98/2.%E7%A7%92%E6%9D%80%E7%B3%BB%E7%BB%9F%E8%AE%BE%E8%AE%A1/</link>
      <pubDate>Tue, 30 Mar 2021 18:22:43 +0000</pubDate>
      
      <guid>http://doc.lyr-2000.xyz/post/08.%E5%85%B6%E4%BB%96/02.%E4%B8%9A%E5%8A%A1%E9%97%AE%E9%A2%98/2.%E7%A7%92%E6%9D%80%E7%B3%BB%E7%BB%9F%E8%AE%BE%E8%AE%A1/</guid>
      <description>知乎上就有好多现成的例子，我就拿敖丙的来举例吧 秒杀系统会遇到的几个问题 高并发 超卖 恶意请求 链接暴露 暴露了请求地址，被人恶意请求 数据库 请求太多，</description>
    </item>
    
    <item>
      <title>设计一个抢红包功能</title>
      <link>http://doc.lyr-2000.xyz/post/08.%E5%85%B6%E4%BB%96/02.%E4%B8%9A%E5%8A%A1%E9%97%AE%E9%A2%98/1.%E8%AE%BE%E8%AE%A1%E4%B8%80%E4%B8%AA%E6%8A%A2%E7%BA%A2%E5%8C%85%E5%8A%9F%E8%83%BD/</link>
      <pubDate>Tue, 30 Mar 2021 18:17:15 +0000</pubDate>
      
      <guid>http://doc.lyr-2000.xyz/post/08.%E5%85%B6%E4%BB%96/02.%E4%B8%9A%E5%8A%A1%E9%97%AE%E9%A2%98/1.%E8%AE%BE%E8%AE%A1%E4%B8%80%E4%B8%AA%E6%8A%A2%E7%BA%A2%E5%8C%85%E5%8A%9F%E8%83%BD/</guid>
      <description>这个其实可以使用事务来实现，比如我们可以用MySQL，抢红包时先开启事务，然后加上行锁，修改完毕后我们提交事务，释放行锁 或者我们可以使用Re</description>
    </item>
    
    <item>
      <title>世界500强的智力题</title>
      <link>http://doc.lyr-2000.xyz/post/08.%E5%85%B6%E4%BB%96/01.%E6%99%BA%E5%8A%9B%E9%A2%98/01.%E4%B8%96%E7%95%8C500%E5%BC%BA%E7%9A%84%E6%99%BA%E5%8A%9B%E9%A2%98/</link>
      <pubDate>Thu, 25 Mar 2021 09:22:51 +0000</pubDate>
      
      <guid>http://doc.lyr-2000.xyz/post/08.%E5%85%B6%E4%BB%96/01.%E6%99%BA%E5%8A%9B%E9%A2%98/01.%E4%B8%96%E7%95%8C500%E5%BC%BA%E7%9A%84%E6%99%BA%E5%8A%9B%E9%A2%98/</guid>
      <description>工人分金条 分蛋糕 过桥问题 黑白帽子 首先就是第一次如果都是白色，那么自己肯定是黑色的。但是没有声音，所以就可以肯定至少有两顶黑帽子，如果有个人发</description>
    </item>
    
    <item>
      <title>操作本地缓存</title>
      <link>http://doc.lyr-2000.xyz/post/09.%E5%89%8D%E7%AB%AF/10.vue%E7%AC%94%E8%AE%B0/99.%E5%85%B6%E4%BB%96/90.%E6%93%8D%E4%BD%9C%E6%9C%AC%E5%9C%B0%E7%BC%93%E5%AD%98/</link>
      <pubDate>Tue, 04 Feb 2020 13:14:19 +0000</pubDate>
      
      <guid>http://doc.lyr-2000.xyz/post/09.%E5%89%8D%E7%AB%AF/10.vue%E7%AC%94%E8%AE%B0/99.%E5%85%B6%E4%BB%96/90.%E6%93%8D%E4%BD%9C%E6%9C%AC%E5%9C%B0%E7%BC%93%E5%AD%98/</guid>
      <description>操作本地缓存 https://github.com/ustbhuangyi/storage 操作 sessionStorage 和 localStorage 。</description>
    </item>
    
    <item>
      <title>Vue中的防抖函数封装和使用</title>
      <link>http://doc.lyr-2000.xyz/post/09.%E5%89%8D%E7%AB%AF/10.vue%E7%AC%94%E8%AE%B0/99.%E5%85%B6%E4%BB%96/80.vue%E4%B8%AD%E7%9A%84%E9%98%B2%E6%8A%96%E5%87%BD%E6%95%B0%E5%B0%81%E8%A3%85%E5%92%8C%E4%BD%BF%E7%94%A8/</link>
      <pubDate>Tue, 04 Feb 2020 13:10:19 +0000</pubDate>
      
      <guid>http://doc.lyr-2000.xyz/post/09.%E5%89%8D%E7%AB%AF/10.vue%E7%AC%94%E8%AE%B0/99.%E5%85%B6%E4%BB%96/80.vue%E4%B8%AD%E7%9A%84%E9%98%B2%E6%8A%96%E5%87%BD%E6%95%B0%E5%B0%81%E8%A3%85%E5%92%8C%E4%BD%BF%E7%94%A8/</guid>
      <description>Vue中的防抖函数封装和使用 如搜索框中，每改变一个数值就请求一次搜索接口，当快速的改变数值时并不需要多次请求接口，这就需要一个防抖函数： 1 2</description>
    </item>
    
  </channel>
</rss>
