<?xml version="1.0" encoding="utf-8" standalone="yes"?>
<rss version="2.0" xmlns:atom="http://www.w3.org/2005/Atom">
  <channel>
    <title>工具 on Even - A super concise theme for Hugo</title>
    <link>http://doc.lyr-2000.xyz/categories/%E5%B7%A5%E5%85%B7/</link>
    <description>Recent content in 工具 on Even - A super concise theme for Hugo</description>
    <generator>Hugo -- gohugo.io</generator>
    <language>en</language>
    <copyright>lyr</copyright>
    <lastBuildDate>Thu, 20 Feb 2020 17:24:29 +0000</lastBuildDate><atom:link href="http://doc.lyr-2000.xyz/categories/%E5%B7%A5%E5%85%B7/index.xml" rel="self" type="application/rss+xml" />
    <item>
      <title>Vue CLi v3 创建项目使用记录</title>
      <link>http://doc.lyr-2000.xyz/post/09.%E5%89%8D%E7%AB%AF/10.vue%E7%AC%94%E8%AE%B0/05.%E5%B7%A5%E5%85%B7/10.vue-cli-v3-%E5%88%9B%E5%BB%BA%E9%A1%B9%E7%9B%AE%E4%BD%BF%E7%94%A8%E8%AE%B0%E5%BD%95/</link>
      <pubDate>Thu, 20 Feb 2020 17:24:29 +0000</pubDate>
      
      <guid>http://doc.lyr-2000.xyz/post/09.%E5%89%8D%E7%AB%AF/10.vue%E7%AC%94%E8%AE%B0/05.%E5%B7%A5%E5%85%B7/10.vue-cli-v3-%E5%88%9B%E5%BB%BA%E9%A1%B9%E7%9B%AE%E4%BD%BF%E7%94%A8%E8%AE%B0%E5%BD%95/</guid>
      <description>Vue CLi v3.x 创建项目使用记录 官方文档 以下使用的CLi版本是 v3.11.0 vue create 运行以下命令来创建一个新项目 1 vue create hello-world 你会被提示选取一个 preset (预设)。你可以选默认的包</description>
    </item>
    
  </channel>
</rss>
