<?xml version="1.0" encoding="utf-8" standalone="yes"?>
<rss version="2.0" xmlns:atom="http://www.w3.org/2005/Atom">
  <channel>
    <title>数据库 on Even - A super concise theme for Hugo</title>
    <link>http://doc.lyr-2000.xyz/categories/%E6%95%B0%E6%8D%AE%E5%BA%93/</link>
    <description>Recent content in 数据库 on Even - A super concise theme for Hugo</description>
    <generator>Hugo -- gohugo.io</generator>
    <language>en</language>
    <copyright>lyr</copyright>
    <lastBuildDate>Tue, 06 Apr 2021 13:26:55 +0000</lastBuildDate><atom:link href="http://doc.lyr-2000.xyz/categories/%E6%95%B0%E6%8D%AE%E5%BA%93/index.xml" rel="self" type="application/rss+xml" />
    <item>
      <title>常用命令</title>
      <link>http://doc.lyr-2000.xyz/post/02.%E6%95%B0%E6%8D%AE%E5%BA%93/03.mongodb/6.%E5%B8%B8%E7%94%A8%E5%91%BD%E4%BB%A4/</link>
      <pubDate>Tue, 06 Apr 2021 13:26:55 +0000</pubDate>
      
      <guid>http://doc.lyr-2000.xyz/post/02.%E6%95%B0%E6%8D%AE%E5%BA%93/03.mongodb/6.%E5%B8%B8%E7%94%A8%E5%91%BD%E4%BB%A4/</guid>
      <description>常用操作命令 数据库操作命令 1 2 3 4 5 6 7 8 9 10 11 12 13 # 查看数据库 show dbs; # 切换数据库（如果没有对应的数据库则创建） use 数据库名; # 创建集合 db.c</description>
    </item>
    
    <item>
      <title>体系和架构</title>
      <link>http://doc.lyr-2000.xyz/post/02.%E6%95%B0%E6%8D%AE%E5%BA%93/03.mongodb/5.%E4%BD%93%E7%B3%BB%E5%92%8C%E6%9E%B6%E6%9E%84/</link>
      <pubDate>Tue, 06 Apr 2021 13:18:04 +0000</pubDate>
      
      <guid>http://doc.lyr-2000.xyz/post/02.%E6%95%B0%E6%8D%AE%E5%BA%93/03.mongodb/5.%E4%BD%93%E7%B3%BB%E5%92%8C%E6%9E%B6%E6%9E%84/</guid>
      <description>MongoDB体系结构 MongoDB的体系结构如下所示：磁盘文件经过加载之后后形成 MongoDB 实例，一个 MongoDB 实例中可以存放多个数据库（图中的MongoD</description>
    </item>
    
    <item>
      <title>分布式和集群</title>
      <link>http://doc.lyr-2000.xyz/post/02.%E6%95%B0%E6%8D%AE%E5%BA%93/03.mongodb/4.%E5%88%86%E5%B8%83%E5%BC%8F%E5%92%8C%E9%9B%86%E7%BE%A4/</link>
      <pubDate>Tue, 06 Apr 2021 13:16:20 +0000</pubDate>
      
      <guid>http://doc.lyr-2000.xyz/post/02.%E6%95%B0%E6%8D%AE%E5%BA%93/03.mongodb/4.%E5%88%86%E5%B8%83%E5%BC%8F%E5%92%8C%E9%9B%86%E7%BE%A4/</guid>
      <description>MongoDB集群 MongoDB有三种集群的搭建方式 Replica Set 副本集 Sharding 切片 Master-Slaver 主从（不推荐使用） 其中，Sharding集群也是三种集群中最复杂的。副</description>
    </item>
    
    <item>
      <title>索引</title>
      <link>http://doc.lyr-2000.xyz/post/02.%E6%95%B0%E6%8D%AE%E5%BA%93/03.mongodb/3.%E7%B4%A2%E5%BC%95/</link>
      <pubDate>Tue, 06 Apr 2021 11:04:00 +0000</pubDate>
      
      <guid>http://doc.lyr-2000.xyz/post/02.%E6%95%B0%E6%8D%AE%E5%BA%93/03.mongodb/3.%E7%B4%A2%E5%BC%95/</guid>
      <description>MongoDB也是有索引的 索引是对数据库一列或多列值进行排序的存储结构，底层一般是一种树状结构，没有索引查询会进行全表扫描，数据量大的时候会</description>
    </item>
    
    <item>
      <title>存储引擎</title>
      <link>http://doc.lyr-2000.xyz/post/02.%E6%95%B0%E6%8D%AE%E5%BA%93/03.mongodb/2.%E5%AD%98%E5%82%A8%E5%BC%95%E6%93%8E/</link>
      <pubDate>Tue, 06 Apr 2021 10:50:32 +0000</pubDate>
      
      <guid>http://doc.lyr-2000.xyz/post/02.%E6%95%B0%E6%8D%AE%E5%BA%93/03.mongodb/2.%E5%AD%98%E5%82%A8%E5%BC%95%E6%93%8E/</guid>
      <description>存储引擎介绍 MongoDB支持的引擎有：WiredTiger，MMAPv1和In-Memory。 从MongoDB 3.2 版本开始，WiredTig</description>
    </item>
    
    <item>
      <title>面试问题汇总</title>
      <link>http://doc.lyr-2000.xyz/post/02.%E6%95%B0%E6%8D%AE%E5%BA%93/03.mongodb/1.%E9%9D%A2%E8%AF%95%E9%97%AE%E9%A2%98%E6%B1%87%E6%80%BB/</link>
      <pubDate>Wed, 31 Mar 2021 16:58:03 +0000</pubDate>
      
      <guid>http://doc.lyr-2000.xyz/post/02.%E6%95%B0%E6%8D%AE%E5%BA%93/03.mongodb/1.%E9%9D%A2%E8%AF%95%E9%97%AE%E9%A2%98%E6%B1%87%E6%80%BB/</guid>
      <description>MongoDB是由哪种语言写的 MongoDB用c++编写的，流行的开源数据库MySQL也是用C++开发的。C++1983年发行是一种使用广泛</description>
    </item>
    
    <item>
      <title>面试题</title>
      <link>http://doc.lyr-2000.xyz/post/02.%E6%95%B0%E6%8D%AE%E5%BA%93/02.redis/7.%E9%9D%A2%E8%AF%95%E9%A2%98/</link>
      <pubDate>Wed, 31 Mar 2021 10:24:33 +0000</pubDate>
      
      <guid>http://doc.lyr-2000.xyz/post/02.%E6%95%B0%E6%8D%AE%E5%BA%93/02.redis/7.%E9%9D%A2%E8%AF%95%E9%A2%98/</guid>
      <description></description>
    </item>
    
    <item>
      <title>MySQL底层</title>
      <link>http://doc.lyr-2000.xyz/post/02.%E6%95%B0%E6%8D%AE%E5%BA%93/01.mysql/9.mysql%E5%BA%95%E5%B1%82/</link>
      <pubDate>Mon, 29 Mar 2021 08:33:41 +0000</pubDate>
      
      <guid>http://doc.lyr-2000.xyz/post/02.%E6%95%B0%E6%8D%AE%E5%BA%93/01.mysql/9.mysql%E5%BA%95%E5%B1%82/</guid>
      <description>下图是MySQL底层的一个简单的概括图 日志部分 主要就是这部分了，下面简单介绍一下mysql的三种日志 三种日志 bin log 主要记录所有数据库表结构变更</description>
    </item>
    
    <item>
      <title>高频面试题</title>
      <link>http://doc.lyr-2000.xyz/post/02.%E6%95%B0%E6%8D%AE%E5%BA%93/01.mysql/8.%E9%AB%98%E9%A2%91%E9%9D%A2%E8%AF%95%E9%A2%98/</link>
      <pubDate>Mon, 22 Mar 2021 16:12:20 +0000</pubDate>
      
      <guid>http://doc.lyr-2000.xyz/post/02.%E6%95%B0%E6%8D%AE%E5%BA%93/01.mysql/8.%E9%AB%98%E9%A2%91%E9%9D%A2%E8%AF%95%E9%A2%98/</guid>
      <description>不知道从哪里抄的 如何查看表格定义的所有索引 SHOW INDEX FROM &amp;lt;tablename&amp;gt;; LIKE 声明中的％和 _ 是什么意思？ ％对应于 0 个或更多字符，_只是 LIKE 语句中的一个字符。 如何在 Unix 和 MySQL</description>
    </item>
    
    <item>
      <title>分布式和备份</title>
      <link>http://doc.lyr-2000.xyz/post/02.%E6%95%B0%E6%8D%AE%E5%BA%93/01.mysql/7.%E5%88%86%E5%B8%83%E5%BC%8F%E5%92%8C%E5%A4%87%E4%BB%BD/</link>
      <pubDate>Sun, 21 Mar 2021 19:43:11 +0000</pubDate>
      
      <guid>http://doc.lyr-2000.xyz/post/02.%E6%95%B0%E6%8D%AE%E5%BA%93/01.mysql/7.%E5%88%86%E5%B8%83%E5%BC%8F%E5%92%8C%E5%A4%87%E4%BB%BD/</guid>
      <description>主从复制 将主数据库中的DDL和DML操作通过二进制日志（BINLOG）传输到从数据库上，然后将这些日志重新执行（重做）；从而使得从数据库的数</description>
    </item>
    
    <item>
      <title>SQL语句及优化</title>
      <link>http://doc.lyr-2000.xyz/post/02.%E6%95%B0%E6%8D%AE%E5%BA%93/01.mysql/6.sql%E8%AF%AD%E5%8F%A5%E5%8F%8A%E4%BC%98%E5%8C%96/</link>
      <pubDate>Sat, 20 Mar 2021 15:49:48 +0000</pubDate>
      
      <guid>http://doc.lyr-2000.xyz/post/02.%E6%95%B0%E6%8D%AE%E5%BA%93/01.mysql/6.sql%E8%AF%AD%E5%8F%A5%E5%8F%8A%E4%BC%98%E5%8C%96/</guid>
      <description>SQL语句分为哪几类 数据定义语言DDL（Data Ddefinition Language）CREATE，DROP，ALTER 主要为以上操作 即对逻辑结构等有操作的，</description>
    </item>
    
    <item>
      <title>事务和锁</title>
      <link>http://doc.lyr-2000.xyz/post/02.%E6%95%B0%E6%8D%AE%E5%BA%93/01.mysql/4.%E4%BA%8B%E5%8A%A1%E5%92%8C%E9%94%81/</link>
      <pubDate>Sat, 20 Mar 2021 15:49:48 +0000</pubDate>
      
      <guid>http://doc.lyr-2000.xyz/post/02.%E6%95%B0%E6%8D%AE%E5%BA%93/01.mysql/4.%E4%BA%8B%E5%8A%A1%E5%92%8C%E9%94%81/</guid>
      <description>概念 事务是一个不可分割的数据库操作序列，也是数据库并发控制的基本单位，其执行的结果必须使数据库从一种一致性状态变到另一种一致性状态。事务是逻</description>
    </item>
    
    <item>
      <title>分布式锁，过期策略，淘汰规则</title>
      <link>http://doc.lyr-2000.xyz/post/02.%E6%95%B0%E6%8D%AE%E5%BA%93/02.redis/5.-%E5%88%86%E5%B8%83%E5%BC%8F%E9%94%81%E8%BF%87%E6%9C%9F%E7%AD%96%E7%95%A5%E6%B7%98%E6%B1%B0%E8%A7%84%E5%88%99/</link>
      <pubDate>Sat, 20 Mar 2021 15:49:48 +0000</pubDate>
      
      <guid>http://doc.lyr-2000.xyz/post/02.%E6%95%B0%E6%8D%AE%E5%BA%93/02.redis/5.-%E5%88%86%E5%B8%83%E5%BC%8F%E9%94%81%E8%BF%87%E6%9C%9F%E7%AD%96%E7%95%A5%E6%B7%98%E6%B1%B0%E8%A7%84%E5%88%99/</guid>
      <description>分布式锁 在日常情况下在进程或线程中我们可以使用 synchronized 、Lock 实现并发编程，但是我， 如何在分布式集群下使用呢？可以使用 Redisson ， Zookeeper ，Redis本身 分布</description>
    </item>
    
    <item>
      <title>原理</title>
      <link>http://doc.lyr-2000.xyz/post/02.%E6%95%B0%E6%8D%AE%E5%BA%93/02.redis/3.%E5%8E%9F%E7%90%86/</link>
      <pubDate>Sat, 20 Mar 2021 15:49:48 +0000</pubDate>
      
      <guid>http://doc.lyr-2000.xyz/post/02.%E6%95%B0%E6%8D%AE%E5%BA%93/02.redis/3.%E5%8E%9F%E7%90%86/</guid>
      <description>为什么Redis速度那么快 基于内存实现 数据结构高效，底层多种数据结构支持不同的数据类型，比如HyperLogLog它连2个字节都不想浪费 提供</description>
    </item>
    
    <item>
      <title>常见问题</title>
      <link>http://doc.lyr-2000.xyz/post/02.%E6%95%B0%E6%8D%AE%E5%BA%93/02.redis/4.%E5%B8%B8%E8%A7%81%E9%97%AE%E9%A2%98/</link>
      <pubDate>Sat, 20 Mar 2021 15:49:48 +0000</pubDate>
      
      <guid>http://doc.lyr-2000.xyz/post/02.%E6%95%B0%E6%8D%AE%E5%BA%93/02.redis/4.%E5%B8%B8%E8%A7%81%E9%97%AE%E9%A2%98/</guid>
      <description>缓存雪崩 Redis中大批量key在同一时间同时失效导致所有请求都打到了MySQL。而MySQL扛不住导致大面积崩塌 解决方案 缓存数据的过期时间</description>
    </item>
    
    <item>
      <title>引擎</title>
      <link>http://doc.lyr-2000.xyz/post/02.%E6%95%B0%E6%8D%AE%E5%BA%93/01.mysql/2.%E5%BC%95%E6%93%8E/</link>
      <pubDate>Sat, 20 Mar 2021 15:49:48 +0000</pubDate>
      
      <guid>http://doc.lyr-2000.xyz/post/02.%E6%95%B0%E6%8D%AE%E5%BA%93/01.mysql/2.%E5%BC%95%E6%93%8E/</guid>
      <description>常考的主要分为InnoDB，MyISAM 主要区别 InnoDB引擎的4大特性 插入缓冲（insert buffer) 二次写(double write) 自适应哈希索引(ah</description>
    </item>
    
    <item>
      <title>持久化</title>
      <link>http://doc.lyr-2000.xyz/post/02.%E6%95%B0%E6%8D%AE%E5%BA%93/02.redis/2.%E6%8C%81%E4%B9%85%E5%8C%96/</link>
      <pubDate>Sat, 20 Mar 2021 15:49:48 +0000</pubDate>
      
      <guid>http://doc.lyr-2000.xyz/post/02.%E6%95%B0%E6%8D%AE%E5%BA%93/02.redis/2.%E6%8C%81%E4%B9%85%E5%8C%96/</guid>
      <description>包括 RDB 和 AOF 两种机制，下面分别进行说明 RDB RDB 持久化机制，是对 Redis 中的数据执行周期性的持久化。更适合做冷备。 优点： 压缩后的二进制文，适用于备份、全量</description>
    </item>
    
    <item>
      <title>数据库基础</title>
      <link>http://doc.lyr-2000.xyz/post/02.%E6%95%B0%E6%8D%AE%E5%BA%93/01.mysql/1.%E6%95%B0%E6%8D%AE%E5%BA%93%E5%9F%BA%E7%A1%80/</link>
      <pubDate>Sat, 20 Mar 2021 15:49:48 +0000</pubDate>
      
      <guid>http://doc.lyr-2000.xyz/post/02.%E6%95%B0%E6%8D%AE%E5%BA%93/01.mysql/1.%E6%95%B0%E6%8D%AE%E5%BA%93%E5%9F%BA%E7%A1%80/</guid>
      <description>数据库三大范式 第一范式（属性不可再分） 如果数据库表中的所有字段值都是不可分解的原子值，就说明该数据库表满足了第一范式。 第二范式（每个非主属性</description>
    </item>
    
    <item>
      <title>数据类型</title>
      <link>http://doc.lyr-2000.xyz/post/02.%E6%95%B0%E6%8D%AE%E5%BA%93/02.redis/1.%E6%95%B0%E6%8D%AE%E7%B1%BB%E5%9E%8B/</link>
      <pubDate>Sat, 20 Mar 2021 15:49:48 +0000</pubDate>
      
      <guid>http://doc.lyr-2000.xyz/post/02.%E6%95%B0%E6%8D%AE%E5%BA%93/02.redis/1.%E6%95%B0%E6%8D%AE%E7%B1%BB%E5%9E%8B/</guid>
      <description>本文参考：硬核Redis总结，看这篇就够了！ (qq.com) 8大基本数据类型 String 适用于简单key-value存储、setnx key value实现分布式锁、计数器</description>
    </item>
    
    <item>
      <title>索引</title>
      <link>http://doc.lyr-2000.xyz/post/02.%E6%95%B0%E6%8D%AE%E5%BA%93/01.mysql/3.%E7%B4%A2%E5%BC%95/</link>
      <pubDate>Sat, 20 Mar 2021 15:49:48 +0000</pubDate>
      
      <guid>http://doc.lyr-2000.xyz/post/02.%E6%95%B0%E6%8D%AE%E5%BA%93/01.mysql/3.%E7%B4%A2%E5%BC%95/</guid>
      <description>概念 索引是一种特殊的文件(InnoDB数据表上的索引是表空间的一个组成部分)，它们包含着对数据表里所有记录的引用指针。 索引是一种数据结构。数</description>
    </item>
    
    <item>
      <title>视图，存储过程，函数，触发器</title>
      <link>http://doc.lyr-2000.xyz/post/02.%E6%95%B0%E6%8D%AE%E5%BA%93/01.mysql/5.%E8%A7%86%E5%9B%BE%E5%AD%98%E5%82%A8%E8%BF%87%E7%A8%8B%E5%87%BD%E6%95%B0%E8%A7%A6%E5%8F%91%E5%99%A8/</link>
      <pubDate>Sat, 20 Mar 2021 15:49:48 +0000</pubDate>
      
      <guid>http://doc.lyr-2000.xyz/post/02.%E6%95%B0%E6%8D%AE%E5%BA%93/01.mysql/5.%E8%A7%86%E5%9B%BE%E5%AD%98%E5%82%A8%E8%BF%87%E7%A8%8B%E5%87%BD%E6%95%B0%E8%A7%A6%E5%8F%91%E5%99%A8/</guid>
      <description>什么是视图 所谓视图，本质上是一种虚拟表，在物理上是不存在的，其内容与真实的表相似，包含一系列带有名称的列和行数据。但是，视图并不在数据库中以</description>
    </item>
    
    <item>
      <title>集群和限流</title>
      <link>http://doc.lyr-2000.xyz/post/02.%E6%95%B0%E6%8D%AE%E5%BA%93/02.redis/6.%E9%9B%86%E7%BE%A4%E5%92%8C%E9%99%90%E6%B5%81/</link>
      <pubDate>Sat, 20 Mar 2021 15:49:48 +0000</pubDate>
      
      <guid>http://doc.lyr-2000.xyz/post/02.%E6%95%B0%E6%8D%AE%E5%BA%93/02.redis/6.%E9%9B%86%E7%BE%A4%E5%92%8C%E9%99%90%E6%B5%81/</guid>
      <description>Redis有下面四种部署方式 模式 优点 缺点 单机版 架构简单，部署方便 机器故障、容量瓶颈、QPS瓶颈 主从复制 高可靠性，读写分离 故障恢复复杂，主库的</description>
    </item>
    
  </channel>
</rss>
