<?xml version="1.0" encoding="utf-8" standalone="yes"?>
<rss version="2.0" xmlns:atom="http://www.w3.org/2005/Atom">
  <channel>
    <title>计算机网络 on Even - A super concise theme for Hugo</title>
    <link>http://doc.lyr-2000.xyz/categories/%E8%AE%A1%E7%AE%97%E6%9C%BA%E7%BD%91%E7%BB%9C/</link>
    <description>Recent content in 计算机网络 on Even - A super concise theme for Hugo</description>
    <generator>Hugo -- gohugo.io</generator>
    <language>en</language>
    <copyright>lyr</copyright>
    <lastBuildDate>Wed, 31 Mar 2021 14:28:27 +0000</lastBuildDate><atom:link href="http://doc.lyr-2000.xyz/categories/%E8%AE%A1%E7%AE%97%E6%9C%BA%E7%BD%91%E7%BB%9C/index.xml" rel="self" type="application/rss+xml" />
    <item>
      <title>安全相关</title>
      <link>http://doc.lyr-2000.xyz/post/03.%E5%9F%BA%E7%A1%80%E5%AD%A6%E7%A7%91/02.%E8%AE%A1%E7%AE%97%E6%9C%BA%E7%BD%91%E7%BB%9C/7.%E5%AE%89%E5%85%A8%E7%9B%B8%E5%85%B3/</link>
      <pubDate>Wed, 31 Mar 2021 14:28:27 +0000</pubDate>
      
      <guid>http://doc.lyr-2000.xyz/post/03.%E5%9F%BA%E7%A1%80%E5%AD%A6%E7%A7%91/02.%E8%AE%A1%E7%AE%97%E6%9C%BA%E7%BD%91%E7%BB%9C/7.%E5%AE%89%E5%85%A8%E7%9B%B8%E5%85%B3/</guid>
      <description>TLS是啥 SSL/TLS协议其实就是一个安全通信的协议，https采用的就是这个协议来实现安全传输，这个地方主要会问你https的工作原理 TLS</description>
    </item>
    
    <item>
      <title>高频面试题总结</title>
      <link>http://doc.lyr-2000.xyz/post/03.%E5%9F%BA%E7%A1%80%E5%AD%A6%E7%A7%91/02.%E8%AE%A1%E7%AE%97%E6%9C%BA%E7%BD%91%E7%BB%9C/6.%E9%AB%98%E9%A2%91%E9%9D%A2%E8%AF%95%E9%A2%98%E6%80%BB%E7%BB%93/</link>
      <pubDate>Mon, 22 Mar 2021 20:16:49 +0000</pubDate>
      
      <guid>http://doc.lyr-2000.xyz/post/03.%E5%9F%BA%E7%A1%80%E5%AD%A6%E7%A7%91/02.%E8%AE%A1%E7%AE%97%E6%9C%BA%E7%BD%91%E7%BB%9C/6.%E9%AB%98%E9%A2%91%E9%9D%A2%E8%AF%95%E9%A2%98%E6%80%BB%E7%BB%93/</guid>
      <description>不知道从哪找的 浏览器禁用 Cookie怎么保存状态 此时无法使用 Cookie 来保存用户信息，只能使用 Session。除此之外，不能再将 Session ID 存放到 Cookie 中，而是</description>
    </item>
    
    <item>
      <title>体系结构</title>
      <link>http://doc.lyr-2000.xyz/post/03.%E5%9F%BA%E7%A1%80%E5%AD%A6%E7%A7%91/02.%E8%AE%A1%E7%AE%97%E6%9C%BA%E7%BD%91%E7%BB%9C/1.%E4%BD%93%E7%B3%BB%E7%BB%93%E6%9E%84/</link>
      <pubDate>Sat, 20 Mar 2021 15:50:06 +0000</pubDate>
      
      <guid>http://doc.lyr-2000.xyz/post/03.%E5%9F%BA%E7%A1%80%E5%AD%A6%E7%A7%91/02.%E8%AE%A1%E7%AE%97%E6%9C%BA%E7%BD%91%E7%BB%9C/1.%E4%BD%93%E7%B3%BB%E7%BB%93%E6%9E%84/</guid>
      <description>七层模型 五层模型 网络协议三要素 语法：即数据与控制信息的结构或格式。 语义：即需要发出何种控制信息，完成何种动作以及做出何种响应。 同步：即事件实</description>
    </item>
    
    <item>
      <title>应用层(HTTP,SMTP)</title>
      <link>http://doc.lyr-2000.xyz/post/03.%E5%9F%BA%E7%A1%80%E5%AD%A6%E7%A7%91/02.%E8%AE%A1%E7%AE%97%E6%9C%BA%E7%BD%91%E7%BB%9C/5.%E5%BA%94%E7%94%A8%E5%B1%82httpsmtp/</link>
      <pubDate>Sat, 20 Mar 2021 15:50:06 +0000</pubDate>
      
      <guid>http://doc.lyr-2000.xyz/post/03.%E5%9F%BA%E7%A1%80%E5%AD%A6%E7%A7%91/02.%E8%AE%A1%E7%AE%97%E6%9C%BA%E7%BD%91%E7%BB%9C/5.%E5%BA%94%E7%94%A8%E5%B1%82httpsmtp/</guid>
      <description>HTTP协议特点 HTTP和HTTPS的区别 端口不同：HTTP使用的是80端口，HTTPS使用443端口； HTTP认证机制，更加安全； HTTP</description>
    </item>
    
    <item>
      <title>硬件层</title>
      <link>http://doc.lyr-2000.xyz/post/03.%E5%9F%BA%E7%A1%80%E5%AD%A6%E7%A7%91/02.%E8%AE%A1%E7%AE%97%E6%9C%BA%E7%BD%91%E7%BB%9C/2.%E7%A1%AC%E4%BB%B6%E5%B1%82/</link>
      <pubDate>Sat, 20 Mar 2021 15:50:06 +0000</pubDate>
      
      <guid>http://doc.lyr-2000.xyz/post/03.%E5%9F%BA%E7%A1%80%E5%AD%A6%E7%A7%91/02.%E8%AE%A1%E7%AE%97%E6%9C%BA%E7%BD%91%E7%BB%9C/2.%E7%A1%AC%E4%BB%B6%E5%B1%82/</guid>
      <description>硬件层分为物理层和数据链路层 三种通讯方式 通信的三种基本方式：单工、半双工、双工 物理层几大特性 （1） 机械特性：指明接口所用接线器的形状和尺寸、</description>
    </item>
    
    <item>
      <title>网络层(IP,ICMP,ARP)</title>
      <link>http://doc.lyr-2000.xyz/post/03.%E5%9F%BA%E7%A1%80%E5%AD%A6%E7%A7%91/02.%E8%AE%A1%E7%AE%97%E6%9C%BA%E7%BD%91%E7%BB%9C/3.%E7%BD%91%E7%BB%9C%E5%B1%82ipicmparp/</link>
      <pubDate>Sat, 20 Mar 2021 15:50:06 +0000</pubDate>
      
      <guid>http://doc.lyr-2000.xyz/post/03.%E5%9F%BA%E7%A1%80%E5%AD%A6%E7%A7%91/02.%E8%AE%A1%E7%AE%97%E6%9C%BA%E7%BD%91%E7%BB%9C/3.%E7%BD%91%E7%BB%9C%E5%B1%82ipicmparp/</guid>
      <description>ARP协议和ARP攻击 ARP协议完成了IP地址与物理地址的映射。每一个主机都设有一个 ARP 高速缓存，里面有所在的局域网上的各主机和路由器的 IP 地址</description>
    </item>
    
    <item>
      <title>运输层(TCP,UDP)</title>
      <link>http://doc.lyr-2000.xyz/post/03.%E5%9F%BA%E7%A1%80%E5%AD%A6%E7%A7%91/02.%E8%AE%A1%E7%AE%97%E6%9C%BA%E7%BD%91%E7%BB%9C/4.%E8%BF%90%E8%BE%93%E5%B1%82tcpudp/</link>
      <pubDate>Sat, 20 Mar 2021 15:50:06 +0000</pubDate>
      
      <guid>http://doc.lyr-2000.xyz/post/03.%E5%9F%BA%E7%A1%80%E5%AD%A6%E7%A7%91/02.%E8%AE%A1%E7%AE%97%E6%9C%BA%E7%BD%91%E7%BB%9C/4.%E8%BF%90%E8%BE%93%E5%B1%82tcpudp/</guid>
      <description>TCP的三次握手 问题1 TCP可以建立两次握手嘛 不可以。有两个原因：首先，可能会出现已失效的连接请求报文段又传到了服务器端。 其次，两次握手无法</description>
    </item>
    
  </channel>
</rss>
