<?xml version="1.0" encoding="utf-8" standalone="yes"?>
<rss version="2.0" xmlns:atom="http://www.w3.org/2005/Atom">
  <channel>
    <title>初识 TypeScript on Even - A super concise theme for Hugo</title>
    <link>http://doc.lyr-2000.xyz/categories/%E5%88%9D%E8%AF%86-typescript/</link>
    <description>Recent content in 初识 TypeScript on Even - A super concise theme for Hugo</description>
    <generator>Hugo -- gohugo.io</generator>
    <language>en</language>
    <copyright>lyr</copyright>
    <lastBuildDate>Sun, 05 Jan 2020 10:15:07 +0000</lastBuildDate><atom:link href="http://doc.lyr-2000.xyz/categories/%E5%88%9D%E8%AF%86-typescript/index.xml" rel="self" type="application/rss+xml" />
    <item>
      <title>安装 TypeScript</title>
      <link>http://doc.lyr-2000.xyz/post/09.%E5%89%8D%E7%AB%AF/11.typescript-%E4%BB%8E%E9%9B%B6%E5%AE%9E%E7%8E%B0-axios/01.%E5%88%9D%E8%AF%86-typescript/02.%E5%AE%89%E8%A3%85-typescript/</link>
      <pubDate>Sun, 05 Jan 2020 10:15:07 +0000</pubDate>
      
      <guid>http://doc.lyr-2000.xyz/post/09.%E5%89%8D%E7%AB%AF/11.typescript-%E4%BB%8E%E9%9B%B6%E5%AE%9E%E7%8E%B0-axios/01.%E5%88%9D%E8%AF%86-typescript/02.%E5%AE%89%E8%A3%85-typescript/</guid>
      <description>安装 TypeScript 命令行运行如下命令，全局安装 TypeScript： 1 npm install -g typescript 安装完成后，在控制台运行如下命令，检查安装是否成功(3.x)： 1 tsc -V</description>
    </item>
    
    <item>
      <title>简介</title>
      <link>http://doc.lyr-2000.xyz/post/09.%E5%89%8D%E7%AB%AF/11.typescript-%E4%BB%8E%E9%9B%B6%E5%AE%9E%E7%8E%B0-axios/01.%E5%88%9D%E8%AF%86-typescript/01.%E7%AE%80%E4%BB%8B/</link>
      <pubDate>Sun, 05 Jan 2020 10:15:07 +0000</pubDate>
      
      <guid>http://doc.lyr-2000.xyz/post/09.%E5%89%8D%E7%AB%AF/11.typescript-%E4%BB%8E%E9%9B%B6%E5%AE%9E%E7%8E%B0-axios/01.%E5%88%9D%E8%AF%86-typescript/01.%E7%AE%80%E4%BB%8B/</guid>
      <description>简介 TypeScript 作为 JavaScript 语言的超集，它为 JavaScript 添加了可选择的类型标注，大大增强了代码的可读性和可维护性。同时，它提供最新和不断发展的 JavaScript 特性，能让我们建立更健</description>
    </item>
    
    <item>
      <title>编写第一个 TypeScript 程序</title>
      <link>http://doc.lyr-2000.xyz/post/09.%E5%89%8D%E7%AB%AF/11.typescript-%E4%BB%8E%E9%9B%B6%E5%AE%9E%E7%8E%B0-axios/01.%E5%88%9D%E8%AF%86-typescript/03.%E7%BC%96%E5%86%99%E7%AC%AC%E4%B8%80%E4%B8%AA-typescript-%E7%A8%8B%E5%BA%8F/</link>
      <pubDate>Sun, 05 Jan 2020 10:15:07 +0000</pubDate>
      
      <guid>http://doc.lyr-2000.xyz/post/09.%E5%89%8D%E7%AB%AF/11.typescript-%E4%BB%8E%E9%9B%B6%E5%AE%9E%E7%8E%B0-axios/01.%E5%88%9D%E8%AF%86-typescript/03.%E7%BC%96%E5%86%99%E7%AC%AC%E4%B8%80%E4%B8%AA-typescript-%E7%A8%8B%E5%BA%8F/</guid>
      <description>编写第一个 TypeScript 程序 在编辑器，将下面的代码输入到 greeter.ts 文件里： 1 2 3 4 5 6 7 function greeter (person) { return &amp;#39;Hello, &amp;#39; + person } let user = &amp;#39;Yee&amp;#39; console.log(greeter(user)) 编译代码 我们使用了 .ts 扩展名，但是这段代码仅</description>
    </item>
    
  </channel>
</rss>
