<?xml version="1.0" encoding="utf-8" standalone="yes"?>
<rss version="2.0" xmlns:atom="http://www.w3.org/2005/Atom">
  <channel>
    <title>Categories on Even - A super concise theme for Hugo</title>
    <link>http://doc.lyr-2000.xyz/categories/</link>
    <description>Recent content in Categories on Even - A super concise theme for Hugo</description>
    <generator>Hugo -- gohugo.io</generator>
    <language>en</language>
    <copyright>lyr</copyright>
    <lastBuildDate>Sat, 08 May 2021 15:27:22 +0000</lastBuildDate><atom:link href="http://doc.lyr-2000.xyz/categories/index.xml" rel="self" type="application/rss+xml" />
    <item>
      <title>4月份面试</title>
      <link>http://doc.lyr-2000.xyz/categories/4%E6%9C%88%E4%BB%BD%E9%9D%A2%E8%AF%95/</link>
      <pubDate>Sat, 08 May 2021 15:27:22 +0000</pubDate>
      
      <guid>http://doc.lyr-2000.xyz/categories/4%E6%9C%88%E4%BB%BD%E9%9D%A2%E8%AF%95/</guid>
      <description></description>
    </item>
    
    <item>
      <title>个人面试</title>
      <link>http://doc.lyr-2000.xyz/categories/%E4%B8%AA%E4%BA%BA%E9%9D%A2%E8%AF%95/</link>
      <pubDate>Sat, 08 May 2021 15:27:22 +0000</pubDate>
      
      <guid>http://doc.lyr-2000.xyz/categories/%E4%B8%AA%E4%BA%BA%E9%9D%A2%E8%AF%95/</guid>
      <description></description>
    </item>
    
    <item>
      <title>Android相关</title>
      <link>http://doc.lyr-2000.xyz/categories/android%E7%9B%B8%E5%85%B3/</link>
      <pubDate>Tue, 20 Apr 2021 21:51:09 +0000</pubDate>
      
      <guid>http://doc.lyr-2000.xyz/categories/android%E7%9B%B8%E5%85%B3/</guid>
      <description></description>
    </item>
    
    <item>
      <title>程序语言</title>
      <link>http://doc.lyr-2000.xyz/categories/%E7%A8%8B%E5%BA%8F%E8%AF%AD%E8%A8%80/</link>
      <pubDate>Tue, 20 Apr 2021 21:51:09 +0000</pubDate>
      
      <guid>http://doc.lyr-2000.xyz/categories/%E7%A8%8B%E5%BA%8F%E8%AF%AD%E8%A8%80/</guid>
      <description></description>
    </item>
    
    <item>
      <title>JAVA</title>
      <link>http://doc.lyr-2000.xyz/categories/java/</link>
      <pubDate>Mon, 19 Apr 2021 10:05:18 +0000</pubDate>
      
      <guid>http://doc.lyr-2000.xyz/categories/java/</guid>
      <description></description>
    </item>
    
    <item>
      <title>基础学科</title>
      <link>http://doc.lyr-2000.xyz/categories/%E5%9F%BA%E7%A1%80%E5%AD%A6%E7%A7%91/</link>
      <pubDate>Sat, 17 Apr 2021 15:24:16 +0000</pubDate>
      
      <guid>http://doc.lyr-2000.xyz/categories/%E5%9F%BA%E7%A1%80%E5%AD%A6%E7%A7%91/</guid>
      <description></description>
    </item>
    
    <item>
      <title>软件工程</title>
      <link>http://doc.lyr-2000.xyz/categories/%E8%BD%AF%E4%BB%B6%E5%B7%A5%E7%A8%8B/</link>
      <pubDate>Sat, 17 Apr 2021 15:24:16 +0000</pubDate>
      
      <guid>http://doc.lyr-2000.xyz/categories/%E8%BD%AF%E4%BB%B6%E5%B7%A5%E7%A8%8B/</guid>
      <description></description>
    </item>
    
    <item>
      <title>笔试题目</title>
      <link>http://doc.lyr-2000.xyz/categories/%E7%AC%94%E8%AF%95%E9%A2%98%E7%9B%AE/</link>
      <pubDate>Thu, 15 Apr 2021 20:48:21 +0000</pubDate>
      
      <guid>http://doc.lyr-2000.xyz/categories/%E7%AC%94%E8%AF%95%E9%A2%98%E7%9B%AE/</guid>
      <description></description>
    </item>
    
    <item>
      <title>算法和数据结构</title>
      <link>http://doc.lyr-2000.xyz/categories/%E7%AE%97%E6%B3%95%E5%92%8C%E6%95%B0%E6%8D%AE%E7%BB%93%E6%9E%84/</link>
      <pubDate>Thu, 15 Apr 2021 20:48:21 +0000</pubDate>
      
      <guid>http://doc.lyr-2000.xyz/categories/%E7%AE%97%E6%B3%95%E5%92%8C%E6%95%B0%E6%8D%AE%E7%BB%93%E6%9E%84/</guid>
      <description></description>
    </item>
    
    <item>
      <title>CodeTop企业题库</title>
      <link>http://doc.lyr-2000.xyz/categories/codetop%E4%BC%81%E4%B8%9A%E9%A2%98%E5%BA%93/</link>
      <pubDate>Thu, 15 Apr 2021 08:34:10 +0000</pubDate>
      
      <guid>http://doc.lyr-2000.xyz/categories/codetop%E4%BC%81%E4%B8%9A%E9%A2%98%E5%BA%93/</guid>
      <description></description>
    </item>
    
    <item>
      <title>其他</title>
      <link>http://doc.lyr-2000.xyz/categories/%E5%85%B6%E4%BB%96/</link>
      <pubDate>Tue, 13 Apr 2021 20:46:05 +0000</pubDate>
      
      <guid>http://doc.lyr-2000.xyz/categories/%E5%85%B6%E4%BB%96/</guid>
      <description></description>
    </item>
    
    <item>
      <title>安全相关</title>
      <link>http://doc.lyr-2000.xyz/categories/%E5%AE%89%E5%85%A8%E7%9B%B8%E5%85%B3/</link>
      <pubDate>Tue, 13 Apr 2021 20:46:05 +0000</pubDate>
      
      <guid>http://doc.lyr-2000.xyz/categories/%E5%AE%89%E5%85%A8%E7%9B%B8%E5%85%B3/</guid>
      <description></description>
    </item>
    
    <item>
      <title>JavaScript和HTML</title>
      <link>http://doc.lyr-2000.xyz/categories/javascript%E5%92%8Chtml/</link>
      <pubDate>Tue, 13 Apr 2021 20:31:38 +0000</pubDate>
      
      <guid>http://doc.lyr-2000.xyz/categories/javascript%E5%92%8Chtml/</guid>
      <description></description>
    </item>
    
    <item>
      <title>JavaScript</title>
      <link>http://doc.lyr-2000.xyz/categories/javascript/</link>
      <pubDate>Mon, 12 Apr 2021 22:18:18 +0000</pubDate>
      
      <guid>http://doc.lyr-2000.xyz/categories/javascript/</guid>
      <description></description>
    </item>
    
    <item>
      <title>CC&#43;&#43;语言</title>
      <link>http://doc.lyr-2000.xyz/categories/cc&#43;&#43;%E8%AF%AD%E8%A8%80/</link>
      <pubDate>Mon, 12 Apr 2021 22:07:02 +0000</pubDate>
      
      <guid>http://doc.lyr-2000.xyz/categories/cc&#43;&#43;%E8%AF%AD%E8%A8%80/</guid>
      <description></description>
    </item>
    
    <item>
      <title>系统相关</title>
      <link>http://doc.lyr-2000.xyz/categories/%E7%B3%BB%E7%BB%9F%E7%9B%B8%E5%85%B3/</link>
      <pubDate>Sun, 11 Apr 2021 18:42:35 +0000</pubDate>
      
      <guid>http://doc.lyr-2000.xyz/categories/%E7%B3%BB%E7%BB%9F%E7%9B%B8%E5%85%B3/</guid>
      <description></description>
    </item>
    
    <item>
      <title>软件和系统</title>
      <link>http://doc.lyr-2000.xyz/categories/%E8%BD%AF%E4%BB%B6%E5%92%8C%E7%B3%BB%E7%BB%9F/</link>
      <pubDate>Sun, 11 Apr 2021 18:42:35 +0000</pubDate>
      
      <guid>http://doc.lyr-2000.xyz/categories/%E8%BD%AF%E4%BB%B6%E5%92%8C%E7%B3%BB%E7%BB%9F/</guid>
      <description></description>
    </item>
    
    <item>
      <title>算法</title>
      <link>http://doc.lyr-2000.xyz/categories/%E7%AE%97%E6%B3%95/</link>
      <pubDate>Sat, 10 Apr 2021 19:06:43 +0000</pubDate>
      
      <guid>http://doc.lyr-2000.xyz/categories/%E7%AE%97%E6%B3%95/</guid>
      <description></description>
    </item>
    
    <item>
      <title>智力题</title>
      <link>http://doc.lyr-2000.xyz/categories/%E6%99%BA%E5%8A%9B%E9%A2%98/</link>
      <pubDate>Sat, 10 Apr 2021 17:17:18 +0000</pubDate>
      
      <guid>http://doc.lyr-2000.xyz/categories/%E6%99%BA%E5%8A%9B%E9%A2%98/</guid>
      <description></description>
    </item>
    
    <item>
      <title>程序员面试</title>
      <link>http://doc.lyr-2000.xyz/categories/%E7%A8%8B%E5%BA%8F%E5%91%98%E9%9D%A2%E8%AF%95/</link>
      <pubDate>Sat, 10 Apr 2021 14:20:24 +0000</pubDate>
      
      <guid>http://doc.lyr-2000.xyz/categories/%E7%A8%8B%E5%BA%8F%E5%91%98%E9%9D%A2%E8%AF%95/</guid>
      <description></description>
    </item>
    
    <item>
      <title>spring全家桶</title>
      <link>http://doc.lyr-2000.xyz/categories/spring%E5%85%A8%E5%AE%B6%E6%A1%B6/</link>
      <pubDate>Wed, 07 Apr 2021 17:21:53 +0000</pubDate>
      
      <guid>http://doc.lyr-2000.xyz/categories/spring%E5%85%A8%E5%AE%B6%E6%A1%B6/</guid>
      <description></description>
    </item>
    
    <item>
      <title>框架</title>
      <link>http://doc.lyr-2000.xyz/categories/%E6%A1%86%E6%9E%B6/</link>
      <pubDate>Wed, 07 Apr 2021 17:21:53 +0000</pubDate>
      
      <guid>http://doc.lyr-2000.xyz/categories/%E6%A1%86%E6%9E%B6/</guid>
      <description></description>
    </item>
    
    <item>
      <title>Hook</title>
      <link>http://doc.lyr-2000.xyz/categories/hook/</link>
      <pubDate>Tue, 06 Apr 2021 19:13:06 +0000</pubDate>
      
      <guid>http://doc.lyr-2000.xyz/categories/hook/</guid>
      <description></description>
    </item>
    
    <item>
      <title>《React》笔记</title>
      <link>http://doc.lyr-2000.xyz/categories/react%E7%AC%94%E8%AE%B0/</link>
      <pubDate>Tue, 06 Apr 2021 19:13:06 +0000</pubDate>
      
      <guid>http://doc.lyr-2000.xyz/categories/react%E7%AC%94%E8%AE%B0/</guid>
      <description></description>
    </item>
    
    <item>
      <title>MongoDB</title>
      <link>http://doc.lyr-2000.xyz/categories/mongodb/</link>
      <pubDate>Tue, 06 Apr 2021 13:26:55 +0000</pubDate>
      
      <guid>http://doc.lyr-2000.xyz/categories/mongodb/</guid>
      <description></description>
    </item>
    
    <item>
      <title>数据库</title>
      <link>http://doc.lyr-2000.xyz/categories/%E6%95%B0%E6%8D%AE%E5%BA%93/</link>
      <pubDate>Tue, 06 Apr 2021 13:26:55 +0000</pubDate>
      
      <guid>http://doc.lyr-2000.xyz/categories/%E6%95%B0%E6%8D%AE%E5%BA%93/</guid>
      <description></description>
    </item>
    
    <item>
      <title>重点手撕代码</title>
      <link>http://doc.lyr-2000.xyz/categories/%E9%87%8D%E7%82%B9%E6%89%8B%E6%92%95%E4%BB%A3%E7%A0%81/</link>
      <pubDate>Thu, 01 Apr 2021 15:53:40 +0000</pubDate>
      
      <guid>http://doc.lyr-2000.xyz/categories/%E9%87%8D%E7%82%B9%E6%89%8B%E6%92%95%E4%BB%A3%E7%A0%81/</guid>
      <description></description>
    </item>
    
    <item>
      <title>业务问题</title>
      <link>http://doc.lyr-2000.xyz/categories/%E4%B8%9A%E5%8A%A1%E9%97%AE%E9%A2%98/</link>
      <pubDate>Wed, 31 Mar 2021 20:48:35 +0000</pubDate>
      
      <guid>http://doc.lyr-2000.xyz/categories/%E4%B8%9A%E5%8A%A1%E9%97%AE%E9%A2%98/</guid>
      <description></description>
    </item>
    
    <item>
      <title>一些技术</title>
      <link>http://doc.lyr-2000.xyz/categories/%E4%B8%80%E4%BA%9B%E6%8A%80%E6%9C%AF/</link>
      <pubDate>Wed, 31 Mar 2021 20:48:33 +0000</pubDate>
      
      <guid>http://doc.lyr-2000.xyz/categories/%E4%B8%80%E4%BA%9B%E6%8A%80%E6%9C%AF/</guid>
      <description></description>
    </item>
    
    <item>
      <title>操作系统</title>
      <link>http://doc.lyr-2000.xyz/categories/%E6%93%8D%E4%BD%9C%E7%B3%BB%E7%BB%9F/</link>
      <pubDate>Wed, 31 Mar 2021 16:53:08 +0000</pubDate>
      
      <guid>http://doc.lyr-2000.xyz/categories/%E6%93%8D%E4%BD%9C%E7%B3%BB%E7%BB%9F/</guid>
      <description></description>
    </item>
    
    <item>
      <title>计算机网络</title>
      <link>http://doc.lyr-2000.xyz/categories/%E8%AE%A1%E7%AE%97%E6%9C%BA%E7%BD%91%E7%BB%9C/</link>
      <pubDate>Wed, 31 Mar 2021 14:28:27 +0000</pubDate>
      
      <guid>http://doc.lyr-2000.xyz/categories/%E8%AE%A1%E7%AE%97%E6%9C%BA%E7%BD%91%E7%BB%9C/</guid>
      <description></description>
    </item>
    
    <item>
      <title>Redis</title>
      <link>http://doc.lyr-2000.xyz/categories/redis/</link>
      <pubDate>Wed, 31 Mar 2021 10:24:33 +0000</pubDate>
      
      <guid>http://doc.lyr-2000.xyz/categories/redis/</guid>
      <description></description>
    </item>
    
    <item>
      <title>中间件</title>
      <link>http://doc.lyr-2000.xyz/categories/%E4%B8%AD%E9%97%B4%E4%BB%B6/</link>
      <pubDate>Tue, 30 Mar 2021 21:34:02 +0000</pubDate>
      
      <guid>http://doc.lyr-2000.xyz/categories/%E4%B8%AD%E9%97%B4%E4%BB%B6/</guid>
      <description></description>
    </item>
    
    <item>
      <title>剑指offer</title>
      <link>http://doc.lyr-2000.xyz/categories/%E5%89%91%E6%8C%87offer/</link>
      <pubDate>Mon, 29 Mar 2021 08:56:23 +0000</pubDate>
      
      <guid>http://doc.lyr-2000.xyz/categories/%E5%89%91%E6%8C%87offer/</guid>
      <description></description>
    </item>
    
    <item>
      <title>MySQL</title>
      <link>http://doc.lyr-2000.xyz/categories/mysql/</link>
      <pubDate>Mon, 29 Mar 2021 08:33:41 +0000</pubDate>
      
      <guid>http://doc.lyr-2000.xyz/categories/mysql/</guid>
      <description></description>
    </item>
    
    <item>
      <title>3月份面试</title>
      <link>http://doc.lyr-2000.xyz/categories/3%E6%9C%88%E4%BB%BD%E9%9D%A2%E8%AF%95/</link>
      <pubDate>Sat, 27 Mar 2021 15:45:53 +0000</pubDate>
      
      <guid>http://doc.lyr-2000.xyz/categories/3%E6%9C%88%E4%BB%BD%E9%9D%A2%E8%AF%95/</guid>
      <description></description>
    </item>
    
    <item>
      <title>案例演示</title>
      <link>http://doc.lyr-2000.xyz/categories/%E6%A1%88%E4%BE%8B%E6%BC%94%E7%A4%BA/</link>
      <pubDate>Sat, 27 Mar 2021 15:04:09 +0000</pubDate>
      
      <guid>http://doc.lyr-2000.xyz/categories/%E6%A1%88%E4%BE%8B%E6%BC%94%E7%A4%BA/</guid>
      <description></description>
    </item>
    
    <item>
      <title>消息队列</title>
      <link>http://doc.lyr-2000.xyz/categories/%E6%B6%88%E6%81%AF%E9%98%9F%E5%88%97/</link>
      <pubDate>Sat, 27 Mar 2021 14:09:54 +0000</pubDate>
      
      <guid>http://doc.lyr-2000.xyz/categories/%E6%B6%88%E6%81%AF%E9%98%9F%E5%88%97/</guid>
      <description></description>
    </item>
    
    <item>
      <title>Go</title>
      <link>http://doc.lyr-2000.xyz/categories/go/</link>
      <pubDate>Sat, 27 Mar 2021 09:03:04 +0000</pubDate>
      
      <guid>http://doc.lyr-2000.xyz/categories/go/</guid>
      <description></description>
    </item>
    
    <item>
      <title>核心概念</title>
      <link>http://doc.lyr-2000.xyz/categories/%E6%A0%B8%E5%BF%83%E6%A6%82%E5%BF%B5/</link>
      <pubDate>Fri, 26 Mar 2021 17:56:40 +0000</pubDate>
      
      <guid>http://doc.lyr-2000.xyz/categories/%E6%A0%B8%E5%BF%83%E6%A6%82%E5%BF%B5/</guid>
      <description></description>
    </item>
    
    <item>
      <title>高级指引</title>
      <link>http://doc.lyr-2000.xyz/categories/%E9%AB%98%E7%BA%A7%E6%8C%87%E5%BC%95/</link>
      <pubDate>Thu, 25 Mar 2021 19:46:01 +0000</pubDate>
      
      <guid>http://doc.lyr-2000.xyz/categories/%E9%AB%98%E7%BA%A7%E6%8C%87%E5%BC%95/</guid>
      <description></description>
    </item>
    
    <item>
      <title>软件使用</title>
      <link>http://doc.lyr-2000.xyz/categories/%E8%BD%AF%E4%BB%B6%E4%BD%BF%E7%94%A8/</link>
      <pubDate>Thu, 25 Mar 2021 16:10:58 +0000</pubDate>
      
      <guid>http://doc.lyr-2000.xyz/categories/%E8%BD%AF%E4%BB%B6%E4%BD%BF%E7%94%A8/</guid>
      <description></description>
    </item>
    
    <item>
      <title>设计模式</title>
      <link>http://doc.lyr-2000.xyz/categories/%E8%AE%BE%E8%AE%A1%E6%A8%A1%E5%BC%8F/</link>
      <pubDate>Thu, 25 Mar 2021 15:56:50 +0000</pubDate>
      
      <guid>http://doc.lyr-2000.xyz/categories/%E8%AE%BE%E8%AE%A1%E6%A8%A1%E5%BC%8F/</guid>
      <description></description>
    </item>
    
    <item>
      <title>CMU硕士经典100题</title>
      <link>http://doc.lyr-2000.xyz/categories/cmu%E7%A1%95%E5%A3%AB%E7%BB%8F%E5%85%B8100%E9%A2%98/</link>
      <pubDate>Wed, 24 Mar 2021 21:55:29 +0000</pubDate>
      
      <guid>http://doc.lyr-2000.xyz/categories/cmu%E7%A1%95%E5%A3%AB%E7%BB%8F%E5%85%B8100%E9%A2%98/</guid>
      <description></description>
    </item>
    
    <item>
      <title>mybatis</title>
      <link>http://doc.lyr-2000.xyz/categories/mybatis/</link>
      <pubDate>Tue, 23 Mar 2021 21:00:12 +0000</pubDate>
      
      <guid>http://doc.lyr-2000.xyz/categories/mybatis/</guid>
      <description></description>
    </item>
    
    <item>
      <title>C语言</title>
      <link>http://doc.lyr-2000.xyz/categories/c%E8%AF%AD%E8%A8%80/</link>
      <pubDate>Mon, 22 Mar 2021 14:00:08 +0000</pubDate>
      
      <guid>http://doc.lyr-2000.xyz/categories/c%E8%AF%AD%E8%A8%80/</guid>
      <description></description>
    </item>
    
    <item>
      <title>字节跳动</title>
      <link>http://doc.lyr-2000.xyz/categories/%E5%AD%97%E8%8A%82%E8%B7%B3%E5%8A%A8/</link>
      <pubDate>Mon, 22 Mar 2021 10:43:52 +0000</pubDate>
      
      <guid>http://doc.lyr-2000.xyz/categories/%E5%AD%97%E8%8A%82%E8%B7%B3%E5%8A%A8/</guid>
      <description></description>
    </item>
    
    <item>
      <title>数据结构</title>
      <link>http://doc.lyr-2000.xyz/categories/%E6%95%B0%E6%8D%AE%E7%BB%93%E6%9E%84/</link>
      <pubDate>Sun, 21 Mar 2021 19:05:37 +0000</pubDate>
      
      <guid>http://doc.lyr-2000.xyz/categories/%E6%95%B0%E6%8D%AE%E7%BB%93%E6%9E%84/</guid>
      <description></description>
    </item>
    
    <item>
      <title>NoSQL</title>
      <link>http://doc.lyr-2000.xyz/categories/nosql/</link>
      <pubDate>Sat, 20 Mar 2021 15:49:48 +0000</pubDate>
      
      <guid>http://doc.lyr-2000.xyz/categories/nosql/</guid>
      <description></description>
    </item>
    
    <item>
      <title>前端</title>
      <link>http://doc.lyr-2000.xyz/categories/%E5%89%8D%E7%AB%AF/</link>
      <pubDate>Sat, 27 Feb 2021 20:01:18 +0000</pubDate>
      
      <guid>http://doc.lyr-2000.xyz/categories/%E5%89%8D%E7%AB%AF/</guid>
      <description></description>
    </item>
    
    <item>
      <title>学习笔记</title>
      <link>http://doc.lyr-2000.xyz/categories/%E5%AD%A6%E4%B9%A0%E7%AC%94%E8%AE%B0/</link>
      <pubDate>Sat, 27 Feb 2021 20:01:18 +0000</pubDate>
      
      <guid>http://doc.lyr-2000.xyz/categories/%E5%AD%A6%E4%B9%A0%E7%AC%94%E8%AE%B0/</guid>
      <description></description>
    </item>
    
    <item>
      <title>《Git》学习笔记</title>
      <link>http://doc.lyr-2000.xyz/categories/git%E5%AD%A6%E4%B9%A0%E7%AC%94%E8%AE%B0/</link>
      <pubDate>Wed, 18 Nov 2020 17:46:22 +0000</pubDate>
      
      <guid>http://doc.lyr-2000.xyz/categories/git%E5%AD%A6%E4%B9%A0%E7%AC%94%E8%AE%B0/</guid>
      <description></description>
    </item>
    
    <item>
      <title>实用技巧</title>
      <link>http://doc.lyr-2000.xyz/categories/%E5%AE%9E%E7%94%A8%E6%8A%80%E5%B7%A7/</link>
      <pubDate>Mon, 09 Nov 2020 11:05:29 +0000</pubDate>
      
      <guid>http://doc.lyr-2000.xyz/categories/%E5%AE%9E%E7%94%A8%E6%8A%80%E5%B7%A7/</guid>
      <description></description>
    </item>
    
    <item>
      <title>更多</title>
      <link>http://doc.lyr-2000.xyz/categories/%E6%9B%B4%E5%A4%9A/</link>
      <pubDate>Mon, 09 Nov 2020 11:05:29 +0000</pubDate>
      
      <guid>http://doc.lyr-2000.xyz/categories/%E6%9B%B4%E5%A4%9A/</guid>
      <description></description>
    </item>
    
    <item>
      <title>CSS</title>
      <link>http://doc.lyr-2000.xyz/categories/css/</link>
      <pubDate>Tue, 11 Aug 2020 17:13:52 +0000</pubDate>
      
      <guid>http://doc.lyr-2000.xyz/categories/css/</guid>
      <description></description>
    </item>
    
    <item>
      <title>页面</title>
      <link>http://doc.lyr-2000.xyz/categories/%E9%A1%B5%E9%9D%A2/</link>
      <pubDate>Tue, 11 Aug 2020 17:13:52 +0000</pubDate>
      
      <guid>http://doc.lyr-2000.xyz/categories/%E9%A1%B5%E9%9D%A2/</guid>
      <description></description>
    </item>
    
    <item>
      <title>Vuex</title>
      <link>http://doc.lyr-2000.xyz/categories/vuex/</link>
      <pubDate>Sat, 08 Aug 2020 10:38:33 +0000</pubDate>
      
      <guid>http://doc.lyr-2000.xyz/categories/vuex/</guid>
      <description></description>
    </item>
    
    <item>
      <title>《Vue》笔记</title>
      <link>http://doc.lyr-2000.xyz/categories/vue%E7%AC%94%E8%AE%B0/</link>
      <pubDate>Sat, 08 Aug 2020 10:38:33 +0000</pubDate>
      
      <guid>http://doc.lyr-2000.xyz/categories/vue%E7%AC%94%E8%AE%B0/</guid>
      <description></description>
    </item>
    
    <item>
      <title>心情杂货</title>
      <link>http://doc.lyr-2000.xyz/categories/%E5%BF%83%E6%83%85%E6%9D%82%E8%B4%A7/</link>
      <pubDate>Wed, 22 Jul 2020 13:05:49 +0000</pubDate>
      
      <guid>http://doc.lyr-2000.xyz/categories/%E5%BF%83%E6%83%85%E6%9D%82%E8%B4%A7/</guid>
      <description></description>
    </item>
    
    <item>
      <title>学习</title>
      <link>http://doc.lyr-2000.xyz/categories/%E5%AD%A6%E4%B9%A0/</link>
      <pubDate>Thu, 16 Jul 2020 11:00:55 +0000</pubDate>
      
      <guid>http://doc.lyr-2000.xyz/categories/%E5%AD%A6%E4%B9%A0/</guid>
      <description></description>
    </item>
    
    <item>
      <title>笔记</title>
      <link>http://doc.lyr-2000.xyz/categories/%E7%AC%94%E8%AE%B0/</link>
      <pubDate>Fri, 12 Jun 2020 12:39:01 +0000</pubDate>
      
      <guid>http://doc.lyr-2000.xyz/categories/%E7%AC%94%E8%AE%B0/</guid>
      <description></description>
    </item>
    
    <item>
      <title>JavaScript文章</title>
      <link>http://doc.lyr-2000.xyz/categories/javascript%E6%96%87%E7%AB%A0/</link>
      <pubDate>Mon, 13 Apr 2020 15:56:54 +0000</pubDate>
      
      <guid>http://doc.lyr-2000.xyz/categories/javascript%E6%96%87%E7%AB%A0/</guid>
      <description></description>
    </item>
    
    <item>
      <title>技术</title>
      <link>http://doc.lyr-2000.xyz/categories/%E6%8A%80%E6%9C%AF/</link>
      <pubDate>Wed, 08 Apr 2020 17:16:38 +0000</pubDate>
      
      <guid>http://doc.lyr-2000.xyz/categories/%E6%8A%80%E6%9C%AF/</guid>
      <description></description>
    </item>
    
    <item>
      <title>技术文档</title>
      <link>http://doc.lyr-2000.xyz/categories/%E6%8A%80%E6%9C%AF%E6%96%87%E6%A1%A3/</link>
      <pubDate>Wed, 08 Apr 2020 17:16:38 +0000</pubDate>
      
      <guid>http://doc.lyr-2000.xyz/categories/%E6%8A%80%E6%9C%AF%E6%96%87%E6%A1%A3/</guid>
      <description></description>
    </item>
    
    <item>
      <title>GitHub技巧</title>
      <link>http://doc.lyr-2000.xyz/categories/github%E6%8A%80%E5%B7%A7/</link>
      <pubDate>Mon, 09 Mar 2020 10:28:09 +0000</pubDate>
      
      <guid>http://doc.lyr-2000.xyz/categories/github%E6%8A%80%E5%B7%A7/</guid>
      <description></description>
    </item>
    
    <item>
      <title>HTML</title>
      <link>http://doc.lyr-2000.xyz/categories/html/</link>
      <pubDate>Fri, 21 Feb 2020 12:20:10 +0000</pubDate>
      
      <guid>http://doc.lyr-2000.xyz/categories/html/</guid>
      <description></description>
    </item>
    
    <item>
      <title>工具</title>
      <link>http://doc.lyr-2000.xyz/categories/%E5%B7%A5%E5%85%B7/</link>
      <pubDate>Thu, 20 Feb 2020 17:24:29 +0000</pubDate>
      
      <guid>http://doc.lyr-2000.xyz/categories/%E5%B7%A5%E5%85%B7/</guid>
      <description></description>
    </item>
    
    <item>
      <title>可复用性&amp;组合</title>
      <link>http://doc.lyr-2000.xyz/categories/%E5%8F%AF%E5%A4%8D%E7%94%A8%E6%80%A7%E7%BB%84%E5%90%88/</link>
      <pubDate>Wed, 19 Feb 2020 15:22:41 +0000</pubDate>
      
      <guid>http://doc.lyr-2000.xyz/categories/%E5%8F%AF%E5%A4%8D%E7%94%A8%E6%80%A7%E7%BB%84%E5%90%88/</guid>
      <description></description>
    </item>
    
    <item>
      <title>组件</title>
      <link>http://doc.lyr-2000.xyz/categories/%E7%BB%84%E4%BB%B6/</link>
      <pubDate>Tue, 18 Feb 2020 16:39:33 +0000</pubDate>
      
      <guid>http://doc.lyr-2000.xyz/categories/%E7%BB%84%E4%BB%B6/</guid>
      <description></description>
    </item>
    
    <item>
      <title>过渡&amp;动画</title>
      <link>http://doc.lyr-2000.xyz/categories/%E8%BF%87%E6%B8%A1%E5%8A%A8%E7%94%BB/</link>
      <pubDate>Mon, 17 Feb 2020 16:05:52 +0000</pubDate>
      
      <guid>http://doc.lyr-2000.xyz/categories/%E8%BF%87%E6%B8%A1%E5%8A%A8%E7%94%BB/</guid>
      <description></description>
    </item>
    
    <item>
      <title>《ES6 教程》笔记</title>
      <link>http://doc.lyr-2000.xyz/categories/es6-%E6%95%99%E7%A8%8B%E7%AC%94%E8%AE%B0/</link>
      <pubDate>Sun, 09 Feb 2020 16:00:30 +0000</pubDate>
      
      <guid>http://doc.lyr-2000.xyz/categories/es6-%E6%95%99%E7%A8%8B%E7%AC%94%E8%AE%B0/</guid>
      <description></description>
    </item>
    
    <item>
      <title>基础</title>
      <link>http://doc.lyr-2000.xyz/categories/%E5%9F%BA%E7%A1%80/</link>
      <pubDate>Wed, 05 Feb 2020 13:09:06 +0000</pubDate>
      
      <guid>http://doc.lyr-2000.xyz/categories/%E5%9F%BA%E7%A1%80/</guid>
      <description></description>
    </item>
    
    <item>
      <title>规模化</title>
      <link>http://doc.lyr-2000.xyz/categories/%E8%A7%84%E6%A8%A1%E5%8C%96/</link>
      <pubDate>Tue, 04 Feb 2020 13:20:20 +0000</pubDate>
      
      <guid>http://doc.lyr-2000.xyz/categories/%E8%A7%84%E6%A8%A1%E5%8C%96/</guid>
      <description></description>
    </item>
    
    <item>
      <title>《JavaScript教程》笔记</title>
      <link>http://doc.lyr-2000.xyz/categories/javascript%E6%95%99%E7%A8%8B%E7%AC%94%E8%AE%B0/</link>
      <pubDate>Sun, 12 Jan 2020 11:49:16 +0000</pubDate>
      
      <guid>http://doc.lyr-2000.xyz/categories/javascript%E6%95%99%E7%A8%8B%E7%AC%94%E8%AE%B0/</guid>
      <description></description>
    </item>
    
    <item>
      <title>ts-axios 单元测试</title>
      <link>http://doc.lyr-2000.xyz/categories/ts-axios-%E5%8D%95%E5%85%83%E6%B5%8B%E8%AF%95/</link>
      <pubDate>Sun, 05 Jan 2020 10:56:02 +0000</pubDate>
      
      <guid>http://doc.lyr-2000.xyz/categories/ts-axios-%E5%8D%95%E5%85%83%E6%B5%8B%E8%AF%95/</guid>
      <description></description>
    </item>
    
    <item>
      <title>ts-axios 取消功能实现</title>
      <link>http://doc.lyr-2000.xyz/categories/ts-axios-%E5%8F%96%E6%B6%88%E5%8A%9F%E8%83%BD%E5%AE%9E%E7%8E%B0/</link>
      <pubDate>Sun, 05 Jan 2020 10:56:02 +0000</pubDate>
      
      <guid>http://doc.lyr-2000.xyz/categories/ts-axios-%E5%8F%96%E6%B6%88%E5%8A%9F%E8%83%BD%E5%AE%9E%E7%8E%B0/</guid>
      <description></description>
    </item>
    
    <item>
      <title>ts-axios 基础功能实现</title>
      <link>http://doc.lyr-2000.xyz/categories/ts-axios-%E5%9F%BA%E7%A1%80%E5%8A%9F%E8%83%BD%E5%AE%9E%E7%8E%B0/</link>
      <pubDate>Sun, 05 Jan 2020 10:56:02 +0000</pubDate>
      
      <guid>http://doc.lyr-2000.xyz/categories/ts-axios-%E5%9F%BA%E7%A1%80%E5%8A%9F%E8%83%BD%E5%AE%9E%E7%8E%B0/</guid>
      <description></description>
    </item>
    
    <item>
      <title>ts-axios 异常情况处理</title>
      <link>http://doc.lyr-2000.xyz/categories/ts-axios-%E5%BC%82%E5%B8%B8%E6%83%85%E5%86%B5%E5%A4%84%E7%90%86/</link>
      <pubDate>Sun, 05 Jan 2020 10:56:02 +0000</pubDate>
      
      <guid>http://doc.lyr-2000.xyz/categories/ts-axios-%E5%BC%82%E5%B8%B8%E6%83%85%E5%86%B5%E5%A4%84%E7%90%86/</guid>
      <description></description>
    </item>
    
    <item>
      <title>ts-axios 拦截器实现</title>
      <link>http://doc.lyr-2000.xyz/categories/ts-axios-%E6%8B%A6%E6%88%AA%E5%99%A8%E5%AE%9E%E7%8E%B0/</link>
      <pubDate>Sun, 05 Jan 2020 10:56:02 +0000</pubDate>
      
      <guid>http://doc.lyr-2000.xyz/categories/ts-axios-%E6%8B%A6%E6%88%AA%E5%99%A8%E5%AE%9E%E7%8E%B0/</guid>
      <description></description>
    </item>
    
    <item>
      <title>ts-axios 接口扩展</title>
      <link>http://doc.lyr-2000.xyz/categories/ts-axios-%E6%8E%A5%E5%8F%A3%E6%89%A9%E5%B1%95/</link>
      <pubDate>Sun, 05 Jan 2020 10:56:02 +0000</pubDate>
      
      <guid>http://doc.lyr-2000.xyz/categories/ts-axios-%E6%8E%A5%E5%8F%A3%E6%89%A9%E5%B1%95/</guid>
      <description></description>
    </item>
    
    <item>
      <title>ts-axios 更多功能实现</title>
      <link>http://doc.lyr-2000.xyz/categories/ts-axios-%E6%9B%B4%E5%A4%9A%E5%8A%9F%E8%83%BD%E5%AE%9E%E7%8E%B0/</link>
      <pubDate>Sun, 05 Jan 2020 10:56:02 +0000</pubDate>
      
      <guid>http://doc.lyr-2000.xyz/categories/ts-axios-%E6%9B%B4%E5%A4%9A%E5%8A%9F%E8%83%BD%E5%AE%9E%E7%8E%B0/</guid>
      <description></description>
    </item>
    
    <item>
      <title>ts-axios 部署与发布</title>
      <link>http://doc.lyr-2000.xyz/categories/ts-axios-%E9%83%A8%E7%BD%B2%E4%B8%8E%E5%8F%91%E5%B8%83/</link>
      <pubDate>Sun, 05 Jan 2020 10:56:02 +0000</pubDate>
      
      <guid>http://doc.lyr-2000.xyz/categories/ts-axios-%E9%83%A8%E7%BD%B2%E4%B8%8E%E5%8F%91%E5%B8%83/</guid>
      <description></description>
    </item>
    
    <item>
      <title>ts-axios 配置化实现</title>
      <link>http://doc.lyr-2000.xyz/categories/ts-axios-%E9%85%8D%E7%BD%AE%E5%8C%96%E5%AE%9E%E7%8E%B0/</link>
      <pubDate>Sun, 05 Jan 2020 10:56:02 +0000</pubDate>
      
      <guid>http://doc.lyr-2000.xyz/categories/ts-axios-%E9%85%8D%E7%BD%AE%E5%8C%96%E5%AE%9E%E7%8E%B0/</guid>
      <description></description>
    </item>
    
    <item>
      <title>ts-axios 项目初始化</title>
      <link>http://doc.lyr-2000.xyz/categories/ts-axios-%E9%A1%B9%E7%9B%AE%E5%88%9D%E5%A7%8B%E5%8C%96/</link>
      <pubDate>Sun, 05 Jan 2020 10:56:02 +0000</pubDate>
      
      <guid>http://doc.lyr-2000.xyz/categories/ts-axios-%E9%A1%B9%E7%9B%AE%E5%88%9D%E5%A7%8B%E5%8C%96/</guid>
      <description></description>
    </item>
    
    <item>
      <title>《TypeScript 从零实现 axios》</title>
      <link>http://doc.lyr-2000.xyz/categories/typescript-%E4%BB%8E%E9%9B%B6%E5%AE%9E%E7%8E%B0-axios/</link>
      <pubDate>Sun, 05 Jan 2020 10:56:02 +0000</pubDate>
      
      <guid>http://doc.lyr-2000.xyz/categories/typescript-%E4%BB%8E%E9%9B%B6%E5%AE%9E%E7%8E%B0-axios/</guid>
      <description></description>
    </item>
    
    <item>
      <title>TypeScript 常用语法</title>
      <link>http://doc.lyr-2000.xyz/categories/typescript-%E5%B8%B8%E7%94%A8%E8%AF%AD%E6%B3%95/</link>
      <pubDate>Sun, 05 Jan 2020 10:17:47 +0000</pubDate>
      
      <guid>http://doc.lyr-2000.xyz/categories/typescript-%E5%B8%B8%E7%94%A8%E8%AF%AD%E6%B3%95/</guid>
      <description></description>
    </item>
    
    <item>
      <title>初识 TypeScript</title>
      <link>http://doc.lyr-2000.xyz/categories/%E5%88%9D%E8%AF%86-typescript/</link>
      <pubDate>Sun, 05 Jan 2020 10:15:07 +0000</pubDate>
      
      <guid>http://doc.lyr-2000.xyz/categories/%E5%88%9D%E8%AF%86-typescript/</guid>
      <description></description>
    </item>
    
    <item>
      <title>博客搭建</title>
      <link>http://doc.lyr-2000.xyz/categories/%E5%8D%9A%E5%AE%A2%E6%90%AD%E5%BB%BA/</link>
      <pubDate>Fri, 03 Jan 2020 12:55:43 +0000</pubDate>
      
      <guid>http://doc.lyr-2000.xyz/categories/%E5%8D%9A%E5%AE%A2%E6%90%AD%E5%BB%BA/</guid>
      <description></description>
    </item>
    
    <item>
      <title>Nodejs</title>
      <link>http://doc.lyr-2000.xyz/categories/nodejs/</link>
      <pubDate>Thu, 26 Dec 2019 15:57:32 +0000</pubDate>
      
      <guid>http://doc.lyr-2000.xyz/categories/nodejs/</guid>
      <description></description>
    </item>
    
    <item>
      <title>面试</title>
      <link>http://doc.lyr-2000.xyz/categories/%E9%9D%A2%E8%AF%95/</link>
      <pubDate>Wed, 25 Dec 2019 14:27:01 +0000</pubDate>
      
      <guid>http://doc.lyr-2000.xyz/categories/%E9%9D%A2%E8%AF%95/</guid>
      <description></description>
    </item>
    
  </channel>
</rss>
