<?xml version="1.0" encoding="utf-8" standalone="yes"?>
<rss version="2.0" xmlns:atom="http://www.w3.org/2005/Atom">
  <channel>
    <title>C语言 on Even - A super concise theme for Hugo</title>
    <link>http://doc.lyr-2000.xyz/categories/c%E8%AF%AD%E8%A8%80/</link>
    <description>Recent content in C语言 on Even - A super concise theme for Hugo</description>
    <generator>Hugo -- gohugo.io</generator>
    <language>en</language>
    <copyright>lyr</copyright>
    <lastBuildDate>Mon, 22 Mar 2021 14:00:08 +0000</lastBuildDate><atom:link href="http://doc.lyr-2000.xyz/categories/c%E8%AF%AD%E8%A8%80/index.xml" rel="self" type="application/rss+xml" />
    <item>
      <title>指针问题</title>
      <link>http://doc.lyr-2000.xyz/post/01.%E7%A8%8B%E5%BA%8F%E8%AF%AD%E8%A8%80/03.cc&#43;&#43;%E8%AF%AD%E8%A8%80/01.%E6%8C%87%E9%92%88%E9%97%AE%E9%A2%98/</link>
      <pubDate>Mon, 22 Mar 2021 14:00:08 +0000</pubDate>
      
      <guid>http://doc.lyr-2000.xyz/post/01.%E7%A8%8B%E5%BA%8F%E8%AF%AD%E8%A8%80/03.cc&#43;&#43;%E8%AF%AD%E8%A8%80/01.%E6%8C%87%E9%92%88%E9%97%AE%E9%A2%98/</guid>
      <description>细说指针 让你不再害怕指针——C指针详解(经典,非常详细)_程序老兵的博客-CSDN博客_c指针详解经典非常详细 1 2 3 4 5 6 7 8 9 int p; //这是</description>
    </item>
    
  </channel>
</rss>
