<?xml version="1.0" encoding="utf-8" standalone="yes"?>
<rss version="2.0" xmlns:atom="http://www.w3.org/2005/Atom">
  <channel>
    <title>TypeScript 常用语法 on Even - A super concise theme for Hugo</title>
    <link>http://doc.lyr-2000.xyz/categories/typescript-%E5%B8%B8%E7%94%A8%E8%AF%AD%E6%B3%95/</link>
    <description>Recent content in TypeScript 常用语法 on Even - A super concise theme for Hugo</description>
    <generator>Hugo -- gohugo.io</generator>
    <language>en</language>
    <copyright>lyr</copyright>
    <lastBuildDate>Sun, 05 Jan 2020 10:17:47 +0000</lastBuildDate><atom:link href="http://doc.lyr-2000.xyz/categories/typescript-%E5%B8%B8%E7%94%A8%E8%AF%AD%E6%B3%95/index.xml" rel="self" type="application/rss+xml" />
    <item>
      <title>函数</title>
      <link>http://doc.lyr-2000.xyz/post/09.%E5%89%8D%E7%AB%AF/11.typescript-%E4%BB%8E%E9%9B%B6%E5%AE%9E%E7%8E%B0-axios/02.typescript-%E5%B8%B8%E7%94%A8%E8%AF%AD%E6%B3%95/05.%E5%87%BD%E6%95%B0/</link>
      <pubDate>Sun, 05 Jan 2020 10:17:47 +0000</pubDate>
      
      <guid>http://doc.lyr-2000.xyz/post/09.%E5%89%8D%E7%AB%AF/11.typescript-%E4%BB%8E%E9%9B%B6%E5%AE%9E%E7%8E%B0-axios/02.typescript-%E5%B8%B8%E7%94%A8%E8%AF%AD%E6%B3%95/05.%E5%87%BD%E6%95%B0/</guid>
      <description>函数 函数是 JavaScript 应用程序的基础，它帮助你实现抽象层，模拟类，信息隐藏和模块。在 TypeScript 里，虽然已经支持类，命名空间和模块，但函数仍然是主要的定义行为的</description>
    </item>
    
    <item>
      <title>变量声明</title>
      <link>http://doc.lyr-2000.xyz/post/09.%E5%89%8D%E7%AB%AF/11.typescript-%E4%BB%8E%E9%9B%B6%E5%AE%9E%E7%8E%B0-axios/02.typescript-%E5%B8%B8%E7%94%A8%E8%AF%AD%E6%B3%95/02.%E5%8F%98%E9%87%8F%E5%A3%B0%E6%98%8E/</link>
      <pubDate>Sun, 05 Jan 2020 10:17:47 +0000</pubDate>
      
      <guid>http://doc.lyr-2000.xyz/post/09.%E5%89%8D%E7%AB%AF/11.typescript-%E4%BB%8E%E9%9B%B6%E5%AE%9E%E7%8E%B0-axios/02.typescript-%E5%B8%B8%E7%94%A8%E8%AF%AD%E6%B3%95/02.%E5%8F%98%E9%87%8F%E5%A3%B0%E6%98%8E/</guid>
      <description>变量声明 let 和 const 是 JavaScript 里相对较新的变量声明方式。let 在很多方面与 var 是相似的，但是可以帮助大家避免在 JavaScript 里常见一些问题。const 是对 let 的一个增强</description>
    </item>
    
    <item>
      <title>基础类型</title>
      <link>http://doc.lyr-2000.xyz/post/09.%E5%89%8D%E7%AB%AF/11.typescript-%E4%BB%8E%E9%9B%B6%E5%AE%9E%E7%8E%B0-axios/02.typescript-%E5%B8%B8%E7%94%A8%E8%AF%AD%E6%B3%95/01.%E5%9F%BA%E7%A1%80%E7%B1%BB%E5%9E%8B/</link>
      <pubDate>Sun, 05 Jan 2020 10:17:47 +0000</pubDate>
      
      <guid>http://doc.lyr-2000.xyz/post/09.%E5%89%8D%E7%AB%AF/11.typescript-%E4%BB%8E%E9%9B%B6%E5%AE%9E%E7%8E%B0-axios/02.typescript-%E5%B8%B8%E7%94%A8%E8%AF%AD%E6%B3%95/01.%E5%9F%BA%E7%A1%80%E7%B1%BB%E5%9E%8B/</guid>
      <description>基础类型 TypeScript 支持与 JavaScript 几乎相同的数据类型，此外还提供了实用的枚举类型方便我们使用。 布尔值 最基本的数据类型就是简单的 true/false 值，在JavaScript 和</description>
    </item>
    
    <item>
      <title>接口</title>
      <link>http://doc.lyr-2000.xyz/post/09.%E5%89%8D%E7%AB%AF/11.typescript-%E4%BB%8E%E9%9B%B6%E5%AE%9E%E7%8E%B0-axios/02.typescript-%E5%B8%B8%E7%94%A8%E8%AF%AD%E6%B3%95/03.%E6%8E%A5%E5%8F%A3/</link>
      <pubDate>Sun, 05 Jan 2020 10:17:47 +0000</pubDate>
      
      <guid>http://doc.lyr-2000.xyz/post/09.%E5%89%8D%E7%AB%AF/11.typescript-%E4%BB%8E%E9%9B%B6%E5%AE%9E%E7%8E%B0-axios/02.typescript-%E5%B8%B8%E7%94%A8%E8%AF%AD%E6%B3%95/03.%E6%8E%A5%E5%8F%A3/</guid>
      <description>接口 TypeScript 的核心原则之一是对值所具有的结构进行类型检查。它有时被称做“鸭式辨型法”或“结构性子类型化”。 在 TypeScript 里，接口的作用就是为这些类型命名和为</description>
    </item>
    
    <item>
      <title>泛型</title>
      <link>http://doc.lyr-2000.xyz/post/09.%E5%89%8D%E7%AB%AF/11.typescript-%E4%BB%8E%E9%9B%B6%E5%AE%9E%E7%8E%B0-axios/02.typescript-%E5%B8%B8%E7%94%A8%E8%AF%AD%E6%B3%95/06.%E6%B3%9B%E5%9E%8B/</link>
      <pubDate>Sun, 05 Jan 2020 10:17:47 +0000</pubDate>
      
      <guid>http://doc.lyr-2000.xyz/post/09.%E5%89%8D%E7%AB%AF/11.typescript-%E4%BB%8E%E9%9B%B6%E5%AE%9E%E7%8E%B0-axios/02.typescript-%E5%B8%B8%E7%94%A8%E8%AF%AD%E6%B3%95/06.%E6%B3%9B%E5%9E%8B/</guid>
      <description>泛型 软件工程中，我们不仅要创建定义良好且一致的 API，同时也要考虑可重用性。 组件不仅能够支持当前的数据类型，同时也能支持未来的数据类型，这在</description>
    </item>
    
    <item>
      <title>类</title>
      <link>http://doc.lyr-2000.xyz/post/09.%E5%89%8D%E7%AB%AF/11.typescript-%E4%BB%8E%E9%9B%B6%E5%AE%9E%E7%8E%B0-axios/02.typescript-%E5%B8%B8%E7%94%A8%E8%AF%AD%E6%B3%95/04.%E7%B1%BB/</link>
      <pubDate>Sun, 05 Jan 2020 10:17:47 +0000</pubDate>
      
      <guid>http://doc.lyr-2000.xyz/post/09.%E5%89%8D%E7%AB%AF/11.typescript-%E4%BB%8E%E9%9B%B6%E5%AE%9E%E7%8E%B0-axios/02.typescript-%E5%B8%B8%E7%94%A8%E8%AF%AD%E6%B3%95/04.%E7%B1%BB/</guid>
      <description>类 对于传统的 JavaScript 程序我们会使用函数和基于原型的继承来创建可重用的组件，但对于熟悉使用面向对象方式的程序员使用这些语法就有些棘手，因为他们用的是</description>
    </item>
    
    <item>
      <title>类型推断</title>
      <link>http://doc.lyr-2000.xyz/post/09.%E5%89%8D%E7%AB%AF/11.typescript-%E4%BB%8E%E9%9B%B6%E5%AE%9E%E7%8E%B0-axios/02.typescript-%E5%B8%B8%E7%94%A8%E8%AF%AD%E6%B3%95/07.%E7%B1%BB%E5%9E%8B%E6%8E%A8%E6%96%AD/</link>
      <pubDate>Sun, 05 Jan 2020 10:17:47 +0000</pubDate>
      
      <guid>http://doc.lyr-2000.xyz/post/09.%E5%89%8D%E7%AB%AF/11.typescript-%E4%BB%8E%E9%9B%B6%E5%AE%9E%E7%8E%B0-axios/02.typescript-%E5%B8%B8%E7%94%A8%E8%AF%AD%E6%B3%95/07.%E7%B1%BB%E5%9E%8B%E6%8E%A8%E6%96%AD/</guid>
      <description>类型推断 这节介绍 TypeScript 里的类型推断。即，类型是在哪里如何被推断的。 基础 TypeScript 里，在有些没有明确指出类型的地方，类型推断会帮助提供类型。如下面的例子：</description>
    </item>
    
    <item>
      <title>高级类型</title>
      <link>http://doc.lyr-2000.xyz/post/09.%E5%89%8D%E7%AB%AF/11.typescript-%E4%BB%8E%E9%9B%B6%E5%AE%9E%E7%8E%B0-axios/02.typescript-%E5%B8%B8%E7%94%A8%E8%AF%AD%E6%B3%95/08.%E9%AB%98%E7%BA%A7%E7%B1%BB%E5%9E%8B/</link>
      <pubDate>Sun, 05 Jan 2020 10:17:47 +0000</pubDate>
      
      <guid>http://doc.lyr-2000.xyz/post/09.%E5%89%8D%E7%AB%AF/11.typescript-%E4%BB%8E%E9%9B%B6%E5%AE%9E%E7%8E%B0-axios/02.typescript-%E5%B8%B8%E7%94%A8%E8%AF%AD%E6%B3%95/08.%E9%AB%98%E7%BA%A7%E7%B1%BB%E5%9E%8B/</guid>
      <description>高级类型 交叉类型 交叉类型是将多个类型合并为一个类型。 这让我们可以把现有的多种类型叠加到一起成为一种类型，它包含了所需的所有类型的特性。 例如，</description>
    </item>
    
  </channel>
</rss>
