<?xml version="1.0" encoding="utf-8" standalone="yes"?>
<rss version="2.0" xmlns:atom="http://www.w3.org/2005/Atom">
  <channel>
    <title>过渡&amp;动画 on Even - A super concise theme for Hugo</title>
    <link>http://doc.lyr-2000.xyz/categories/%E8%BF%87%E6%B8%A1%E5%8A%A8%E7%94%BB/</link>
    <description>Recent content in 过渡&amp;动画 on Even - A super concise theme for Hugo</description>
    <generator>Hugo -- gohugo.io</generator>
    <language>en</language>
    <copyright>lyr</copyright>
    <lastBuildDate>Mon, 17 Feb 2020 16:05:52 +0000</lastBuildDate><atom:link href="http://doc.lyr-2000.xyz/categories/%E8%BF%87%E6%B8%A1%E5%8A%A8%E7%94%BB/index.xml" rel="self" type="application/rss+xml" />
    <item>
      <title>使用animate库</title>
      <link>http://doc.lyr-2000.xyz/post/09.%E5%89%8D%E7%AB%AF/10.vue%E7%AC%94%E8%AE%B0/03.%E8%BF%87%E6%B8%A1%E5%8A%A8%E7%94%BB/112.%E4%BD%BF%E7%94%A8animate%E5%BA%93/</link>
      <pubDate>Mon, 17 Feb 2020 16:05:52 +0000</pubDate>
      
      <guid>http://doc.lyr-2000.xyz/post/09.%E5%89%8D%E7%AB%AF/10.vue%E7%AC%94%E8%AE%B0/03.%E8%BF%87%E6%B8%A1%E5%8A%A8%E7%94%BB/112.%E4%BD%BF%E7%94%A8animate%E5%BA%93/</guid>
      <description>vue中使用Animate.css库 自定义过渡类名 我们可以通过以下 attribute 来自定义过渡类名： enter-class enter-active-class enter-to-class (2.1.8+) leave-class leave-active-class leave-to-class (2.1.8+) 他们的优先级高于普通的类名，这对于 Vue 的</description>
    </item>
    
    <item>
      <title>transition-group列表过渡</title>
      <link>http://doc.lyr-2000.xyz/post/09.%E5%89%8D%E7%AB%AF/10.vue%E7%AC%94%E8%AE%B0/03.%E8%BF%87%E6%B8%A1%E5%8A%A8%E7%94%BB/120.transition-group%E5%88%97%E8%A1%A8%E8%BF%87%E6%B8%A1/</link>
      <pubDate>Tue, 04 Feb 2020 13:17:42 +0000</pubDate>
      
      <guid>http://doc.lyr-2000.xyz/post/09.%E5%89%8D%E7%AB%AF/10.vue%E7%AC%94%E8%AE%B0/03.%E8%BF%87%E6%B8%A1%E5%8A%A8%E7%94%BB/120.transition-group%E5%88%97%E8%A1%A8%E8%BF%87%E6%B8%A1/</guid>
      <description>transition-group列表过渡 列表的进入/离开过渡 1 2 3 &amp;lt;transition-group tag=&amp;#34;ul&amp;#34;&amp;gt; &amp;lt;!--tag转为ul--&amp;gt; &amp;lt;li v-for=&amp;#34;item in list&amp;#34; :key=&amp;#34;item&amp;#34;&amp;gt;{{item}}&amp;lt;/li&amp;gt; &amp;lt;!--子元素</description>
    </item>
    
    <item>
      <title>transition过渡&amp;动画</title>
      <link>http://doc.lyr-2000.xyz/post/09.%E5%89%8D%E7%AB%AF/10.vue%E7%AC%94%E8%AE%B0/03.%E8%BF%87%E6%B8%A1%E5%8A%A8%E7%94%BB/110.transition%E8%BF%87%E6%B8%A1%E5%8A%A8%E7%94%BB/</link>
      <pubDate>Tue, 04 Feb 2020 13:16:19 +0000</pubDate>
      
      <guid>http://doc.lyr-2000.xyz/post/09.%E5%89%8D%E7%AB%AF/10.vue%E7%AC%94%E8%AE%B0/03.%E8%BF%87%E6%B8%A1%E5%8A%A8%E7%94%BB/110.transition%E8%BF%87%E6%B8%A1%E5%8A%A8%E7%94%BB/</guid>
      <description>transition过渡&amp;amp;动画 API 使用 需要设置动画的元素或组件要在外边包裹一个&amp;lt;transition&amp;gt;标签，设置自定义的n</description>
    </item>
    
  </channel>
</rss>
