<?xml version="1.0" encoding="utf-8" standalone="yes"?>
<rss version="2.0" xmlns:atom="http://www.w3.org/2005/Atom">
  <channel>
    <title>《TypeScript 从零实现 axios》 on Even - A super concise theme for Hugo</title>
    <link>http://doc.lyr-2000.xyz/categories/typescript-%E4%BB%8E%E9%9B%B6%E5%AE%9E%E7%8E%B0-axios/</link>
    <description>Recent content in 《TypeScript 从零实现 axios》 on Even - A super concise theme for Hugo</description>
    <generator>Hugo -- gohugo.io</generator>
    <language>en</language>
    <copyright>lyr</copyright>
    <lastBuildDate>Sun, 05 Jan 2020 10:56:02 +0000</lastBuildDate><atom:link href="http://doc.lyr-2000.xyz/categories/typescript-%E4%BB%8E%E9%9B%B6%E5%AE%9E%E7%8E%B0-axios/index.xml" rel="self" type="application/rss+xml" />
    <item>
      <title>axios 函数重载</title>
      <link>http://doc.lyr-2000.xyz/post/09.%E5%89%8D%E7%AB%AF/11.typescript-%E4%BB%8E%E9%9B%B6%E5%AE%9E%E7%8E%B0-axios/06.ts-axios-%E6%8E%A5%E5%8F%A3%E6%89%A9%E5%B1%95/02.axios-%E5%87%BD%E6%95%B0%E9%87%8D%E8%BD%BD/</link>
      <pubDate>Sun, 05 Jan 2020 10:56:02 +0000</pubDate>
      
      <guid>http://doc.lyr-2000.xyz/post/09.%E5%89%8D%E7%AB%AF/11.typescript-%E4%BB%8E%E9%9B%B6%E5%AE%9E%E7%8E%B0-axios/06.ts-axios-%E6%8E%A5%E5%8F%A3%E6%89%A9%E5%B1%95/02.axios-%E5%87%BD%E6%95%B0%E9%87%8D%E8%BD%BD/</guid>
      <description>axios 函数重载 需求分析 目前我们的 axios 函数只支持传入 1 个参数，如下： 1 2 3 4 5 6 7 axios({ url: &amp;#39;/extend/post&amp;#39;, method: &amp;#39;post&amp;#39;, data: { msg: &amp;#39;hi&amp;#39; } }) 我们希望该函数也能支持传入 2 个参数，如下： 1</description>
    </item>
    
    <item>
      <title>Axios 实例模块单元测试</title>
      <link>http://doc.lyr-2000.xyz/post/09.%E5%89%8D%E7%AB%AF/11.typescript-%E4%BB%8E%E9%9B%B6%E5%AE%9E%E7%8E%B0-axios/11.ts-axios-%E5%8D%95%E5%85%83%E6%B5%8B%E8%AF%95/06.axios-%E5%AE%9E%E4%BE%8B%E6%A8%A1%E5%9D%97%E5%8D%95%E5%85%83%E6%B5%8B%E8%AF%95/</link>
      <pubDate>Sun, 05 Jan 2020 10:56:02 +0000</pubDate>
      
      <guid>http://doc.lyr-2000.xyz/post/09.%E5%89%8D%E7%AB%AF/11.typescript-%E4%BB%8E%E9%9B%B6%E5%AE%9E%E7%8E%B0-axios/11.ts-axios-%E5%8D%95%E5%85%83%E6%B5%8B%E8%AF%95/06.axios-%E5%AE%9E%E4%BE%8B%E6%A8%A1%E5%9D%97%E5%8D%95%E5%85%83%E6%B5%8B%E8%AF%95/</guid>
      <description>Axios 实例模块单元测试 ts-axios 提供了 axios.create 静态方法，返回一个 instance 实例，我们需要对这个模块做测试。 测试代码编写 test/instance.spec.ts： 1 2</description>
    </item>
    
    <item>
      <title>baseURL</title>
      <link>http://doc.lyr-2000.xyz/post/09.%E5%89%8D%E7%AB%AF/11.typescript-%E4%BB%8E%E9%9B%B6%E5%AE%9E%E7%8E%B0-axios/10.ts-axios-%E6%9B%B4%E5%A4%9A%E5%8A%9F%E8%83%BD%E5%AE%9E%E7%8E%B0/07.baseurl/</link>
      <pubDate>Sun, 05 Jan 2020 10:56:02 +0000</pubDate>
      
      <guid>http://doc.lyr-2000.xyz/post/09.%E5%89%8D%E7%AB%AF/11.typescript-%E4%BB%8E%E9%9B%B6%E5%AE%9E%E7%8E%B0-axios/10.ts-axios-%E6%9B%B4%E5%A4%9A%E5%8A%9F%E8%83%BD%E5%AE%9E%E7%8E%B0/07.baseurl/</guid>
      <description>baseURL 需求分析 有些时候，我们会请求某个域名下的多个接口，我们不希望每次发送请求都填写完整的 url，希望可以配置一个 baseURL，之后都可以传相</description>
    </item>
    
    <item>
      <title>headers 模块单元测试</title>
      <link>http://doc.lyr-2000.xyz/post/09.%E5%89%8D%E7%AB%AF/11.typescript-%E4%BB%8E%E9%9B%B6%E5%AE%9E%E7%8E%B0-axios/11.ts-axios-%E5%8D%95%E5%85%83%E6%B5%8B%E8%AF%95/05.headers-%E6%A8%A1%E5%9D%97%E5%8D%95%E5%85%83%E6%B5%8B%E8%AF%95/</link>
      <pubDate>Sun, 05 Jan 2020 10:56:02 +0000</pubDate>
      
      <guid>http://doc.lyr-2000.xyz/post/09.%E5%89%8D%E7%AB%AF/11.typescript-%E4%BB%8E%E9%9B%B6%E5%AE%9E%E7%8E%B0-axios/11.ts-axios-%E5%8D%95%E5%85%83%E6%B5%8B%E8%AF%95/05.headers-%E6%A8%A1%E5%9D%97%E5%8D%95%E5%85%83%E6%B5%8B%E8%AF%95/</guid>
      <description>headers 模块单元测试 之前我们测试了 headers 的基础方法模块，接下来我们会从业务角度测试 headers 的相关业务逻辑。 测试代码编写 test/headers.spec.t</description>
    </item>
    
    <item>
      <title>HTTP 授权</title>
      <link>http://doc.lyr-2000.xyz/post/09.%E5%89%8D%E7%AB%AF/11.typescript-%E4%BB%8E%E9%9B%B6%E5%AE%9E%E7%8E%B0-axios/10.ts-axios-%E6%9B%B4%E5%A4%9A%E5%8A%9F%E8%83%BD%E5%AE%9E%E7%8E%B0/04.http-%E6%8E%88%E6%9D%83/</link>
      <pubDate>Sun, 05 Jan 2020 10:56:02 +0000</pubDate>
      
      <guid>http://doc.lyr-2000.xyz/post/09.%E5%89%8D%E7%AB%AF/11.typescript-%E4%BB%8E%E9%9B%B6%E5%AE%9E%E7%8E%B0-axios/10.ts-axios-%E6%9B%B4%E5%A4%9A%E5%8A%9F%E8%83%BD%E5%AE%9E%E7%8E%B0/04.http-%E6%8E%88%E6%9D%83/</guid>
      <description>HTTP 授权 需求分析 HTTP 协议中的 Authorization 请求 header 会包含服务器用于验证用户代理身份的凭证，通常会在服务器返回 401 Unauthorized 状态码以及 WWW-Authenticate 消息头之后在后续请求中发送此消息头</description>
    </item>
    
    <item>
      <title>Jest 安装和配置</title>
      <link>http://doc.lyr-2000.xyz/post/09.%E5%89%8D%E7%AB%AF/11.typescript-%E4%BB%8E%E9%9B%B6%E5%AE%9E%E7%8E%B0-axios/11.ts-axios-%E5%8D%95%E5%85%83%E6%B5%8B%E8%AF%95/02.jest-%E5%AE%89%E8%A3%85%E5%92%8C%E9%85%8D%E7%BD%AE/</link>
      <pubDate>Sun, 05 Jan 2020 10:56:02 +0000</pubDate>
      
      <guid>http://doc.lyr-2000.xyz/post/09.%E5%89%8D%E7%AB%AF/11.typescript-%E4%BB%8E%E9%9B%B6%E5%AE%9E%E7%8E%B0-axios/11.ts-axios-%E5%8D%95%E5%85%83%E6%B5%8B%E8%AF%95/02.jest-%E5%AE%89%E8%A3%85%E5%92%8C%E9%85%8D%E7%BD%AE/</guid>
      <description>Jest 安装和配置 Jest 安装 由于我们的项目是使用 typescript-library-starter 初始化的，已经内置了 Jest 的安装，但是安装的版本却不是最新的，我们可以对 package.json 中的相关依赖版本做修改，重新安</description>
    </item>
    
    <item>
      <title>mergeConfig 模块单元测试</title>
      <link>http://doc.lyr-2000.xyz/post/09.%E5%89%8D%E7%AB%AF/11.typescript-%E4%BB%8E%E9%9B%B6%E5%AE%9E%E7%8E%B0-axios/11.ts-axios-%E5%8D%95%E5%85%83%E6%B5%8B%E8%AF%95/08.mergeconfig-%E6%A8%A1%E5%9D%97%E5%8D%95%E5%85%83%E6%B5%8B%E8%AF%95/</link>
      <pubDate>Sun, 05 Jan 2020 10:56:02 +0000</pubDate>
      
      <guid>http://doc.lyr-2000.xyz/post/09.%E5%89%8D%E7%AB%AF/11.typescript-%E4%BB%8E%E9%9B%B6%E5%AE%9E%E7%8E%B0-axios/11.ts-axios-%E5%8D%95%E5%85%83%E6%B5%8B%E8%AF%95/08.mergeconfig-%E6%A8%A1%E5%9D%97%E5%8D%95%E5%85%83%E6%B5%8B%E8%AF%95/</guid>
      <description>mergeConfig 模块单元测试 合并配置是 ts-axios 核心流程中非常重要的一个环节，我们需要为它的各种情况去编写测试。 测试代码编写 test/mergeConfig.sp</description>
    </item>
    
    <item>
      <title>ts-axios 编译与发布</title>
      <link>http://doc.lyr-2000.xyz/post/09.%E5%89%8D%E7%AB%AF/11.typescript-%E4%BB%8E%E9%9B%B6%E5%AE%9E%E7%8E%B0-axios/12.ts-axios-%E9%83%A8%E7%BD%B2%E4%B8%8E%E5%8F%91%E5%B8%83/01.ts-axios-%E7%BC%96%E8%AF%91%E4%B8%8E%E5%8F%91%E5%B8%83/</link>
      <pubDate>Sun, 05 Jan 2020 10:56:02 +0000</pubDate>
      
      <guid>http://doc.lyr-2000.xyz/post/09.%E5%89%8D%E7%AB%AF/11.typescript-%E4%BB%8E%E9%9B%B6%E5%AE%9E%E7%8E%B0-axios/12.ts-axios-%E9%83%A8%E7%BD%B2%E4%B8%8E%E5%8F%91%E5%B8%83/01.ts-axios-%E7%BC%96%E8%AF%91%E4%B8%8E%E5%8F%91%E5%B8%83/</guid>
      <description>ts-axios 编译与发布 需求分析 前面的章节我们完成 ts-axios 库的代码编写和单元测试。这一章我们希望把代码部署发布到公共 npm 上，供别人下载使用。但是并不是所有人都会</description>
    </item>
    
    <item>
      <title>withCredentials</title>
      <link>http://doc.lyr-2000.xyz/post/09.%E5%89%8D%E7%AB%AF/11.typescript-%E4%BB%8E%E9%9B%B6%E5%AE%9E%E7%8E%B0-axios/10.ts-axios-%E6%9B%B4%E5%A4%9A%E5%8A%9F%E8%83%BD%E5%AE%9E%E7%8E%B0/01.withcredentials/</link>
      <pubDate>Sun, 05 Jan 2020 10:56:02 +0000</pubDate>
      
      <guid>http://doc.lyr-2000.xyz/post/09.%E5%89%8D%E7%AB%AF/11.typescript-%E4%BB%8E%E9%9B%B6%E5%AE%9E%E7%8E%B0-axios/10.ts-axios-%E6%9B%B4%E5%A4%9A%E5%8A%9F%E8%83%BD%E5%AE%9E%E7%8E%B0/01.withcredentials/</guid>
      <description>withCredentials 需求分析 有些时候我们会发一些跨域请求，比如 http://domain-a.com 站点发送一个 http://api.domain-b.com/get 的请求，默认情况下，浏览器会根据同源策略限制这种跨域请求，但是可以通过 CORS 技术解决</description>
    </item>
    
    <item>
      <title>XSRF 防御</title>
      <link>http://doc.lyr-2000.xyz/post/09.%E5%89%8D%E7%AB%AF/11.typescript-%E4%BB%8E%E9%9B%B6%E5%AE%9E%E7%8E%B0-axios/10.ts-axios-%E6%9B%B4%E5%A4%9A%E5%8A%9F%E8%83%BD%E5%AE%9E%E7%8E%B0/02.xsrf-%E9%98%B2%E5%BE%A1/</link>
      <pubDate>Sun, 05 Jan 2020 10:56:02 +0000</pubDate>
      
      <guid>http://doc.lyr-2000.xyz/post/09.%E5%89%8D%E7%AB%AF/11.typescript-%E4%BB%8E%E9%9B%B6%E5%AE%9E%E7%8E%B0-axios/10.ts-axios-%E6%9B%B4%E5%A4%9A%E5%8A%9F%E8%83%BD%E5%AE%9E%E7%8E%B0/02.xsrf-%E9%98%B2%E5%BE%A1/</guid>
      <description>XSRF 防御 需求分析 XSRF 又名 CSRF，跨站请求伪造，它是前端常见的一种攻击方式，我们先通过一张图来认识它的攻击手段。 CSRF 的防御手段有很多，比如验证请求</description>
    </item>
    
    <item>
      <title>上传和下载的进度监控</title>
      <link>http://doc.lyr-2000.xyz/post/09.%E5%89%8D%E7%AB%AF/11.typescript-%E4%BB%8E%E9%9B%B6%E5%AE%9E%E7%8E%B0-axios/10.ts-axios-%E6%9B%B4%E5%A4%9A%E5%8A%9F%E8%83%BD%E5%AE%9E%E7%8E%B0/03.%E4%B8%8A%E4%BC%A0%E5%92%8C%E4%B8%8B%E8%BD%BD%E7%9A%84%E8%BF%9B%E5%BA%A6%E7%9B%91%E6%8E%A7/</link>
      <pubDate>Sun, 05 Jan 2020 10:56:02 +0000</pubDate>
      
      <guid>http://doc.lyr-2000.xyz/post/09.%E5%89%8D%E7%AB%AF/11.typescript-%E4%BB%8E%E9%9B%B6%E5%AE%9E%E7%8E%B0-axios/10.ts-axios-%E6%9B%B4%E5%A4%9A%E5%8A%9F%E8%83%BD%E5%AE%9E%E7%8E%B0/03.%E4%B8%8A%E4%BC%A0%E5%92%8C%E4%B8%8B%E8%BD%BD%E7%9A%84%E8%BF%9B%E5%BA%A6%E7%9B%91%E6%8E%A7/</guid>
      <description>上传和下载的进度监控 需求分析 有些时候，当我们上传文件或者是请求一个大体积数据的时候，希望知道实时的进度，甚至可以基于此做一个进度条的展示。 我</description>
    </item>
    
    <item>
      <title>初始化项目</title>
      <link>http://doc.lyr-2000.xyz/post/09.%E5%89%8D%E7%AB%AF/11.typescript-%E4%BB%8E%E9%9B%B6%E5%AE%9E%E7%8E%B0-axios/03.ts-axios-%E9%A1%B9%E7%9B%AE%E5%88%9D%E5%A7%8B%E5%8C%96/02.%E5%88%9D%E5%A7%8B%E5%8C%96%E9%A1%B9%E7%9B%AE/</link>
      <pubDate>Sun, 05 Jan 2020 10:56:02 +0000</pubDate>
      
      <guid>http://doc.lyr-2000.xyz/post/09.%E5%89%8D%E7%AB%AF/11.typescript-%E4%BB%8E%E9%9B%B6%E5%AE%9E%E7%8E%B0-axios/03.ts-axios-%E9%A1%B9%E7%9B%AE%E5%88%9D%E5%A7%8B%E5%8C%96/02.%E5%88%9D%E5%A7%8B%E5%8C%96%E9%A1%B9%E7%9B%AE/</guid>
      <description>初始化项目 创建代码仓库 接下来，我们开始初始化项目，首先我们先去 GitHub 上创建一个 repo，填好 repo 名称，以及写一下 README，对项目先做个简单的描</description>
    </item>
    
    <item>
      <title>前言</title>
      <link>http://doc.lyr-2000.xyz/post/09.%E5%89%8D%E7%AB%AF/11.typescript-%E4%BB%8E%E9%9B%B6%E5%AE%9E%E7%8E%B0-axios/11.ts-axios-%E5%8D%95%E5%85%83%E6%B5%8B%E8%AF%95/01.%E5%89%8D%E8%A8%80/</link>
      <pubDate>Sun, 05 Jan 2020 10:56:02 +0000</pubDate>
      
      <guid>http://doc.lyr-2000.xyz/post/09.%E5%89%8D%E7%AB%AF/11.typescript-%E4%BB%8E%E9%9B%B6%E5%AE%9E%E7%8E%B0-axios/11.ts-axios-%E5%8D%95%E5%85%83%E6%B5%8B%E8%AF%95/01.%E5%89%8D%E8%A8%80/</guid>
      <description>前言 单元测试是前端一个很重要的方向，鉴别一个开源库是否靠谱的一个标准是它的单元测试是否完善。有了完整的单元测试，未来你去重构现有代码或者是增</description>
    </item>
    
    <item>
      <title>剩余模块单元测试</title>
      <link>http://doc.lyr-2000.xyz/post/09.%E5%89%8D%E7%AB%AF/11.typescript-%E4%BB%8E%E9%9B%B6%E5%AE%9E%E7%8E%B0-axios/11.ts-axios-%E5%8D%95%E5%85%83%E6%B5%8B%E8%AF%95/10.%E5%89%A9%E4%BD%99%E6%A8%A1%E5%9D%97%E5%8D%95%E5%85%83%E6%B5%8B%E8%AF%95/</link>
      <pubDate>Sun, 05 Jan 2020 10:56:02 +0000</pubDate>
      
      <guid>http://doc.lyr-2000.xyz/post/09.%E5%89%8D%E7%AB%AF/11.typescript-%E4%BB%8E%E9%9B%B6%E5%AE%9E%E7%8E%B0-axios/11.ts-axios-%E5%8D%95%E5%85%83%E6%B5%8B%E8%AF%95/10.%E5%89%A9%E4%BD%99%E6%A8%A1%E5%9D%97%E5%8D%95%E5%85%83%E6%B5%8B%E8%AF%95/</guid>
      <description>剩余模块单元测试 defaults 模块单元测试 defaults 模块为请求配置提供了一些默认的属性和方法，我们需要为其编写单元测试。 test/defaults.spec.t</description>
    </item>
    
    <item>
      <title>取消功能的设计与实现</title>
      <link>http://doc.lyr-2000.xyz/post/09.%E5%89%8D%E7%AB%AF/11.typescript-%E4%BB%8E%E9%9B%B6%E5%AE%9E%E7%8E%B0-axios/09.ts-axios-%E5%8F%96%E6%B6%88%E5%8A%9F%E8%83%BD%E5%AE%9E%E7%8E%B0/01.%E5%8F%96%E6%B6%88%E5%8A%9F%E8%83%BD%E7%9A%84%E8%AE%BE%E8%AE%A1%E4%B8%8E%E5%AE%9E%E7%8E%B0/</link>
      <pubDate>Sun, 05 Jan 2020 10:56:02 +0000</pubDate>
      
      <guid>http://doc.lyr-2000.xyz/post/09.%E5%89%8D%E7%AB%AF/11.typescript-%E4%BB%8E%E9%9B%B6%E5%AE%9E%E7%8E%B0-axios/09.ts-axios-%E5%8F%96%E6%B6%88%E5%8A%9F%E8%83%BD%E5%AE%9E%E7%8E%B0/01.%E5%8F%96%E6%B6%88%E5%8A%9F%E8%83%BD%E7%9A%84%E8%AE%BE%E8%AE%A1%E4%B8%8E%E5%AE%9E%E7%8E%B0/</guid>
      <description>取消功能的设计与实现 需求分析 有些场景下，我们希望能主动取消请求，比如常见的搜索框案例，在用户输入过程中，搜索框的内容也在不断变化，正常情况每</description>
    </item>
    
    <item>
      <title>合并配置的设计与实现</title>
      <link>http://doc.lyr-2000.xyz/post/09.%E5%89%8D%E7%AB%AF/11.typescript-%E4%BB%8E%E9%9B%B6%E5%AE%9E%E7%8E%B0-axios/08.ts-axios-%E9%85%8D%E7%BD%AE%E5%8C%96%E5%AE%9E%E7%8E%B0/01.%E5%90%88%E5%B9%B6%E9%85%8D%E7%BD%AE%E7%9A%84%E8%AE%BE%E8%AE%A1%E4%B8%8E%E5%AE%9E%E7%8E%B0/</link>
      <pubDate>Sun, 05 Jan 2020 10:56:02 +0000</pubDate>
      
      <guid>http://doc.lyr-2000.xyz/post/09.%E5%89%8D%E7%AB%AF/11.typescript-%E4%BB%8E%E9%9B%B6%E5%AE%9E%E7%8E%B0-axios/08.ts-axios-%E9%85%8D%E7%BD%AE%E5%8C%96%E5%AE%9E%E7%8E%B0/01.%E5%90%88%E5%B9%B6%E9%85%8D%E7%BD%AE%E7%9A%84%E8%AE%BE%E8%AE%A1%E4%B8%8E%E5%AE%9E%E7%8E%B0/</guid>
      <description>合并配置的设计与实现 需求分析 在之前的章节我们了解到，在发送请求的时候可以传入一个配置，来决定请求的不同行为。我们也希望 ts-axios 可以有默认配置，定义</description>
    </item>
    
    <item>
      <title>响应数据支持泛型</title>
      <link>http://doc.lyr-2000.xyz/post/09.%E5%89%8D%E7%AB%AF/11.typescript-%E4%BB%8E%E9%9B%B6%E5%AE%9E%E7%8E%B0-axios/06.ts-axios-%E6%8E%A5%E5%8F%A3%E6%89%A9%E5%B1%95/03.%E5%93%8D%E5%BA%94%E6%95%B0%E6%8D%AE%E6%94%AF%E6%8C%81%E6%B3%9B%E5%9E%8B/</link>
      <pubDate>Sun, 05 Jan 2020 10:56:02 +0000</pubDate>
      
      <guid>http://doc.lyr-2000.xyz/post/09.%E5%89%8D%E7%AB%AF/11.typescript-%E4%BB%8E%E9%9B%B6%E5%AE%9E%E7%8E%B0-axios/06.ts-axios-%E6%8E%A5%E5%8F%A3%E6%89%A9%E5%B1%95/03.%E5%93%8D%E5%BA%94%E6%95%B0%E6%8D%AE%E6%94%AF%E6%8C%81%E6%B3%9B%E5%9E%8B/</guid>
      <description>响应数据支持泛型 需求分析 通常情况下，我们会把后端返回数据格式单独放入一个接口中： 1 2 3 4 5 6 7 8 9 10 11 12 13 14 15 16 17 18 19 20 // 请求接口数据 export interface ResponseData&amp;lt;T</description>
    </item>
    
    <item>
      <title>处理响应 data</title>
      <link>http://doc.lyr-2000.xyz/post/09.%E5%89%8D%E7%AB%AF/11.typescript-%E4%BB%8E%E9%9B%B6%E5%AE%9E%E7%8E%B0-axios/04.ts-axios-%E5%9F%BA%E7%A1%80%E5%8A%9F%E8%83%BD%E5%AE%9E%E7%8E%B0/06.%E5%A4%84%E7%90%86%E5%93%8D%E5%BA%94-data/</link>
      <pubDate>Sun, 05 Jan 2020 10:56:02 +0000</pubDate>
      
      <guid>http://doc.lyr-2000.xyz/post/09.%E5%89%8D%E7%AB%AF/11.typescript-%E4%BB%8E%E9%9B%B6%E5%AE%9E%E7%8E%B0-axios/04.ts-axios-%E5%9F%BA%E7%A1%80%E5%8A%9F%E8%83%BD%E5%AE%9E%E7%8E%B0/06.%E5%A4%84%E7%90%86%E5%93%8D%E5%BA%94-data/</guid>
      <description>处理响应 data 需求分析 在我们不去设置 responseType 的情况下，当服务端返回给我们的数据是字符串类型，我们可以尝试去把它转换成一个 JSON 对象。例如： 1 data: &amp;#34;{&amp;#34;a&amp;#34;:1,&amp;#34;b&amp;#34;:2}&amp;#34; 我们把它转</description>
    </item>
    
    <item>
      <title>处理响应 header</title>
      <link>http://doc.lyr-2000.xyz/post/09.%E5%89%8D%E7%AB%AF/11.typescript-%E4%BB%8E%E9%9B%B6%E5%AE%9E%E7%8E%B0-axios/04.ts-axios-%E5%9F%BA%E7%A1%80%E5%8A%9F%E8%83%BD%E5%AE%9E%E7%8E%B0/05.%E5%A4%84%E7%90%86%E5%93%8D%E5%BA%94-header/</link>
      <pubDate>Sun, 05 Jan 2020 10:56:02 +0000</pubDate>
      
      <guid>http://doc.lyr-2000.xyz/post/09.%E5%89%8D%E7%AB%AF/11.typescript-%E4%BB%8E%E9%9B%B6%E5%AE%9E%E7%8E%B0-axios/04.ts-axios-%E5%9F%BA%E7%A1%80%E5%8A%9F%E8%83%BD%E5%AE%9E%E7%8E%B0/05.%E5%A4%84%E7%90%86%E5%93%8D%E5%BA%94-header/</guid>
      <description>处理响应 header 需求分析 我们通过 XMLHttpRequest 对象的 getAllResponseHeaders 方法获取到的值是如下一段字符串： 1 2 3 4 5 6 date: Fri, 05 Apr 2019 12:40:49 GMT etag: W/&amp;#34;d-Ssxx4FRxEutDLwo2+xkkxKc4y0k&amp;#34; connection: keep-alive x-powered-by: Express content-length: 13 content-type: application/json; charset=utf-8 每一行都是以回车符和换行</description>
    </item>
    
    <item>
      <title>处理请求 body 数据</title>
      <link>http://doc.lyr-2000.xyz/post/09.%E5%89%8D%E7%AB%AF/11.typescript-%E4%BB%8E%E9%9B%B6%E5%AE%9E%E7%8E%B0-axios/04.ts-axios-%E5%9F%BA%E7%A1%80%E5%8A%9F%E8%83%BD%E5%AE%9E%E7%8E%B0/02.%E5%A4%84%E7%90%86%E8%AF%B7%E6%B1%82-body-%E6%95%B0%E6%8D%AE/</link>
      <pubDate>Sun, 05 Jan 2020 10:56:02 +0000</pubDate>
      
      <guid>http://doc.lyr-2000.xyz/post/09.%E5%89%8D%E7%AB%AF/11.typescript-%E4%BB%8E%E9%9B%B6%E5%AE%9E%E7%8E%B0-axios/04.ts-axios-%E5%9F%BA%E7%A1%80%E5%8A%9F%E8%83%BD%E5%AE%9E%E7%8E%B0/02.%E5%A4%84%E7%90%86%E8%AF%B7%E6%B1%82-body-%E6%95%B0%E6%8D%AE/</guid>
      <description>处理请求 body 数据 需求分析 我们通过执行 XMLHttpRequest 对象实例的 send 方法来发送请求，并通过该方法的参数设置请求 body 数据，我们可以去 mdn 查阅该方法支持的参数类型。 我们</description>
    </item>
    
    <item>
      <title>处理请求 header</title>
      <link>http://doc.lyr-2000.xyz/post/09.%E5%89%8D%E7%AB%AF/11.typescript-%E4%BB%8E%E9%9B%B6%E5%AE%9E%E7%8E%B0-axios/04.ts-axios-%E5%9F%BA%E7%A1%80%E5%8A%9F%E8%83%BD%E5%AE%9E%E7%8E%B0/03.%E5%A4%84%E7%90%86%E8%AF%B7%E6%B1%82-header/</link>
      <pubDate>Sun, 05 Jan 2020 10:56:02 +0000</pubDate>
      
      <guid>http://doc.lyr-2000.xyz/post/09.%E5%89%8D%E7%AB%AF/11.typescript-%E4%BB%8E%E9%9B%B6%E5%AE%9E%E7%8E%B0-axios/04.ts-axios-%E5%9F%BA%E7%A1%80%E5%8A%9F%E8%83%BD%E5%AE%9E%E7%8E%B0/03.%E5%A4%84%E7%90%86%E8%AF%B7%E6%B1%82-header/</guid>
      <description>处理请求 header 需求分析 我们上节课遗留了一个问题： 1 2 3 4 5 6 7 8 axios({ method: &amp;#39;post&amp;#39;, url: &amp;#39;/base/post&amp;#39;, data: { a: 1, b: 2 } }) 我们做了请求数据的处理，把 data 转换成了 JSON 字符串，但是数据</description>
    </item>
    
    <item>
      <title>处理请求 url 参数</title>
      <link>http://doc.lyr-2000.xyz/post/09.%E5%89%8D%E7%AB%AF/11.typescript-%E4%BB%8E%E9%9B%B6%E5%AE%9E%E7%8E%B0-axios/04.ts-axios-%E5%9F%BA%E7%A1%80%E5%8A%9F%E8%83%BD%E5%AE%9E%E7%8E%B0/01.%E5%A4%84%E7%90%86%E8%AF%B7%E6%B1%82-url-%E5%8F%82%E6%95%B0/</link>
      <pubDate>Sun, 05 Jan 2020 10:56:02 +0000</pubDate>
      
      <guid>http://doc.lyr-2000.xyz/post/09.%E5%89%8D%E7%AB%AF/11.typescript-%E4%BB%8E%E9%9B%B6%E5%AE%9E%E7%8E%B0-axios/04.ts-axios-%E5%9F%BA%E7%A1%80%E5%8A%9F%E8%83%BD%E5%AE%9E%E7%8E%B0/01.%E5%A4%84%E7%90%86%E8%AF%B7%E6%B1%82-url-%E5%8F%82%E6%95%B0/</guid>
      <description>处理请求 url 参数 需求分析 还记得我们上节课遗留了一个问题，再来看这个例子： 1 2 3 4 5 6 7 8 axios({ method: &amp;#39;get&amp;#39;, url: &amp;#39;/base/get&amp;#39;, params: { a: 1, b: 2 } }) 我们希望最终请求的 url 是 /ba</description>
    </item>
    
    <item>
      <title>引用 ts-axios 库</title>
      <link>http://doc.lyr-2000.xyz/post/09.%E5%89%8D%E7%AB%AF/11.typescript-%E4%BB%8E%E9%9B%B6%E5%AE%9E%E7%8E%B0-axios/12.ts-axios-%E9%83%A8%E7%BD%B2%E4%B8%8E%E5%8F%91%E5%B8%83/02.%E5%BC%95%E7%94%A8-ts-axios-%E5%BA%93/</link>
      <pubDate>Sun, 05 Jan 2020 10:56:02 +0000</pubDate>
      
      <guid>http://doc.lyr-2000.xyz/post/09.%E5%89%8D%E7%AB%AF/11.typescript-%E4%BB%8E%E9%9B%B6%E5%AE%9E%E7%8E%B0-axios/12.ts-axios-%E9%83%A8%E7%BD%B2%E4%B8%8E%E5%8F%91%E5%B8%83/02.%E5%BC%95%E7%94%A8-ts-axios-%E5%BA%93/</guid>
      <description>引用 ts-axios 库 在 TS 项目中引用 我们借助于 vue-cli 脚手架创建一个 TypeScript 的 Vue 项目，然后我们把 Vue 官网上一段使用 axios 发请求的 demo 代码抄过来。 我们需要先执行 npm install ts-axios-new 安装 ts-axios 库。</description>
    </item>
    
    <item>
      <title>扩展 create 静态接口</title>
      <link>http://doc.lyr-2000.xyz/post/09.%E5%89%8D%E7%AB%AF/11.typescript-%E4%BB%8E%E9%9B%B6%E5%AE%9E%E7%8E%B0-axios/08.ts-axios-%E9%85%8D%E7%BD%AE%E5%8C%96%E5%AE%9E%E7%8E%B0/03.%E6%89%A9%E5%B1%95-create-%E9%9D%99%E6%80%81%E6%8E%A5%E5%8F%A3/</link>
      <pubDate>Sun, 05 Jan 2020 10:56:02 +0000</pubDate>
      
      <guid>http://doc.lyr-2000.xyz/post/09.%E5%89%8D%E7%AB%AF/11.typescript-%E4%BB%8E%E9%9B%B6%E5%AE%9E%E7%8E%B0-axios/08.ts-axios-%E9%85%8D%E7%BD%AE%E5%8C%96%E5%AE%9E%E7%8E%B0/03.%E6%89%A9%E5%B1%95-create-%E9%9D%99%E6%80%81%E6%8E%A5%E5%8F%A3/</guid>
      <description>扩展 axios.create 静态接口 需求分析 目前为止，我们的 axios 都是一个单例，一旦我们修改了 axios 的默认配置，会影响所有的请求。我们希望提供了一个 axios.create 的静态接口允许我们创</description>
    </item>
    
    <item>
      <title>扩展接口</title>
      <link>http://doc.lyr-2000.xyz/post/09.%E5%89%8D%E7%AB%AF/11.typescript-%E4%BB%8E%E9%9B%B6%E5%AE%9E%E7%8E%B0-axios/06.ts-axios-%E6%8E%A5%E5%8F%A3%E6%89%A9%E5%B1%95/01.%E6%89%A9%E5%B1%95%E6%8E%A5%E5%8F%A3/</link>
      <pubDate>Sun, 05 Jan 2020 10:56:02 +0000</pubDate>
      
      <guid>http://doc.lyr-2000.xyz/post/09.%E5%89%8D%E7%AB%AF/11.typescript-%E4%BB%8E%E9%9B%B6%E5%AE%9E%E7%8E%B0-axios/06.ts-axios-%E6%8E%A5%E5%8F%A3%E6%89%A9%E5%B1%95/01.%E6%89%A9%E5%B1%95%E6%8E%A5%E5%8F%A3/</guid>
      <description>扩展接口 需求分析 为了用户更加方便地使用 axios 发送请求，我们可以为所有支持请求方法扩展一些接口： axios.request(config) axios.get(url[, config]) axios.delete(url[, config]) axios.head(url[, config]) axios.options(url[, config]) axios.post(url[, data[, config]]) axios.put(url[, data[, config]]) axios.patch(url[, data[, config]]) 如果使用了这些</description>
    </item>
    
    <item>
      <title>拦截器模块单元测试</title>
      <link>http://doc.lyr-2000.xyz/post/09.%E5%89%8D%E7%AB%AF/11.typescript-%E4%BB%8E%E9%9B%B6%E5%AE%9E%E7%8E%B0-axios/11.ts-axios-%E5%8D%95%E5%85%83%E6%B5%8B%E8%AF%95/07.%E6%8B%A6%E6%88%AA%E5%99%A8%E6%A8%A1%E5%9D%97%E5%8D%95%E5%85%83%E6%B5%8B%E8%AF%95/</link>
      <pubDate>Sun, 05 Jan 2020 10:56:02 +0000</pubDate>
      
      <guid>http://doc.lyr-2000.xyz/post/09.%E5%89%8D%E7%AB%AF/11.typescript-%E4%BB%8E%E9%9B%B6%E5%AE%9E%E7%8E%B0-axios/11.ts-axios-%E5%8D%95%E5%85%83%E6%B5%8B%E8%AF%95/07.%E6%8B%A6%E6%88%AA%E5%99%A8%E6%A8%A1%E5%9D%97%E5%8D%95%E5%85%83%E6%B5%8B%E8%AF%95/</guid>
      <description>拦截器模块单元测试 拦截器是 ts-axios 库一个非常实用的功能，接下来我们来编写它的测试代码。 测试代码编写 test/interceptor.spec.ts</description>
    </item>
    
    <item>
      <title>拦截器设计与实现</title>
      <link>http://doc.lyr-2000.xyz/post/09.%E5%89%8D%E7%AB%AF/11.typescript-%E4%BB%8E%E9%9B%B6%E5%AE%9E%E7%8E%B0-axios/07.ts-axios-%E6%8B%A6%E6%88%AA%E5%99%A8%E5%AE%9E%E7%8E%B0/01.%E6%8B%A6%E6%88%AA%E5%99%A8%E8%AE%BE%E8%AE%A1%E4%B8%8E%E5%AE%9E%E7%8E%B0/</link>
      <pubDate>Sun, 05 Jan 2020 10:56:02 +0000</pubDate>
      
      <guid>http://doc.lyr-2000.xyz/post/09.%E5%89%8D%E7%AB%AF/11.typescript-%E4%BB%8E%E9%9B%B6%E5%AE%9E%E7%8E%B0-axios/07.ts-axios-%E6%8B%A6%E6%88%AA%E5%99%A8%E5%AE%9E%E7%8E%B0/01.%E6%8B%A6%E6%88%AA%E5%99%A8%E8%AE%BE%E8%AE%A1%E4%B8%8E%E5%AE%9E%E7%8E%B0/</guid>
      <description>拦截器设计与实现 需求分析 我们希望能对请求的发送和响应做拦截，也就是在发送请求之前和接收到响应之后做一些额外逻辑。 我们希望设计的拦截器的使用方</description>
    </item>
    
    <item>
      <title>编写基础请求代码</title>
      <link>http://doc.lyr-2000.xyz/post/09.%E5%89%8D%E7%AB%AF/11.typescript-%E4%BB%8E%E9%9B%B6%E5%AE%9E%E7%8E%B0-axios/03.ts-axios-%E9%A1%B9%E7%9B%AE%E5%88%9D%E5%A7%8B%E5%8C%96/03.%E7%BC%96%E5%86%99%E5%9F%BA%E7%A1%80%E8%AF%B7%E6%B1%82%E4%BB%A3%E7%A0%81/</link>
      <pubDate>Sun, 05 Jan 2020 10:56:02 +0000</pubDate>
      
      <guid>http://doc.lyr-2000.xyz/post/09.%E5%89%8D%E7%AB%AF/11.typescript-%E4%BB%8E%E9%9B%B6%E5%AE%9E%E7%8E%B0-axios/03.ts-axios-%E9%A1%B9%E7%9B%AE%E5%88%9D%E5%A7%8B%E5%8C%96/03.%E7%BC%96%E5%86%99%E5%9F%BA%E7%A1%80%E8%AF%B7%E6%B1%82%E4%BB%A3%E7%A0%81/</guid>
      <description>编写基础请求代码 我们这节课开始编写 ts-axios 库，我们的目标是实现简单的发送请求功能，即客户端通过 XMLHttpRequest 对象把请求发送到 server 端，server 端能收到请求并响</description>
    </item>
    
    <item>
      <title>自定义参数序列化</title>
      <link>http://doc.lyr-2000.xyz/post/09.%E5%89%8D%E7%AB%AF/11.typescript-%E4%BB%8E%E9%9B%B6%E5%AE%9E%E7%8E%B0-axios/10.ts-axios-%E6%9B%B4%E5%A4%9A%E5%8A%9F%E8%83%BD%E5%AE%9E%E7%8E%B0/06.%E8%87%AA%E5%AE%9A%E4%B9%89%E5%8F%82%E6%95%B0%E5%BA%8F%E5%88%97%E5%8C%96/</link>
      <pubDate>Sun, 05 Jan 2020 10:56:02 +0000</pubDate>
      
      <guid>http://doc.lyr-2000.xyz/post/09.%E5%89%8D%E7%AB%AF/11.typescript-%E4%BB%8E%E9%9B%B6%E5%AE%9E%E7%8E%B0-axios/10.ts-axios-%E6%9B%B4%E5%A4%9A%E5%8A%9F%E8%83%BD%E5%AE%9E%E7%8E%B0/06.%E8%87%AA%E5%AE%9A%E4%B9%89%E5%8F%82%E6%95%B0%E5%BA%8F%E5%88%97%E5%8C%96/</guid>
      <description>自定义参数序列化 需求分析 在之前的章节，我们对请求的 url 参数做了处理，我们会解析传入的 params 对象，根据一定的规则把它解析成字符串，然后添加在 url 后面。</description>
    </item>
    
    <item>
      <title>自定义合法状态码</title>
      <link>http://doc.lyr-2000.xyz/post/09.%E5%89%8D%E7%AB%AF/11.typescript-%E4%BB%8E%E9%9B%B6%E5%AE%9E%E7%8E%B0-axios/10.ts-axios-%E6%9B%B4%E5%A4%9A%E5%8A%9F%E8%83%BD%E5%AE%9E%E7%8E%B0/05.%E8%87%AA%E5%AE%9A%E4%B9%89%E5%90%88%E6%B3%95%E7%8A%B6%E6%80%81%E7%A0%81/</link>
      <pubDate>Sun, 05 Jan 2020 10:56:02 +0000</pubDate>
      
      <guid>http://doc.lyr-2000.xyz/post/09.%E5%89%8D%E7%AB%AF/11.typescript-%E4%BB%8E%E9%9B%B6%E5%AE%9E%E7%8E%B0-axios/10.ts-axios-%E6%9B%B4%E5%A4%9A%E5%8A%9F%E8%83%BD%E5%AE%9E%E7%8E%B0/05.%E8%87%AA%E5%AE%9A%E4%B9%89%E5%90%88%E6%B3%95%E7%8A%B6%E6%80%81%E7%A0%81/</guid>
      <description>自定义合法状态码 需求分析 之前 ts-axios 在处理响应结果的时候，认为 HTTP status 在 200 和 300 之间是一个合法值，在这个区间之外则创建一个错误。有些时候我们想自定义这个</description>
    </item>
    
    <item>
      <title>获取响应数据</title>
      <link>http://doc.lyr-2000.xyz/post/09.%E5%89%8D%E7%AB%AF/11.typescript-%E4%BB%8E%E9%9B%B6%E5%AE%9E%E7%8E%B0-axios/04.ts-axios-%E5%9F%BA%E7%A1%80%E5%8A%9F%E8%83%BD%E5%AE%9E%E7%8E%B0/04.%E8%8E%B7%E5%8F%96%E5%93%8D%E5%BA%94%E6%95%B0%E6%8D%AE/</link>
      <pubDate>Sun, 05 Jan 2020 10:56:02 +0000</pubDate>
      
      <guid>http://doc.lyr-2000.xyz/post/09.%E5%89%8D%E7%AB%AF/11.typescript-%E4%BB%8E%E9%9B%B6%E5%AE%9E%E7%8E%B0-axios/04.ts-axios-%E5%9F%BA%E7%A1%80%E5%8A%9F%E8%83%BD%E5%AE%9E%E7%8E%B0/04.%E8%8E%B7%E5%8F%96%E5%93%8D%E5%BA%94%E6%95%B0%E6%8D%AE/</guid>
      <description>获取响应数据 需求分析 在前面的章节中，我们发送的请求都可以从网络层面接收到服务端返回的数据，但是代码层面并没有做任何关于返回数据的处理。我们希</description>
    </item>
    
    <item>
      <title>请求取消模块单元测试</title>
      <link>http://doc.lyr-2000.xyz/post/09.%E5%89%8D%E7%AB%AF/11.typescript-%E4%BB%8E%E9%9B%B6%E5%AE%9E%E7%8E%B0-axios/11.ts-axios-%E5%8D%95%E5%85%83%E6%B5%8B%E8%AF%95/09.%E8%AF%B7%E6%B1%82%E5%8F%96%E6%B6%88%E6%A8%A1%E5%9D%97%E5%8D%95%E5%85%83%E6%B5%8B%E8%AF%95/</link>
      <pubDate>Sun, 05 Jan 2020 10:56:02 +0000</pubDate>
      
      <guid>http://doc.lyr-2000.xyz/post/09.%E5%89%8D%E7%AB%AF/11.typescript-%E4%BB%8E%E9%9B%B6%E5%AE%9E%E7%8E%B0-axios/11.ts-axios-%E5%8D%95%E5%85%83%E6%B5%8B%E8%AF%95/09.%E8%AF%B7%E6%B1%82%E5%8F%96%E6%B6%88%E6%A8%A1%E5%9D%97%E5%8D%95%E5%85%83%E6%B5%8B%E8%AF%95/</guid>
      <description>请求取消模块单元测试 请求取消模块是 ts-axios 库核心流程其中一个分支，也是非常重要的模块，我们将从基础库和业务流程模块 2 个方面去编写单元测试。 Cancel 类单元</description>
    </item>
    
    <item>
      <title>请求和响应配置化</title>
      <link>http://doc.lyr-2000.xyz/post/09.%E5%89%8D%E7%AB%AF/11.typescript-%E4%BB%8E%E9%9B%B6%E5%AE%9E%E7%8E%B0-axios/08.ts-axios-%E9%85%8D%E7%BD%AE%E5%8C%96%E5%AE%9E%E7%8E%B0/02.%E8%AF%B7%E6%B1%82%E5%92%8C%E5%93%8D%E5%BA%94%E9%85%8D%E7%BD%AE%E5%8C%96/</link>
      <pubDate>Sun, 05 Jan 2020 10:56:02 +0000</pubDate>
      
      <guid>http://doc.lyr-2000.xyz/post/09.%E5%89%8D%E7%AB%AF/11.typescript-%E4%BB%8E%E9%9B%B6%E5%AE%9E%E7%8E%B0-axios/08.ts-axios-%E9%85%8D%E7%BD%AE%E5%8C%96%E5%AE%9E%E7%8E%B0/02.%E8%AF%B7%E6%B1%82%E5%92%8C%E5%93%8D%E5%BA%94%E9%85%8D%E7%BD%AE%E5%8C%96/</guid>
      <description>请求和响应配置化 需求分析 官方的 axios 库 给默认配置添加了 transformRequest 和 transformResponse 两个字段，它们的值是一个数组或者是一个函数。 其中 transformRequest 允许你在将请求数据发送到服务器之前</description>
    </item>
    
    <item>
      <title>请求模块单元测试</title>
      <link>http://doc.lyr-2000.xyz/post/09.%E5%89%8D%E7%AB%AF/11.typescript-%E4%BB%8E%E9%9B%B6%E5%AE%9E%E7%8E%B0-axios/11.ts-axios-%E5%8D%95%E5%85%83%E6%B5%8B%E8%AF%95/04.%E8%AF%B7%E6%B1%82%E6%A8%A1%E5%9D%97%E5%8D%95%E5%85%83%E6%B5%8B%E8%AF%95/</link>
      <pubDate>Sun, 05 Jan 2020 10:56:02 +0000</pubDate>
      
      <guid>http://doc.lyr-2000.xyz/post/09.%E5%89%8D%E7%AB%AF/11.typescript-%E4%BB%8E%E9%9B%B6%E5%AE%9E%E7%8E%B0-axios/11.ts-axios-%E5%8D%95%E5%85%83%E6%B5%8B%E8%AF%95/04.%E8%AF%B7%E6%B1%82%E6%A8%A1%E5%9D%97%E5%8D%95%E5%85%83%E6%B5%8B%E8%AF%95/</guid>
      <description>请求模块单元测试 请求模块是 axios 最基础的模块，通过一个 axios 方法发送 Ajax 请求。 jasmine-ajax Jasmine 是一个 BDD(行为驱动开发)的测试框架，它有很多成熟的插件，比如我们</description>
    </item>
    
    <item>
      <title>辅助模块单元测试</title>
      <link>http://doc.lyr-2000.xyz/post/09.%E5%89%8D%E7%AB%AF/11.typescript-%E4%BB%8E%E9%9B%B6%E5%AE%9E%E7%8E%B0-axios/11.ts-axios-%E5%8D%95%E5%85%83%E6%B5%8B%E8%AF%95/03.%E8%BE%85%E5%8A%A9%E6%A8%A1%E5%9D%97%E5%8D%95%E5%85%83%E6%B5%8B%E8%AF%95/</link>
      <pubDate>Sun, 05 Jan 2020 10:56:02 +0000</pubDate>
      
      <guid>http://doc.lyr-2000.xyz/post/09.%E5%89%8D%E7%AB%AF/11.typescript-%E4%BB%8E%E9%9B%B6%E5%AE%9E%E7%8E%B0-axios/11.ts-axios-%E5%8D%95%E5%85%83%E6%B5%8B%E8%AF%95/03.%E8%BE%85%E5%8A%A9%E6%A8%A1%E5%9D%97%E5%8D%95%E5%85%83%E6%B5%8B%E8%AF%95/</guid>
      <description>辅助模块单元测试 准备工作 通常我们会优先为一个库的辅助方法编写测试，我们会优先为 ts-axios 库的 helpers 目录下的模块编写测试。我们在 test 目录下创建一个 helpers 目录，创</description>
    </item>
    
    <item>
      <title>错误信息增强</title>
      <link>http://doc.lyr-2000.xyz/post/09.%E5%89%8D%E7%AB%AF/11.typescript-%E4%BB%8E%E9%9B%B6%E5%AE%9E%E7%8E%B0-axios/05.ts-axios-%E5%BC%82%E5%B8%B8%E6%83%85%E5%86%B5%E5%A4%84%E7%90%86/02.%E9%94%99%E8%AF%AF%E4%BF%A1%E6%81%AF%E5%A2%9E%E5%BC%BA/</link>
      <pubDate>Sun, 05 Jan 2020 10:56:02 +0000</pubDate>
      
      <guid>http://doc.lyr-2000.xyz/post/09.%E5%89%8D%E7%AB%AF/11.typescript-%E4%BB%8E%E9%9B%B6%E5%AE%9E%E7%8E%B0-axios/05.ts-axios-%E5%BC%82%E5%B8%B8%E6%83%85%E5%86%B5%E5%A4%84%E7%90%86/02.%E9%94%99%E8%AF%AF%E4%BF%A1%E6%81%AF%E5%A2%9E%E5%BC%BA/</guid>
      <description>错误信息增强 需求分析 上一节课我们已经捕获了几类 AJAX 的错误，但是对于错误信息提供的非常有限，我们希望对外提供的信息不仅仅包含错误文本信息，还包括</description>
    </item>
    
    <item>
      <title>错误处理</title>
      <link>http://doc.lyr-2000.xyz/post/09.%E5%89%8D%E7%AB%AF/11.typescript-%E4%BB%8E%E9%9B%B6%E5%AE%9E%E7%8E%B0-axios/05.ts-axios-%E5%BC%82%E5%B8%B8%E6%83%85%E5%86%B5%E5%A4%84%E7%90%86/01.%E9%94%99%E8%AF%AF%E5%A4%84%E7%90%86/</link>
      <pubDate>Sun, 05 Jan 2020 10:56:02 +0000</pubDate>
      
      <guid>http://doc.lyr-2000.xyz/post/09.%E5%89%8D%E7%AB%AF/11.typescript-%E4%BB%8E%E9%9B%B6%E5%AE%9E%E7%8E%B0-axios/05.ts-axios-%E5%BC%82%E5%B8%B8%E6%83%85%E5%86%B5%E5%A4%84%E7%90%86/01.%E9%94%99%E8%AF%AF%E5%A4%84%E7%90%86/</guid>
      <description>错误处理 需求分析 在上一章节，我们实现了 ts-axios 的基础功能，但目前为止我们都是处理了正常接收请求的逻辑，并没有考虑到任何错误情况的处理，这对于一个程</description>
    </item>
    
    <item>
      <title>需求分析</title>
      <link>http://doc.lyr-2000.xyz/post/09.%E5%89%8D%E7%AB%AF/11.typescript-%E4%BB%8E%E9%9B%B6%E5%AE%9E%E7%8E%B0-axios/03.ts-axios-%E9%A1%B9%E7%9B%AE%E5%88%9D%E5%A7%8B%E5%8C%96/01.%E9%9C%80%E6%B1%82%E5%88%86%E6%9E%90/</link>
      <pubDate>Sun, 05 Jan 2020 10:56:02 +0000</pubDate>
      
      <guid>http://doc.lyr-2000.xyz/post/09.%E5%89%8D%E7%AB%AF/11.typescript-%E4%BB%8E%E9%9B%B6%E5%AE%9E%E7%8E%B0-axios/03.ts-axios-%E9%A1%B9%E7%9B%AE%E5%88%9D%E5%A7%8B%E5%8C%96/01.%E9%9C%80%E6%B1%82%E5%88%86%E6%9E%90/</guid>
      <description>需求分析 接下来的章节，我们会使用 TypeScript 来重构 axios，重构之前，我们需要简单地做一些需求分析，看一下我们这次重构需要支持哪些 feature。 Features</description>
    </item>
    
    <item>
      <title>静态方法扩展</title>
      <link>http://doc.lyr-2000.xyz/post/09.%E5%89%8D%E7%AB%AF/11.typescript-%E4%BB%8E%E9%9B%B6%E5%AE%9E%E7%8E%B0-axios/10.ts-axios-%E6%9B%B4%E5%A4%9A%E5%8A%9F%E8%83%BD%E5%AE%9E%E7%8E%B0/08.%E9%9D%99%E6%80%81%E6%96%B9%E6%B3%95%E6%89%A9%E5%B1%95/</link>
      <pubDate>Sun, 05 Jan 2020 10:56:02 +0000</pubDate>
      
      <guid>http://doc.lyr-2000.xyz/post/09.%E5%89%8D%E7%AB%AF/11.typescript-%E4%BB%8E%E9%9B%B6%E5%AE%9E%E7%8E%B0-axios/10.ts-axios-%E6%9B%B4%E5%A4%9A%E5%8A%9F%E8%83%BD%E5%AE%9E%E7%8E%B0/08.%E9%9D%99%E6%80%81%E6%96%B9%E6%B3%95%E6%89%A9%E5%B1%95/</guid>
      <description>静态方法扩展 需求分析 官方 axios 库实现了 axios.all、axios.spread 等方法，它们的用法如下： 1 2 3 4 5 6 7 8 9 10 11 12 function getUserAccount() { return axios.get(&amp;#39;/user/12345&amp;#39;); } function</description>
    </item>
    
    <item>
      <title>函数</title>
      <link>http://doc.lyr-2000.xyz/post/09.%E5%89%8D%E7%AB%AF/11.typescript-%E4%BB%8E%E9%9B%B6%E5%AE%9E%E7%8E%B0-axios/02.typescript-%E5%B8%B8%E7%94%A8%E8%AF%AD%E6%B3%95/05.%E5%87%BD%E6%95%B0/</link>
      <pubDate>Sun, 05 Jan 2020 10:17:47 +0000</pubDate>
      
      <guid>http://doc.lyr-2000.xyz/post/09.%E5%89%8D%E7%AB%AF/11.typescript-%E4%BB%8E%E9%9B%B6%E5%AE%9E%E7%8E%B0-axios/02.typescript-%E5%B8%B8%E7%94%A8%E8%AF%AD%E6%B3%95/05.%E5%87%BD%E6%95%B0/</guid>
      <description>函数 函数是 JavaScript 应用程序的基础，它帮助你实现抽象层，模拟类，信息隐藏和模块。在 TypeScript 里，虽然已经支持类，命名空间和模块，但函数仍然是主要的定义行为的</description>
    </item>
    
    <item>
      <title>变量声明</title>
      <link>http://doc.lyr-2000.xyz/post/09.%E5%89%8D%E7%AB%AF/11.typescript-%E4%BB%8E%E9%9B%B6%E5%AE%9E%E7%8E%B0-axios/02.typescript-%E5%B8%B8%E7%94%A8%E8%AF%AD%E6%B3%95/02.%E5%8F%98%E9%87%8F%E5%A3%B0%E6%98%8E/</link>
      <pubDate>Sun, 05 Jan 2020 10:17:47 +0000</pubDate>
      
      <guid>http://doc.lyr-2000.xyz/post/09.%E5%89%8D%E7%AB%AF/11.typescript-%E4%BB%8E%E9%9B%B6%E5%AE%9E%E7%8E%B0-axios/02.typescript-%E5%B8%B8%E7%94%A8%E8%AF%AD%E6%B3%95/02.%E5%8F%98%E9%87%8F%E5%A3%B0%E6%98%8E/</guid>
      <description>变量声明 let 和 const 是 JavaScript 里相对较新的变量声明方式。let 在很多方面与 var 是相似的，但是可以帮助大家避免在 JavaScript 里常见一些问题。const 是对 let 的一个增强</description>
    </item>
    
    <item>
      <title>基础类型</title>
      <link>http://doc.lyr-2000.xyz/post/09.%E5%89%8D%E7%AB%AF/11.typescript-%E4%BB%8E%E9%9B%B6%E5%AE%9E%E7%8E%B0-axios/02.typescript-%E5%B8%B8%E7%94%A8%E8%AF%AD%E6%B3%95/01.%E5%9F%BA%E7%A1%80%E7%B1%BB%E5%9E%8B/</link>
      <pubDate>Sun, 05 Jan 2020 10:17:47 +0000</pubDate>
      
      <guid>http://doc.lyr-2000.xyz/post/09.%E5%89%8D%E7%AB%AF/11.typescript-%E4%BB%8E%E9%9B%B6%E5%AE%9E%E7%8E%B0-axios/02.typescript-%E5%B8%B8%E7%94%A8%E8%AF%AD%E6%B3%95/01.%E5%9F%BA%E7%A1%80%E7%B1%BB%E5%9E%8B/</guid>
      <description>基础类型 TypeScript 支持与 JavaScript 几乎相同的数据类型，此外还提供了实用的枚举类型方便我们使用。 布尔值 最基本的数据类型就是简单的 true/false 值，在JavaScript 和</description>
    </item>
    
    <item>
      <title>接口</title>
      <link>http://doc.lyr-2000.xyz/post/09.%E5%89%8D%E7%AB%AF/11.typescript-%E4%BB%8E%E9%9B%B6%E5%AE%9E%E7%8E%B0-axios/02.typescript-%E5%B8%B8%E7%94%A8%E8%AF%AD%E6%B3%95/03.%E6%8E%A5%E5%8F%A3/</link>
      <pubDate>Sun, 05 Jan 2020 10:17:47 +0000</pubDate>
      
      <guid>http://doc.lyr-2000.xyz/post/09.%E5%89%8D%E7%AB%AF/11.typescript-%E4%BB%8E%E9%9B%B6%E5%AE%9E%E7%8E%B0-axios/02.typescript-%E5%B8%B8%E7%94%A8%E8%AF%AD%E6%B3%95/03.%E6%8E%A5%E5%8F%A3/</guid>
      <description>接口 TypeScript 的核心原则之一是对值所具有的结构进行类型检查。它有时被称做“鸭式辨型法”或“结构性子类型化”。 在 TypeScript 里，接口的作用就是为这些类型命名和为</description>
    </item>
    
    <item>
      <title>泛型</title>
      <link>http://doc.lyr-2000.xyz/post/09.%E5%89%8D%E7%AB%AF/11.typescript-%E4%BB%8E%E9%9B%B6%E5%AE%9E%E7%8E%B0-axios/02.typescript-%E5%B8%B8%E7%94%A8%E8%AF%AD%E6%B3%95/06.%E6%B3%9B%E5%9E%8B/</link>
      <pubDate>Sun, 05 Jan 2020 10:17:47 +0000</pubDate>
      
      <guid>http://doc.lyr-2000.xyz/post/09.%E5%89%8D%E7%AB%AF/11.typescript-%E4%BB%8E%E9%9B%B6%E5%AE%9E%E7%8E%B0-axios/02.typescript-%E5%B8%B8%E7%94%A8%E8%AF%AD%E6%B3%95/06.%E6%B3%9B%E5%9E%8B/</guid>
      <description>泛型 软件工程中，我们不仅要创建定义良好且一致的 API，同时也要考虑可重用性。 组件不仅能够支持当前的数据类型，同时也能支持未来的数据类型，这在</description>
    </item>
    
    <item>
      <title>类</title>
      <link>http://doc.lyr-2000.xyz/post/09.%E5%89%8D%E7%AB%AF/11.typescript-%E4%BB%8E%E9%9B%B6%E5%AE%9E%E7%8E%B0-axios/02.typescript-%E5%B8%B8%E7%94%A8%E8%AF%AD%E6%B3%95/04.%E7%B1%BB/</link>
      <pubDate>Sun, 05 Jan 2020 10:17:47 +0000</pubDate>
      
      <guid>http://doc.lyr-2000.xyz/post/09.%E5%89%8D%E7%AB%AF/11.typescript-%E4%BB%8E%E9%9B%B6%E5%AE%9E%E7%8E%B0-axios/02.typescript-%E5%B8%B8%E7%94%A8%E8%AF%AD%E6%B3%95/04.%E7%B1%BB/</guid>
      <description>类 对于传统的 JavaScript 程序我们会使用函数和基于原型的继承来创建可重用的组件，但对于熟悉使用面向对象方式的程序员使用这些语法就有些棘手，因为他们用的是</description>
    </item>
    
    <item>
      <title>类型推断</title>
      <link>http://doc.lyr-2000.xyz/post/09.%E5%89%8D%E7%AB%AF/11.typescript-%E4%BB%8E%E9%9B%B6%E5%AE%9E%E7%8E%B0-axios/02.typescript-%E5%B8%B8%E7%94%A8%E8%AF%AD%E6%B3%95/07.%E7%B1%BB%E5%9E%8B%E6%8E%A8%E6%96%AD/</link>
      <pubDate>Sun, 05 Jan 2020 10:17:47 +0000</pubDate>
      
      <guid>http://doc.lyr-2000.xyz/post/09.%E5%89%8D%E7%AB%AF/11.typescript-%E4%BB%8E%E9%9B%B6%E5%AE%9E%E7%8E%B0-axios/02.typescript-%E5%B8%B8%E7%94%A8%E8%AF%AD%E6%B3%95/07.%E7%B1%BB%E5%9E%8B%E6%8E%A8%E6%96%AD/</guid>
      <description>类型推断 这节介绍 TypeScript 里的类型推断。即，类型是在哪里如何被推断的。 基础 TypeScript 里，在有些没有明确指出类型的地方，类型推断会帮助提供类型。如下面的例子：</description>
    </item>
    
    <item>
      <title>高级类型</title>
      <link>http://doc.lyr-2000.xyz/post/09.%E5%89%8D%E7%AB%AF/11.typescript-%E4%BB%8E%E9%9B%B6%E5%AE%9E%E7%8E%B0-axios/02.typescript-%E5%B8%B8%E7%94%A8%E8%AF%AD%E6%B3%95/08.%E9%AB%98%E7%BA%A7%E7%B1%BB%E5%9E%8B/</link>
      <pubDate>Sun, 05 Jan 2020 10:17:47 +0000</pubDate>
      
      <guid>http://doc.lyr-2000.xyz/post/09.%E5%89%8D%E7%AB%AF/11.typescript-%E4%BB%8E%E9%9B%B6%E5%AE%9E%E7%8E%B0-axios/02.typescript-%E5%B8%B8%E7%94%A8%E8%AF%AD%E6%B3%95/08.%E9%AB%98%E7%BA%A7%E7%B1%BB%E5%9E%8B/</guid>
      <description>高级类型 交叉类型 交叉类型是将多个类型合并为一个类型。 这让我们可以把现有的多种类型叠加到一起成为一种类型，它包含了所需的所有类型的特性。 例如，</description>
    </item>
    
    <item>
      <title>安装 TypeScript</title>
      <link>http://doc.lyr-2000.xyz/post/09.%E5%89%8D%E7%AB%AF/11.typescript-%E4%BB%8E%E9%9B%B6%E5%AE%9E%E7%8E%B0-axios/01.%E5%88%9D%E8%AF%86-typescript/02.%E5%AE%89%E8%A3%85-typescript/</link>
      <pubDate>Sun, 05 Jan 2020 10:15:07 +0000</pubDate>
      
      <guid>http://doc.lyr-2000.xyz/post/09.%E5%89%8D%E7%AB%AF/11.typescript-%E4%BB%8E%E9%9B%B6%E5%AE%9E%E7%8E%B0-axios/01.%E5%88%9D%E8%AF%86-typescript/02.%E5%AE%89%E8%A3%85-typescript/</guid>
      <description>安装 TypeScript 命令行运行如下命令，全局安装 TypeScript： 1 npm install -g typescript 安装完成后，在控制台运行如下命令，检查安装是否成功(3.x)： 1 tsc -V</description>
    </item>
    
    <item>
      <title>简介</title>
      <link>http://doc.lyr-2000.xyz/post/09.%E5%89%8D%E7%AB%AF/11.typescript-%E4%BB%8E%E9%9B%B6%E5%AE%9E%E7%8E%B0-axios/01.%E5%88%9D%E8%AF%86-typescript/01.%E7%AE%80%E4%BB%8B/</link>
      <pubDate>Sun, 05 Jan 2020 10:15:07 +0000</pubDate>
      
      <guid>http://doc.lyr-2000.xyz/post/09.%E5%89%8D%E7%AB%AF/11.typescript-%E4%BB%8E%E9%9B%B6%E5%AE%9E%E7%8E%B0-axios/01.%E5%88%9D%E8%AF%86-typescript/01.%E7%AE%80%E4%BB%8B/</guid>
      <description>简介 TypeScript 作为 JavaScript 语言的超集，它为 JavaScript 添加了可选择的类型标注，大大增强了代码的可读性和可维护性。同时，它提供最新和不断发展的 JavaScript 特性，能让我们建立更健</description>
    </item>
    
    <item>
      <title>编写第一个 TypeScript 程序</title>
      <link>http://doc.lyr-2000.xyz/post/09.%E5%89%8D%E7%AB%AF/11.typescript-%E4%BB%8E%E9%9B%B6%E5%AE%9E%E7%8E%B0-axios/01.%E5%88%9D%E8%AF%86-typescript/03.%E7%BC%96%E5%86%99%E7%AC%AC%E4%B8%80%E4%B8%AA-typescript-%E7%A8%8B%E5%BA%8F/</link>
      <pubDate>Sun, 05 Jan 2020 10:15:07 +0000</pubDate>
      
      <guid>http://doc.lyr-2000.xyz/post/09.%E5%89%8D%E7%AB%AF/11.typescript-%E4%BB%8E%E9%9B%B6%E5%AE%9E%E7%8E%B0-axios/01.%E5%88%9D%E8%AF%86-typescript/03.%E7%BC%96%E5%86%99%E7%AC%AC%E4%B8%80%E4%B8%AA-typescript-%E7%A8%8B%E5%BA%8F/</guid>
      <description>编写第一个 TypeScript 程序 在编辑器，将下面的代码输入到 greeter.ts 文件里： 1 2 3 4 5 6 7 function greeter (person) { return &amp;#39;Hello, &amp;#39; + person } let user = &amp;#39;Yee&amp;#39; console.log(greeter(user)) 编译代码 我们使用了 .ts 扩展名，但是这段代码仅</description>
    </item>
    
  </channel>
</rss>
