<?xml version="1.0" encoding="utf-8" standalone="yes"?>
<rss version="2.0" xmlns:atom="http://www.w3.org/2005/Atom">
  <channel>
    <title>操作系统 on Even - A super concise theme for Hugo</title>
    <link>http://doc.lyr-2000.xyz/categories/%E6%93%8D%E4%BD%9C%E7%B3%BB%E7%BB%9F/</link>
    <description>Recent content in 操作系统 on Even - A super concise theme for Hugo</description>
    <generator>Hugo -- gohugo.io</generator>
    <language>en</language>
    <copyright>lyr</copyright>
    <lastBuildDate>Wed, 31 Mar 2021 16:53:08 +0000</lastBuildDate><atom:link href="http://doc.lyr-2000.xyz/categories/%E6%93%8D%E4%BD%9C%E7%B3%BB%E7%BB%9F/index.xml" rel="self" type="application/rss+xml" />
    <item>
      <title>面试问题整理</title>
      <link>http://doc.lyr-2000.xyz/post/03.%E5%9F%BA%E7%A1%80%E5%AD%A6%E7%A7%91/01.%E6%93%8D%E4%BD%9C%E7%B3%BB%E7%BB%9F/7.%E9%9D%A2%E8%AF%95%E9%97%AE%E9%A2%98%E6%95%B4%E7%90%86/</link>
      <pubDate>Wed, 31 Mar 2021 16:53:08 +0000</pubDate>
      
      <guid>http://doc.lyr-2000.xyz/post/03.%E5%9F%BA%E7%A1%80%E5%AD%A6%E7%A7%91/01.%E6%93%8D%E4%BD%9C%E7%B3%BB%E7%BB%9F/7.%E9%9D%A2%E8%AF%95%E9%97%AE%E9%A2%98%E6%95%B4%E7%90%86/</guid>
      <description>内存管理 什么是缓冲区溢出？有什么危害？其原因是什么？ 缓冲区溢出是指当计算机向缓冲区填充数据时超出了缓冲区本身的容量，溢出的数据覆盖在合法数据</description>
    </item>
    
    <item>
      <title>其他</title>
      <link>http://doc.lyr-2000.xyz/post/03.%E5%9F%BA%E7%A1%80%E5%AD%A6%E7%A7%91/01.%E6%93%8D%E4%BD%9C%E7%B3%BB%E7%BB%9F/6.%E5%85%B6%E4%BB%96/</link>
      <pubDate>Tue, 23 Mar 2021 22:38:16 +0000</pubDate>
      
      <guid>http://doc.lyr-2000.xyz/post/03.%E5%9F%BA%E7%A1%80%E5%AD%A6%E7%A7%91/01.%E6%93%8D%E4%BD%9C%E7%B3%BB%E7%BB%9F/6.%E5%85%B6%E4%BB%96/</guid>
      <description>操作系统相关 冯诺伊曼体系 该思想约定了用二进制进行计算和存储，还定义计算机基本结构为 5 个部分，分别是中央处理器（CPU）、内存、输入设备、输出</description>
    </item>
    
    <item>
      <title>IO管理</title>
      <link>http://doc.lyr-2000.xyz/post/03.%E5%9F%BA%E7%A1%80%E5%AD%A6%E7%A7%91/01.%E6%93%8D%E4%BD%9C%E7%B3%BB%E7%BB%9F/5.io%E7%AE%A1%E7%90%86/</link>
      <pubDate>Sat, 20 Mar 2021 15:50:06 +0000</pubDate>
      
      <guid>http://doc.lyr-2000.xyz/post/03.%E5%9F%BA%E7%A1%80%E5%AD%A6%E7%A7%91/01.%E6%93%8D%E4%BD%9C%E7%B3%BB%E7%BB%9F/5.io%E7%AE%A1%E7%90%86/</guid>
      <description>Linux IO模式 linux有下面五种网络模式 阻塞 I/O（blocking IO） 默认socket就是阻塞IO，当用户进程调用了recvfrom这个系</description>
    </item>
    
    <item>
      <title>互斥和同步</title>
      <link>http://doc.lyr-2000.xyz/post/03.%E5%9F%BA%E7%A1%80%E5%AD%A6%E7%A7%91/01.%E6%93%8D%E4%BD%9C%E7%B3%BB%E7%BB%9F/2.%E4%BA%92%E6%96%A5%E5%92%8C%E5%90%8C%E6%AD%A5/</link>
      <pubDate>Sat, 20 Mar 2021 15:50:06 +0000</pubDate>
      
      <guid>http://doc.lyr-2000.xyz/post/03.%E5%9F%BA%E7%A1%80%E5%AD%A6%E7%A7%91/01.%E6%93%8D%E4%BD%9C%E7%B3%BB%E7%BB%9F/2.%E4%BA%92%E6%96%A5%E5%92%8C%E5%90%8C%E6%AD%A5/</guid>
      <description>CPU cache结构和缓存一致性（MESI协议） 在多核CPU中，内存中的数据会在多个核心中存在数据副本，某一个核心发生修改操作，就产生了数据不一</description>
    </item>
    
    <item>
      <title>内存管理</title>
      <link>http://doc.lyr-2000.xyz/post/03.%E5%9F%BA%E7%A1%80%E5%AD%A6%E7%A7%91/01.%E6%93%8D%E4%BD%9C%E7%B3%BB%E7%BB%9F/4.%E5%86%85%E5%AD%98%E7%AE%A1%E7%90%86/</link>
      <pubDate>Sat, 20 Mar 2021 15:50:06 +0000</pubDate>
      
      <guid>http://doc.lyr-2000.xyz/post/03.%E5%9F%BA%E7%A1%80%E5%AD%A6%E7%A7%91/01.%E6%93%8D%E4%BD%9C%E7%B3%BB%E7%BB%9F/4.%E5%86%85%E5%AD%98%E7%AE%A1%E7%90%86/</guid>
      <description>基本概念 内存分页和内存分段 内存分页分为一个页号还有一个偏移量，我们通过页号查找页表，找出对应地址，然后加上偏移量就可以得到最终地址 内存分段的</description>
    </item>
    
    <item>
      <title>死锁和饥饿</title>
      <link>http://doc.lyr-2000.xyz/post/03.%E5%9F%BA%E7%A1%80%E5%AD%A6%E7%A7%91/01.%E6%93%8D%E4%BD%9C%E7%B3%BB%E7%BB%9F/3.%E6%AD%BB%E9%94%81%E5%92%8C%E9%A5%A5%E9%A5%BF/</link>
      <pubDate>Sat, 20 Mar 2021 15:50:06 +0000</pubDate>
      
      <guid>http://doc.lyr-2000.xyz/post/03.%E5%9F%BA%E7%A1%80%E5%AD%A6%E7%A7%91/01.%E6%93%8D%E4%BD%9C%E7%B3%BB%E7%BB%9F/3.%E6%AD%BB%E9%94%81%E5%92%8C%E9%A5%A5%E9%A5%BF/</guid>
      <description>基本概念 产生死锁的原因 根本原因 就是系统能够提供的资源个数比要求该资源的进程数要少 基本原因 资源竞争和进程推进顺序不合理 产生死锁必要条件 互斥 一个</description>
    </item>
    
    <item>
      <title>进程和线程</title>
      <link>http://doc.lyr-2000.xyz/post/03.%E5%9F%BA%E7%A1%80%E5%AD%A6%E7%A7%91/01.%E6%93%8D%E4%BD%9C%E7%B3%BB%E7%BB%9F/1.%E8%BF%9B%E7%A8%8B%E5%92%8C%E7%BA%BF%E7%A8%8B/</link>
      <pubDate>Sat, 20 Mar 2021 15:50:06 +0000</pubDate>
      
      <guid>http://doc.lyr-2000.xyz/post/03.%E5%9F%BA%E7%A1%80%E5%AD%A6%E7%A7%91/01.%E6%93%8D%E4%BD%9C%E7%B3%BB%E7%BB%9F/1.%E8%BF%9B%E7%A8%8B%E5%92%8C%E7%BA%BF%E7%A8%8B/</guid>
      <description>基本概念 进程和线程的区别 进程：进程是系统进行资源分配和调度的一个独立单位，是系统中的并发执行的单位 线程：线程是进程的一个实体，也是 CPU 调度和分</description>
    </item>
    
  </channel>
</rss>
