<?xml version="1.0" encoding="utf-8" standalone="yes"?>
<rss version="2.0" xmlns:atom="http://www.w3.org/2005/Atom">
  <channel>
    <title>技术 on Even - A super concise theme for Hugo</title>
    <link>http://doc.lyr-2000.xyz/categories/%E6%8A%80%E6%9C%AF/</link>
    <description>Recent content in 技术 on Even - A super concise theme for Hugo</description>
    <generator>Hugo -- gohugo.io</generator>
    <language>en</language>
    <copyright>lyr</copyright>
    <lastBuildDate>Wed, 08 Apr 2020 17:16:38 +0000</lastBuildDate><atom:link href="http://doc.lyr-2000.xyz/categories/%E6%8A%80%E6%9C%AF/index.xml" rel="self" type="application/rss+xml" />
    <item>
      <title>npm packageJson属性详解</title>
      <link>http://doc.lyr-2000.xyz/post/09.%E5%89%8D%E7%AB%AF/03.%E6%8A%80%E6%9C%AF/01.%E6%8A%80%E6%9C%AF%E6%96%87%E6%A1%A3/10.npm-packagejson%E5%B1%9E%E6%80%A7%E8%AF%A6%E8%A7%A3/</link>
      <pubDate>Wed, 08 Apr 2020 17:16:38 +0000</pubDate>
      
      <guid>http://doc.lyr-2000.xyz/post/09.%E5%89%8D%E7%AB%AF/03.%E6%8A%80%E6%9C%AF/01.%E6%8A%80%E6%9C%AF%E6%96%87%E6%A1%A3/10.npm-packagejson%E5%B1%9E%E6%80%A7%E8%AF%A6%E8%A7%A3/</guid>
      <description>npm package.json属性详解 本文转自https://www.cnblogs.com/tzyy/p/5193811.html，作者：TZ</description>
    </item>
    
    <item>
      <title>GitHub加速下载项目的方法</title>
      <link>http://doc.lyr-2000.xyz/post/09.%E5%89%8D%E7%AB%AF/03.%E6%8A%80%E6%9C%AF/02.github%E6%8A%80%E5%B7%A7/10.github%E5%8A%A0%E9%80%9F%E4%B8%8B%E8%BD%BD%E9%A1%B9%E7%9B%AE%E7%9A%84%E6%96%B9%E6%B3%95/</link>
      <pubDate>Mon, 09 Mar 2020 10:28:09 +0000</pubDate>
      
      <guid>http://doc.lyr-2000.xyz/post/09.%E5%89%8D%E7%AB%AF/03.%E6%8A%80%E6%9C%AF/02.github%E6%8A%80%E5%B7%A7/10.github%E5%8A%A0%E9%80%9F%E4%B8%8B%E8%BD%BD%E9%A1%B9%E7%9B%AE%E7%9A%84%E6%96%B9%E6%B3%95/</guid>
      <description>GitHub加速下载项目的方法 国内在github上克隆项目总是异常的慢，据我多次克隆观察，下载速度最快就20k/s左右，特别是在克隆比较大的</description>
    </item>
    
    <item>
      <title>GitHub &#43; jsDelivr &#43; TinyPNG&#43; PicGo 打造稳定快速、高效免费图床</title>
      <link>http://doc.lyr-2000.xyz/post/09.%E5%89%8D%E7%AB%AF/03.%E6%8A%80%E6%9C%AF/04.%E5%8D%9A%E5%AE%A2%E6%90%AD%E5%BB%BA/03.github-&#43;-jsdelivr-&#43;-tinypng&#43;-picgo-%E6%89%93%E9%80%A0%E7%A8%B3%E5%AE%9A%E5%BF%AB%E9%80%9F%E9%AB%98%E6%95%88%E5%85%8D%E8%B4%B9%E5%9B%BE%E5%BA%8A/</link>
      <pubDate>Fri, 03 Jan 2020 12:55:43 +0000</pubDate>
      
      <guid>http://doc.lyr-2000.xyz/post/09.%E5%89%8D%E7%AB%AF/03.%E6%8A%80%E6%9C%AF/04.%E5%8D%9A%E5%AE%A2%E6%90%AD%E5%BB%BA/03.github-&#43;-jsdelivr-&#43;-tinypng&#43;-picgo-%E6%89%93%E9%80%A0%E7%A8%B3%E5%AE%9A%E5%BF%AB%E9%80%9F%E9%AB%98%E6%95%88%E5%85%8D%E8%B4%B9%E5%9B%BE%E5%BA%8A/</guid>
      <description>GitHub + jsDelivr + TinyPNG+ PicGo 打造稳定快速、高效免费图床 前言 Q：为什么要使用图床呢？什么是图床？ A：写博客文章时，图片的上传和存放是一个问题，有的朋友可能会把</description>
    </item>
    
    <item>
      <title>GitHub Actions 定时运行代码：每天定时百度链接推送</title>
      <link>http://doc.lyr-2000.xyz/post/09.%E5%89%8D%E7%AB%AF/03.%E6%8A%80%E6%9C%AF/02.github%E6%8A%80%E5%B7%A7/03.github-actions-%E5%AE%9A%E6%97%B6%E8%BF%90%E8%A1%8C%E4%BB%A3%E7%A0%81%E6%AF%8F%E5%A4%A9%E5%AE%9A%E6%97%B6%E7%99%BE%E5%BA%A6%E9%93%BE%E6%8E%A5%E6%8E%A8%E9%80%81/</link>
      <pubDate>Mon, 30 Dec 2019 21:23:00 +0000</pubDate>
      
      <guid>http://doc.lyr-2000.xyz/post/09.%E5%89%8D%E7%AB%AF/03.%E6%8A%80%E6%9C%AF/02.github%E6%8A%80%E5%B7%A7/03.github-actions-%E5%AE%9A%E6%97%B6%E8%BF%90%E8%A1%8C%E4%BB%A3%E7%A0%81%E6%AF%8F%E5%A4%A9%E5%AE%9A%E6%97%B6%E7%99%BE%E5%BA%A6%E9%93%BE%E6%8E%A5%E6%8E%A8%E9%80%81/</guid>
      <description>GitHub Actions 定时运行代码：每天定时百度链接推送 博客上线已经有些日子了，却发现百度迟迟没有收录我的博客页面，在百度推送工具当中除了有自动推送的代码嵌入</description>
    </item>
    
    <item>
      <title>GitHub Actions 实现自动部署静态博客</title>
      <link>http://doc.lyr-2000.xyz/post/09.%E5%89%8D%E7%AB%AF/03.%E6%8A%80%E6%9C%AF/02.github%E6%8A%80%E5%B7%A7/02.github-actions-%E5%AE%9E%E7%8E%B0%E8%87%AA%E5%8A%A8%E9%83%A8%E7%BD%B2%E9%9D%99%E6%80%81%E5%8D%9A%E5%AE%A2/</link>
      <pubDate>Fri, 27 Dec 2019 11:44:41 +0000</pubDate>
      
      <guid>http://doc.lyr-2000.xyz/post/09.%E5%89%8D%E7%AB%AF/03.%E6%8A%80%E6%9C%AF/02.github%E6%8A%80%E5%B7%A7/02.github-actions-%E5%AE%9E%E7%8E%B0%E8%87%AA%E5%8A%A8%E9%83%A8%E7%BD%B2%E9%9D%99%E6%80%81%E5%8D%9A%E5%AE%A2/</guid>
      <description>GitHub Actions 实现自动部署静态博客 前言 我使用vuepress搭建了一个静态博客，挂在了Github pages和Coding pages上面。 coding pages</description>
    </item>
    
    <item>
      <title>nodejs递归读取所有文件</title>
      <link>http://doc.lyr-2000.xyz/post/09.%E5%89%8D%E7%AB%AF/03.%E6%8A%80%E6%9C%AF/03.nodejs/01.nodejs%E9%80%92%E5%BD%92%E8%AF%BB%E5%8F%96%E6%89%80%E6%9C%89%E6%96%87%E4%BB%B6/</link>
      <pubDate>Thu, 26 Dec 2019 15:57:32 +0000</pubDate>
      
      <guid>http://doc.lyr-2000.xyz/post/09.%E5%89%8D%E7%AB%AF/03.%E6%8A%80%E6%9C%AF/03.nodejs/01.nodejs%E9%80%92%E5%BD%92%E8%AF%BB%E5%8F%96%E6%89%80%E6%9C%89%E6%96%87%E4%BB%B6/</guid>
      <description>nodejs递归读取所有文件 1 2 3 4 5 6 7 8 9 10 11 12 13 14 15 16 17 18 19 20 21 var fs = require(&amp;#39;fs&amp;#39;); var path = require(&amp;#39;path&amp;#39;); function readFileList(dir, filesList = []) { const files = fs.readdirSync(dir); console.log(files); files.forEach((item, index) =&amp;gt; { var fullPath = path.join(dir, item); const stat = fs.statSync(fullPath); if (stat.isDirectory()) {</description>
    </item>
    
    <item>
      <title>GitHub高级搜索技巧</title>
      <link>http://doc.lyr-2000.xyz/post/09.%E5%89%8D%E7%AB%AF/03.%E6%8A%80%E6%9C%AF/02.github%E6%8A%80%E5%B7%A7/01.github%E9%AB%98%E7%BA%A7%E6%90%9C%E7%B4%A2%E6%8A%80%E5%B7%A7/</link>
      <pubDate>Wed, 25 Dec 2019 14:27:01 +0000</pubDate>
      
      <guid>http://doc.lyr-2000.xyz/post/09.%E5%89%8D%E7%AB%AF/03.%E6%8A%80%E6%9C%AF/02.github%E6%8A%80%E5%B7%A7/01.github%E9%AB%98%E7%BA%A7%E6%90%9C%E7%B4%A2%E6%8A%80%E5%B7%A7/</guid>
      <description>GitHub高级搜索技巧 in:name &amp;lt;关键字&amp;gt; 仓库名称带关键字查询 in:description &amp;lt;关键字&amp;gt; 仓库描述带关键字查询 in:readme &amp;lt;关键字&amp;gt; RE</description>
    </item>
    
    <item>
      <title>Git使用手册</title>
      <link>http://doc.lyr-2000.xyz/post/09.%E5%89%8D%E7%AB%AF/03.%E6%8A%80%E6%9C%AF/01.%E6%8A%80%E6%9C%AF%E6%96%87%E6%A1%A3/01.git%E4%BD%BF%E7%94%A8%E6%89%8B%E5%86%8C/</link>
      <pubDate>Wed, 25 Dec 2019 14:27:01 +0000</pubDate>
      
      <guid>http://doc.lyr-2000.xyz/post/09.%E5%89%8D%E7%AB%AF/03.%E6%8A%80%E6%9C%AF/01.%E6%8A%80%E6%9C%AF%E6%96%87%E6%A1%A3/01.git%E4%BD%BF%E7%94%A8%E6%89%8B%E5%86%8C/</guid>
      <description>Git使用手册 安装 官网下载：https://git-scm.com/downloads 下载完成后使用默认进行安装。 安装完成后，在开始菜单里找</description>
    </item>
    
    <item>
      <title>Markdown使用教程</title>
      <link>http://doc.lyr-2000.xyz/post/09.%E5%89%8D%E7%AB%AF/03.%E6%8A%80%E6%9C%AF/01.%E6%8A%80%E6%9C%AF%E6%96%87%E6%A1%A3/02.markdown%E4%BD%BF%E7%94%A8%E6%95%99%E7%A8%8B/</link>
      <pubDate>Wed, 25 Dec 2019 14:27:01 +0000</pubDate>
      
      <guid>http://doc.lyr-2000.xyz/post/09.%E5%89%8D%E7%AB%AF/03.%E6%8A%80%E6%9C%AF/01.%E6%8A%80%E6%9C%AF%E6%96%87%E6%A1%A3/02.markdown%E4%BD%BF%E7%94%A8%E6%95%99%E7%A8%8B/</guid>
      <description>Markdown使用教程 一、Markdown 简介 Markdown 是一种轻量级标记语言，它允许人们使用易读易写的纯文本格式编写文档。 应用 当前许多网站都广泛使</description>
    </item>
    
    <item>
      <title>npm常用命令</title>
      <link>http://doc.lyr-2000.xyz/post/09.%E5%89%8D%E7%AB%AF/03.%E6%8A%80%E6%9C%AF/01.%E6%8A%80%E6%9C%AF%E6%96%87%E6%A1%A3/03.npm%E5%B8%B8%E7%94%A8%E5%91%BD%E4%BB%A4/</link>
      <pubDate>Wed, 25 Dec 2019 14:27:01 +0000</pubDate>
      
      <guid>http://doc.lyr-2000.xyz/post/09.%E5%89%8D%E7%AB%AF/03.%E6%8A%80%E6%9C%AF/01.%E6%8A%80%E6%9C%AF%E6%96%87%E6%A1%A3/03.npm%E5%B8%B8%E7%94%A8%E5%91%BD%E4%BB%A4/</guid>
      <description>npm常用命令 简介 npm是跟随node一起安装的包（模块）管理器。常见的使用场景有以下几种： 允许用户从npm服务器下载别人编写的第三方包到本</description>
    </item>
    
    <item>
      <title>yaml语言教程</title>
      <link>http://doc.lyr-2000.xyz/post/09.%E5%89%8D%E7%AB%AF/03.%E6%8A%80%E6%9C%AF/01.%E6%8A%80%E6%9C%AF%E6%96%87%E6%A1%A3/15.yaml%E8%AF%AD%E8%A8%80%E6%95%99%E7%A8%8B/</link>
      <pubDate>Wed, 25 Dec 2019 14:27:01 +0000</pubDate>
      
      <guid>http://doc.lyr-2000.xyz/post/09.%E5%89%8D%E7%AB%AF/03.%E6%8A%80%E6%9C%AF/01.%E6%8A%80%E6%9C%AF%E6%96%87%E6%A1%A3/15.yaml%E8%AF%AD%E8%A8%80%E6%95%99%E7%A8%8B/</guid>
      <description>yaml语言教程 简介 YAML 是 &amp;ldquo;YAML Ain&amp;rsquo;t a Markup Language&amp;rdquo;（YAML 不是一种标记语言）的递归缩写。在开发的这种语言时，YAML 的意思其实</description>
    </item>
    
    <item>
      <title>使用Gitalk实现静态博客无后台评论系统</title>
      <link>http://doc.lyr-2000.xyz/post/09.%E5%89%8D%E7%AB%AF/03.%E6%8A%80%E6%9C%AF/04.%E5%8D%9A%E5%AE%A2%E6%90%AD%E5%BB%BA/02.%E4%BD%BF%E7%94%A8gitalk%E5%AE%9E%E7%8E%B0%E9%9D%99%E6%80%81%E5%8D%9A%E5%AE%A2%E6%97%A0%E5%90%8E%E5%8F%B0%E8%AF%84%E8%AE%BA%E7%B3%BB%E7%BB%9F/</link>
      <pubDate>Wed, 25 Dec 2019 14:27:01 +0000</pubDate>
      
      <guid>http://doc.lyr-2000.xyz/post/09.%E5%89%8D%E7%AB%AF/03.%E6%8A%80%E6%9C%AF/04.%E5%8D%9A%E5%AE%A2%E6%90%AD%E5%BB%BA/02.%E4%BD%BF%E7%94%A8gitalk%E5%AE%9E%E7%8E%B0%E9%9D%99%E6%80%81%E5%8D%9A%E5%AE%A2%E6%97%A0%E5%90%8E%E5%8F%B0%E8%AF%84%E8%AE%BA%E7%B3%BB%E7%BB%9F/</guid>
      <description>使用Gitalk实现静态博客无后台评论系统 前言 Gitalk，一个基于 Github Issue 和 Preact 开发的评论插件。 下面我们来用它在vuepress搭建的博客中搭建</description>
    </item>
    
    <item>
      <title>解决百度无法收录搭建在GitHub上的个人博客的问题</title>
      <link>http://doc.lyr-2000.xyz/post/09.%E5%89%8D%E7%AB%AF/03.%E6%8A%80%E6%9C%AF/04.%E5%8D%9A%E5%AE%A2%E6%90%AD%E5%BB%BA/01.%E8%A7%A3%E5%86%B3%E7%99%BE%E5%BA%A6%E6%97%A0%E6%B3%95%E6%94%B6%E5%BD%95%E6%90%AD%E5%BB%BA%E5%9C%A8github%E4%B8%8A%E7%9A%84%E4%B8%AA%E4%BA%BA%E5%8D%9A%E5%AE%A2%E7%9A%84%E9%97%AE%E9%A2%98/</link>
      <pubDate>Wed, 25 Dec 2019 14:27:01 +0000</pubDate>
      
      <guid>http://doc.lyr-2000.xyz/post/09.%E5%89%8D%E7%AB%AF/03.%E6%8A%80%E6%9C%AF/04.%E5%8D%9A%E5%AE%A2%E6%90%AD%E5%BB%BA/01.%E8%A7%A3%E5%86%B3%E7%99%BE%E5%BA%A6%E6%97%A0%E6%B3%95%E6%94%B6%E5%BD%95%E6%90%AD%E5%BB%BA%E5%9C%A8github%E4%B8%8A%E7%9A%84%E4%B8%AA%E4%BA%BA%E5%8D%9A%E5%AE%A2%E7%9A%84%E9%97%AE%E9%A2%98/</guid>
      <description>解决百度无法收录搭建在GitHub上的静态博客的问题 ::: warning 如果你正在寻找本博客的搭建文档，博主建议您查看这个仓库的README。 ::: 背景 由于Gi</description>
    </item>
    
  </channel>
</rss>
