<?xml version="1.0" encoding="utf-8" standalone="yes"?>
<rss version="2.0" xmlns:atom="http://www.w3.org/2005/Atom">
  <channel>
    <title>GitHub技巧 on Even - A super concise theme for Hugo</title>
    <link>http://doc.lyr-2000.xyz/categories/github%E6%8A%80%E5%B7%A7/</link>
    <description>Recent content in GitHub技巧 on Even - A super concise theme for Hugo</description>
    <generator>Hugo -- gohugo.io</generator>
    <language>en</language>
    <copyright>lyr</copyright>
    <lastBuildDate>Mon, 09 Mar 2020 10:28:09 +0000</lastBuildDate><atom:link href="http://doc.lyr-2000.xyz/categories/github%E6%8A%80%E5%B7%A7/index.xml" rel="self" type="application/rss+xml" />
    <item>
      <title>GitHub加速下载项目的方法</title>
      <link>http://doc.lyr-2000.xyz/post/09.%E5%89%8D%E7%AB%AF/03.%E6%8A%80%E6%9C%AF/02.github%E6%8A%80%E5%B7%A7/10.github%E5%8A%A0%E9%80%9F%E4%B8%8B%E8%BD%BD%E9%A1%B9%E7%9B%AE%E7%9A%84%E6%96%B9%E6%B3%95/</link>
      <pubDate>Mon, 09 Mar 2020 10:28:09 +0000</pubDate>
      
      <guid>http://doc.lyr-2000.xyz/post/09.%E5%89%8D%E7%AB%AF/03.%E6%8A%80%E6%9C%AF/02.github%E6%8A%80%E5%B7%A7/10.github%E5%8A%A0%E9%80%9F%E4%B8%8B%E8%BD%BD%E9%A1%B9%E7%9B%AE%E7%9A%84%E6%96%B9%E6%B3%95/</guid>
      <description>GitHub加速下载项目的方法 国内在github上克隆项目总是异常的慢，据我多次克隆观察，下载速度最快就20k/s左右，特别是在克隆比较大的</description>
    </item>
    
    <item>
      <title>GitHub Actions 定时运行代码：每天定时百度链接推送</title>
      <link>http://doc.lyr-2000.xyz/post/09.%E5%89%8D%E7%AB%AF/03.%E6%8A%80%E6%9C%AF/02.github%E6%8A%80%E5%B7%A7/03.github-actions-%E5%AE%9A%E6%97%B6%E8%BF%90%E8%A1%8C%E4%BB%A3%E7%A0%81%E6%AF%8F%E5%A4%A9%E5%AE%9A%E6%97%B6%E7%99%BE%E5%BA%A6%E9%93%BE%E6%8E%A5%E6%8E%A8%E9%80%81/</link>
      <pubDate>Mon, 30 Dec 2019 21:23:00 +0000</pubDate>
      
      <guid>http://doc.lyr-2000.xyz/post/09.%E5%89%8D%E7%AB%AF/03.%E6%8A%80%E6%9C%AF/02.github%E6%8A%80%E5%B7%A7/03.github-actions-%E5%AE%9A%E6%97%B6%E8%BF%90%E8%A1%8C%E4%BB%A3%E7%A0%81%E6%AF%8F%E5%A4%A9%E5%AE%9A%E6%97%B6%E7%99%BE%E5%BA%A6%E9%93%BE%E6%8E%A5%E6%8E%A8%E9%80%81/</guid>
      <description>GitHub Actions 定时运行代码：每天定时百度链接推送 博客上线已经有些日子了，却发现百度迟迟没有收录我的博客页面，在百度推送工具当中除了有自动推送的代码嵌入</description>
    </item>
    
    <item>
      <title>GitHub Actions 实现自动部署静态博客</title>
      <link>http://doc.lyr-2000.xyz/post/09.%E5%89%8D%E7%AB%AF/03.%E6%8A%80%E6%9C%AF/02.github%E6%8A%80%E5%B7%A7/02.github-actions-%E5%AE%9E%E7%8E%B0%E8%87%AA%E5%8A%A8%E9%83%A8%E7%BD%B2%E9%9D%99%E6%80%81%E5%8D%9A%E5%AE%A2/</link>
      <pubDate>Fri, 27 Dec 2019 11:44:41 +0000</pubDate>
      
      <guid>http://doc.lyr-2000.xyz/post/09.%E5%89%8D%E7%AB%AF/03.%E6%8A%80%E6%9C%AF/02.github%E6%8A%80%E5%B7%A7/02.github-actions-%E5%AE%9E%E7%8E%B0%E8%87%AA%E5%8A%A8%E9%83%A8%E7%BD%B2%E9%9D%99%E6%80%81%E5%8D%9A%E5%AE%A2/</guid>
      <description>GitHub Actions 实现自动部署静态博客 前言 我使用vuepress搭建了一个静态博客，挂在了Github pages和Coding pages上面。 coding pages</description>
    </item>
    
    <item>
      <title>GitHub高级搜索技巧</title>
      <link>http://doc.lyr-2000.xyz/post/09.%E5%89%8D%E7%AB%AF/03.%E6%8A%80%E6%9C%AF/02.github%E6%8A%80%E5%B7%A7/01.github%E9%AB%98%E7%BA%A7%E6%90%9C%E7%B4%A2%E6%8A%80%E5%B7%A7/</link>
      <pubDate>Wed, 25 Dec 2019 14:27:01 +0000</pubDate>
      
      <guid>http://doc.lyr-2000.xyz/post/09.%E5%89%8D%E7%AB%AF/03.%E6%8A%80%E6%9C%AF/02.github%E6%8A%80%E5%B7%A7/01.github%E9%AB%98%E7%BA%A7%E6%90%9C%E7%B4%A2%E6%8A%80%E5%B7%A7/</guid>
      <description>GitHub高级搜索技巧 in:name &amp;lt;关键字&amp;gt; 仓库名称带关键字查询 in:description &amp;lt;关键字&amp;gt; 仓库描述带关键字查询 in:readme &amp;lt;关键字&amp;gt; RE</description>
    </item>
    
  </channel>
</rss>
